{"level":30,"time":1778011667688,"pid":22368,"hostname":"Innocentius","url":"http://localhost:3000/api/stations/all","method":"GET","msg":"API success","duration":2,"query":{}}
{"level":30,"time":1778011669212,"pid":22368,"hostname":"Innocentius","url":"http://localhost:3000/api/measurements/new","method":"GET","msg":"API success","duration":0,"query":{}}
{"level":30,"time":1778011672448,"pid":22368,"hostname":"Innocentius","url":"http://localhost:3000/api/measurements/new","method":"GET","msg":"API success","duration":4,"query":{}}
{"level":30,"time":1778011672450,"pid":22368,"hostname":"Innocentius","url":"http://localhost:3000/api/measurements/new","method":"GET","msg":"API success","duration":2,"query":{}}
{"level":30,"time":1778011672471,"pid":22368,"hostname":"Innocentius","url":"http://localhost:3000/api/analytics","method":"POST","msg":"analytics event","event":"page_view","sessionId":"f42a4256-278f-48f5-89ee-0ad59fa9d88f"}
{"level":30,"time":1778011672471,"pid":22368,"hostname":"Innocentius","url":"http://localhost:3000/api/analytics","method":"POST","msg":"API success","duration":26,"query":{}}
{"level":30,"time":1778011674252,"pid":22368,"hostname":"Innocentius","url":"http://localhost:3000/api/analytics","method":"POST","msg":"analytics event","event":"session_end","sessionId":"f42a4256-278f-48f5-89ee-0ad59fa9d88f"}
{"level":30,"time":1778011674252,"pid":22368,"hostname":"Innocentius","url":"http://localhost:3000/api/analytics","method":"POST","msg":"API success","duration":2,"query":{}}
{"level":30,"time":1778011693745,"pid":22368,"hostname":"Innocentius","url":"http://localhost:3000/api/analytics","method":"POST","msg":"analytics event","event":"map_zoom_changed","sessionId":"f42a4256-278f-48f5-89ee-0ad59fa9d88f"}
{"level":30,"time":1778011693745,"pid":22368,"hostname":"Innocentius","url":"http://localhost:3000/api/analytics","method":"POST","msg":"API success","duration":2,"query":{}}
{"level":30,"time":1778011694115,"pid":22368,"hostname":"Innocentius","url":"http://localhost:3000/api/analytics","method":"POST","msg":"analytics event","event":"map_zoom_changed","sessionId":"f42a4256-278f-48f5-89ee-0ad59fa9d88f"}
{"level":30,"time":1778011694115,"pid":22368,"hostname":"Innocentius","url":"http://localhost:3000/api/analytics","method":"POST","msg":"API success","duration":1,"query":{}}
{"level":30,"time":1778011694936,"pid":22368,"hostname":"Innocentius","url":"http://localhost:3000/api/analytics","method":"POST","msg":"analytics event","event":"session_end","sessionId":"f42a4256-278f-48f5-89ee-0ad59fa9d88f"}
{"level":30,"time":1778011694936,"pid":22368,"hostname":"Innocentius","url":"http://localhost:3000/api/analytics","method":"POST","msg":"API success","duration":1,"query":{}}
{"level":30,"time":1778011720318,"pid":22368,"hostname":"Innocentius","url":"http://localhost:3000/api/stations?page=1","method":"GET","msg":"API success","duration":1,"query":{"page":"1"}}
{"level":30,"time":1778011720386,"pid":22368,"hostname":"Innocentius","url":"http://localhost:3000/api/measurements/new","method":"GET","msg":"API success","duration":0,"query":{}}
{"level":30,"time":1778011720665,"pid":22368,"hostname":"Innocentius","url":"http://localhost:3000/api/analytics","method":"POST","msg":"analytics event","event":"page_view","sessionId":"f42a4256-278f-48f5-89ee-0ad59fa9d88f"}
{"level":30,"time":1778011720665,"pid":22368,"hostname":"Innocentius","url":"http://localhost:3000/api/analytics","method":"POST","msg":"API success","duration":2,"query":{}}
{"level":30,"time":1778011726667,"pid":22368,"hostname":"Innocentius","url":"http://localhost:3000/api/stations/1","method":"GET","msg":"API success","duration":1,"query":{}}
{"level":30,"time":1778011727444,"pid":22368,"hostname":"Innocentius","url":"http://localhost:3000/api/analytics","method":"POST","msg":"analytics event","event":"page_view","sessionId":"f42a4256-278f-48f5-89ee-0ad59fa9d88f"}
{"level":30,"time":1778011727444,"pid":22368,"hostname":"Innocentius","url":"http://localhost:3000/api/analytics","method":"POST","msg":"analytics event","event":"station_detail_viewed","sessionId":"f42a4256-278f-48f5-89ee-0ad59fa9d88f"}
{"level":30,"time":1778011727444,"pid":22368,"hostname":"Innocentius","url":"http://localhost:3000/api/analytics","method":"POST","msg":"analytics event","event":"station_detail_viewed","sessionId":"f42a4256-278f-48f5-89ee-0ad59fa9d88f"}
{"level":30,"time":1778011727444,"pid":22368,"hostname":"Innocentius","url":"http://localhost:3000/api/analytics","method":"POST","msg":"API success","duration":5,"query":{}}
{"level":30,"time":1778011727445,"pid":22368,"hostname":"Innocentius","url":"http://localhost:3000/api/analytics","method":"POST","msg":"API success","duration":4,"query":{}}
{"level":30,"time":1778011727445,"pid":22368,"hostname":"Innocentius","url":"http://localhost:3000/api/analytics","method":"POST","msg":"API success","duration":3,"query":{}}
{"level":30,"time":1778011729184,"pid":22368,"hostname":"Innocentius","url":"http://localhost:3000/api/measurements?stationId=1","method":"GET","msg":"API success","duration":0,"query":{"stationId":"1"}}
{"level":30,"time":1778011729232,"pid":22368,"hostname":"Innocentius","url":"http://localhost:3000/api/measurements?stationId=1","method":"GET","msg":"API success","duration":0,"query":{"stationId":"1"}}
{"level":30,"time":1778011729937,"pid":22368,"hostname":"Innocentius","url":"http://localhost:3000/api/analytics","method":"POST","msg":"analytics event","event":"session_end","sessionId":"f42a4256-278f-48f5-89ee-0ad59fa9d88f"}
{"level":30,"time":1778011729937,"pid":22368,"hostname":"Innocentius","url":"http://localhost:3000/api/analytics","method":"POST","msg":"API success","duration":1,"query":{}}
{"level":30,"time":1778011738854,"pid":22368,"hostname":"Innocentius","url":"http://localhost:3000/api/analytics","method":"POST","msg":"analytics event","event":"data_exported","sessionId":"f42a4256-278f-48f5-89ee-0ad59fa9d88f"}
{"level":30,"time":1778011738854,"pid":22368,"hostname":"Innocentius","url":"http://localhost:3000/api/analytics","method":"POST","msg":"API success","duration":1,"query":{}}
{"level":30,"time":1778011739186,"pid":22368,"hostname":"Innocentius","url":"http://localhost:3000/api/analytics","method":"POST","msg":"analytics event","event":"session_end","sessionId":"f42a4256-278f-48f5-89ee-0ad59fa9d88f"}
{"level":30,"time":1778011739186,"pid":22368,"hostname":"Innocentius","url":"http://localhost:3000/api/analytics","method":"POST","msg":"API success","duration":2,"query":{}}
{"level":30,"time":1778011754397,"pid":22368,"hostname":"Innocentius","url":"http://localhost:3000/api/analytics","method":"POST","msg":"analytics event","event":"chart_filter_toggled","sessionId":"f42a4256-278f-48f5-89ee-0ad59fa9d88f"}
{"level":30,"time":1778011754397,"pid":22368,"hostname":"Innocentius","url":"http://localhost:3000/api/analytics","method":"POST","msg":"analytics event","event":"chart_filter_toggled","sessionId":"f42a4256-278f-48f5-89ee-0ad59fa9d88f"}
{"level":30,"time":1778011754397,"pid":22368,"hostname":"Innocentius","url":"http://localhost:3000/api/analytics","method":"POST","msg":"API success","duration":2,"query":{}}
{"level":30,"time":1778011754397,"pid":22368,"hostname":"Innocentius","url":"http://localhost:3000/api/analytics","method":"POST","msg":"API success","duration":1,"query":{}}
{"level":30,"time":1778011754854,"pid":22368,"hostname":"Innocentius","url":"http://localhost:3000/api/analytics","method":"POST","msg":"analytics event","event":"chart_filter_toggled","sessionId":"f42a4256-278f-48f5-89ee-0ad59fa9d88f"}
{"level":30,"time":1778011754854,"pid":22368,"hostname":"Innocentius","url":"http://localhost:3000/api/analytics","method":"POST","msg":"analytics event","event":"chart_filter_toggled","sessionId":"f42a4256-278f-48f5-89ee-0ad59fa9d88f"}
{"level":30,"time":1778011754854,"pid":22368,"hostname":"Innocentius","url":"http://localhost:3000/api/analytics","method":"POST","msg":"API success","duration":2,"query":{}}
{"level":30,"time":1778011754855,"pid":22368,"hostname":"Innocentius","url":"http://localhost:3000/api/analytics","method":"POST","msg":"API success","duration":2,"query":{}}
{"level":30,"time":1778011755807,"pid":22368,"hostname":"Innocentius","url":"http://localhost:3000/api/analytics","method":"POST","msg":"analytics event","event":"session_end","sessionId":"f42a4256-278f-48f5-89ee-0ad59fa9d88f"}
{"level":30,"time":1778011755807,"pid":22368,"hostname":"Innocentius","url":"http://localhost:3000/api/analytics","method":"POST","msg":"API success","duration":1,"query":{}}
{"level":30,"time":1778011764333,"pid":22368,"hostname":"Innocentius","url":"http://localhost:3000/api/stations?page=1","method":"GET","msg":"API success","duration":1,"query":{"page":"1"}}
{"level":30,"time":1778011764367,"pid":22368,"hostname":"Innocentius","url":"http://localhost:3000/api/measurements/new","method":"GET","msg":"API success","duration":0,"query":{}}
{"level":30,"time":1778011764447,"pid":22368,"hostname":"Innocentius","url":"http://localhost:3000/api/analytics","method":"POST","msg":"analytics event","event":"page_view","sessionId":"f42a4256-278f-48f5-89ee-0ad59fa9d88f"}
{"level":30,"time":1778011764447,"pid":22368,"hostname":"Innocentius","url":"http://localhost:3000/api/analytics","method":"POST","msg":"API success","duration":1,"query":{}}
{"level":30,"time":1778011767222,"pid":22368,"hostname":"Innocentius","url":"http://localhost:3000/api/stations?page=555","method":"GET","msg":"API success","duration":0,"query":{"page":"555"}}
{"level":30,"time":1778011767250,"pid":22368,"hostname":"Innocentius","url":"http://localhost:3000/api/measurements/new","method":"GET","msg":"API success","duration":0,"query":{}}
{"level":30,"time":1778011767745,"pid":22368,"hostname":"Innocentius","url":"http://localhost:3000/api/analytics","method":"POST","msg":"analytics event","event":"session_end","sessionId":"f42a4256-278f-48f5-89ee-0ad59fa9d88f"}
{"level":30,"time":1778011767745,"pid":22368,"hostname":"Innocentius","url":"http://localhost:3000/api/analytics","method":"POST","msg":"API success","duration":1,"query":{}}
{"level":30,"time":1778011768951,"pid":22368,"hostname":"Innocentius","url":"http://localhost:3000/api/analytics","method":"POST","msg":"analytics event","event":"page_load_timing","sessionId":"f42a4256-278f-48f5-89ee-0ad59fa9d88f"}
{"level":30,"time":1778011768951,"pid":22368,"hostname":"Innocentius","url":"http://localhost:3000/api/analytics","method":"POST","msg":"analytics event","event":"page_view","sessionId":"f42a4256-278f-48f5-89ee-0ad59fa9d88f"}
{"level":30,"time":1778011768951,"pid":22368,"hostname":"Innocentius","url":"http://localhost:3000/api/analytics","method":"POST","msg":"API success","duration":2,"query":{}}
{"level":30,"time":1778011768952,"pid":22368,"hostname":"Innocentius","url":"http://localhost:3000/api/analytics","method":"POST","msg":"API success","duration":2,"query":{}}
{"level":30,"time":1778011772478,"pid":22368,"hostname":"Innocentius","url":"http://localhost:3000/api/analytics","method":"POST","msg":"analytics event","event":"session_end","sessionId":"f42a4256-278f-48f5-89ee-0ad59fa9d88f"}
{"level":30,"time":1778011772478,"pid":22368,"hostname":"Innocentius","url":"http://localhost:3000/api/analytics","method":"POST","msg":"API success","duration":0,"query":{}}
{"level":30,"time":1778011775590,"pid":22368,"hostname":"Innocentius","url":"http://localhost:3000/api/stations?page=555","method":"GET","msg":"API success","duration":0,"query":{"page":"555"}}
{"level":30,"time":1778011775620,"pid":22368,"hostname":"Innocentius","url":"http://localhost:3000/api/measurements/new","method":"GET","msg":"API success","duration":0,"query":{}}
{"level":30,"time":1778011775788,"pid":22368,"hostname":"Innocentius","url":"http://localhost:3000/api/analytics","method":"POST","msg":"analytics event","event":"session_end","sessionId":"f42a4256-278f-48f5-89ee-0ad59fa9d88f"}
{"level":30,"time":1778011775788,"pid":22368,"hostname":"Innocentius","url":"http://localhost:3000/api/analytics","method":"POST","msg":"API success","duration":1,"query":{}}
{"level":30,"time":1778011776944,"pid":22368,"hostname":"Innocentius","url":"http://localhost:3000/api/analytics","method":"POST","msg":"analytics event","event":"page_load_timing","sessionId":"f42a4256-278f-48f5-89ee-0ad59fa9d88f"}
{"level":30,"time":1778011776944,"pid":22368,"hostname":"Innocentius","url":"http://localhost:3000/api/analytics","method":"POST","msg":"analytics event","event":"page_view","sessionId":"f42a4256-278f-48f5-89ee-0ad59fa9d88f"}
{"level":30,"time":1778011776944,"pid":22368,"hostname":"Innocentius","url":"http://localhost:3000/api/analytics","method":"POST","msg":"API success","duration":3,"query":{}}
{"level":30,"time":1778011776944,"pid":22368,"hostname":"Innocentius","url":"http://localhost:3000/api/analytics","method":"POST","msg":"API success","duration":2,"query":{}}
{"level":30,"time":1778011779814,"pid":22368,"hostname":"Innocentius","url":"http://localhost:3000/api/analytics","method":"POST","msg":"analytics event","event":"session_end","sessionId":"f42a4256-278f-48f5-89ee-0ad59fa9d88f"}
{"level":30,"time":1778011779814,"pid":22368,"hostname":"Innocentius","url":"http://localhost:3000/api/analytics","method":"POST","msg":"API success","duration":1,"query":{}}
{"level":50,"time":1778011881966,"pid":22368,"hostname":"Innocentius","url":"http://localhost:3000/api/stations/67","method":"GET","msg":"API error","status":404,"duration":1,"error":"Station not found"}
{"level":30,"time":1778011882211,"pid":22368,"hostname":"Innocentius","url":"http://localhost:3000/api/analytics","method":"POST","msg":"analytics event","event":"session_end","sessionId":"f42a4256-278f-48f5-89ee-0ad59fa9d88f"}
{"level":30,"time":1778011882211,"pid":22368,"hostname":"Innocentius","url":"http://localhost:3000/api/analytics","method":"POST","msg":"API success","duration":3,"query":{}}
{"level":30,"time":1778011884387,"pid":22368,"hostname":"Innocentius","url":"http://localhost:3000/api/analytics","method":"POST","msg":"analytics event","event":"page_load_timing","sessionId":"f42a4256-278f-48f5-89ee-0ad59fa9d88f"}
{"level":30,"time":1778011884387,"pid":22368,"hostname":"Innocentius","url":"http://localhost:3000/api/analytics","method":"POST","msg":"analytics event","event":"page_view","sessionId":"f42a4256-278f-48f5-89ee-0ad59fa9d88f"}
{"level":30,"time":1778011884387,"pid":22368,"hostname":"Innocentius","url":"http://localhost:3000/api/analytics","method":"POST","msg":"API success","duration":1,"query":{}}
{"level":30,"time":1778011884388,"pid":22368,"hostname":"Innocentius","url":"http://localhost:3000/api/analytics","method":"POST","msg":"API success","duration":2,"query":{}}
{"level":50,"time":1778011884551,"pid":22368,"hostname":"Innocentius","url":"http://localhost:3000/api/stations/67","method":"GET","msg":"API error","status":404,"duration":1,"error":"Station not found"}
{"level":30,"time":1778011885109,"pid":22368,"hostname":"Innocentius","url":"http://localhost:3000/api/analytics","method":"POST","msg":"analytics event","event":"session_end","sessionId":"f42a4256-278f-48f5-89ee-0ad59fa9d88f"}
{"level":30,"time":1778011885109,"pid":22368,"hostname":"Innocentius","url":"http://localhost:3000/api/analytics","method":"POST","msg":"API success","duration":1,"query":{}}
{"level":50,"time":1778011886002,"pid":22368,"hostname":"Innocentius","url":"http://localhost:3000/api/stations/67","method":"GET","msg":"API error","status":404,"duration":1,"error":"Station not found"}
{"level":50,"time":1778011887208,"pid":22368,"hostname":"Innocentius","url":"http://localhost:3000/api/stations/67","method":"GET","msg":"API error","status":404,"duration":0,"error":"Station not found"}
{"level":50,"time":1778011888374,"pid":22368,"hostname":"Innocentius","url":"http://localhost:3000/api/stations/67","method":"GET","msg":"API error","status":404,"duration":1,"error":"Station not found"}
{"level":50,"time":1778011889579,"pid":22368,"hostname":"Innocentius","url":"http://localhost:3000/api/stations/67","method":"GET","msg":"API error","status":404,"duration":0,"error":"Station not found"}
{"level":50,"time":1778011890762,"pid":22368,"hostname":"Innocentius","url":"http://localhost:3000/api/stations/67","method":"GET","msg":"API error","status":404,"duration":0,"error":"Station not found"}
{"level":50,"time":1778011892273,"pid":22368,"hostname":"Innocentius","url":"http://localhost:3000/api/stations/67","method":"GET","msg":"API error","status":404,"duration":0,"error":"Station not found"}
{"level":50,"time":1778011894885,"pid":22368,"hostname":"Innocentius","url":"http://localhost:3000/api/stations/67","method":"GET","msg":"API error","status":404,"duration":1,"error":"Station not found"}
{"level":30,"time":1778011895620,"pid":22368,"hostname":"Innocentius","url":"http://localhost:3000/api/stations/2","method":"GET","msg":"API success","duration":0,"query":{}}
{"level":30,"time":1778011895969,"pid":22368,"hostname":"Innocentius","url":"http://localhost:3000/api/analytics","method":"POST","msg":"analytics event","event":"session_end","sessionId":"f42a4256-278f-48f5-89ee-0ad59fa9d88f"}
{"level":30,"time":1778011895969,"pid":22368,"hostname":"Innocentius","url":"http://localhost:3000/api/analytics","method":"POST","msg":"API success","duration":1,"query":{}}
{"level":30,"time":1778011897786,"pid":22368,"hostname":"Innocentius","url":"http://localhost:3000/api/analytics","method":"POST","msg":"analytics event","event":"page_load_timing","sessionId":"f42a4256-278f-48f5-89ee-0ad59fa9d88f"}
{"level":30,"time":1778011897786,"pid":22368,"hostname":"Innocentius","url":"http://localhost:3000/api/analytics","method":"POST","msg":"analytics event","event":"page_view","sessionId":"f42a4256-278f-48f5-89ee-0ad59fa9d88f"}
{"level":30,"time":1778011897786,"pid":22368,"hostname":"Innocentius","url":"http://localhost:3000/api/analytics","method":"POST","msg":"analytics event","event":"station_detail_viewed","sessionId":"f42a4256-278f-48f5-89ee-0ad59fa9d88f"}
{"level":30,"time":1778011897786,"pid":22368,"hostname":"Innocentius","url":"http://localhost:3000/api/analytics","method":"POST","msg":"API success","duration":46,"query":{}}
{"level":30,"time":1778011897802,"pid":22368,"hostname":"Innocentius","url":"http://localhost:3000/api/analytics","method":"POST","msg":"API success","duration":61,"query":{}}
{"level":30,"time":1778011897818,"pid":22368,"hostname":"Innocentius","url":"http://localhost:3000/api/analytics","method":"POST","msg":"API success","duration":70,"query":{}}
{"level":30,"time":1778011897931,"pid":22368,"hostname":"Innocentius","url":"http://localhost:3000/api/measurements?stationId=2","method":"GET","msg":"API success","duration":1,"query":{"stationId":"2"}}
{"level":30,"time":1778011898929,"pid":22368,"hostname":"Innocentius","url":"http://localhost:3000/api/analytics","method":"POST","msg":"analytics event","event":"session_end","sessionId":"f42a4256-278f-48f5-89ee-0ad59fa9d88f"}
{"level":30,"time":1778011898929,"pid":22368,"hostname":"Innocentius","url":"http://localhost:3000/api/analytics","method":"POST","msg":"API success","duration":3,"query":{}}
{"level":30,"time":1778011916426,"pid":22368,"hostname":"Innocentius","url":"http://localhost:3000/api/analytics","method":"POST","msg":"analytics event","event":"session_end","sessionId":"f42a4256-278f-48f5-89ee-0ad59fa9d88f"}
{"level":30,"time":1778011916426,"pid":22368,"hostname":"Innocentius","url":"http://localhost:3000/api/analytics","method":"POST","msg":"API success","duration":1,"query":{}}
{"level":30,"time":1778011923670,"pid":22368,"hostname":"Innocentius","url":"http://localhost:3000/api/stations/all","method":"GET","msg":"API success","duration":0,"query":{}}
{"level":30,"time":1778011923757,"pid":22368,"hostname":"Innocentius","url":"http://localhost:3000/api/analytics","method":"POST","msg":"analytics event","event":"session_end","sessionId":"f42a4256-278f-48f5-89ee-0ad59fa9d88f"}
{"level":30,"time":1778011923757,"pid":22368,"hostname":"Innocentius","url":"http://localhost:3000/api/analytics","method":"POST","msg":"API success","duration":1,"query":{}}
{"level":30,"time":1778011924398,"pid":22368,"hostname":"Innocentius","url":"http://localhost:3000/api/measurements/new","method":"GET","msg":"API success","duration":0,"query":{}}
{"level":30,"time":1778011924803,"pid":22368,"hostname":"Innocentius","url":"http://localhost:3000/api/analytics","method":"POST","msg":"analytics event","event":"page_view","sessionId":"f42a4256-278f-48f5-89ee-0ad59fa9d88f"}
{"level":30,"time":1778011924803,"pid":22368,"hostname":"Innocentius","url":"http://localhost:3000/api/analytics","method":"POST","msg":"API success","duration":1,"query":{}}
{"level":30,"time":1778011925864,"pid":22368,"hostname":"Innocentius","url":"http://localhost:3000/api/measurements/new","method":"GET","msg":"API success","duration":0,"query":{}}
{"level":30,"time":1778011925865,"pid":22368,"hostname":"Innocentius","url":"http://localhost:3000/api/measurements/new","method":"GET","msg":"API success","duration":1,"query":{}}
{"level":30,"time":1778012158771,"pid":22368,"hostname":"Innocentius","url":"http://localhost:3000/api/analytics","method":"POST","msg":"analytics event","event":"session_end","sessionId":"f42a4256-278f-48f5-89ee-0ad59fa9d88f"}
{"level":30,"time":1778012158771,"pid":22368,"hostname":"Innocentius","url":"http://localhost:3000/api/analytics","method":"POST","msg":"API success","duration":1,"query":{}}
{"level":30,"time":1778012881479,"pid":22368,"hostname":"Innocentius","url":"http://localhost:3000/api/analytics","method":"POST","msg":"analytics event","event":"session_end","sessionId":"f42a4256-278f-48f5-89ee-0ad59fa9d88f"}
{"level":30,"time":1778012881479,"pid":22368,"hostname":"Innocentius","url":"http://localhost:3000/api/analytics","method":"POST","msg":"API success","duration":4,"query":{}}
{"level":30,"time":1778012899942,"pid":22368,"hostname":"Innocentius","url":"http://localhost:3000/api/stations?page=1","method":"GET","msg":"API success","duration":2,"query":{"page":"1"}}
{"level":30,"time":1778012899951,"pid":22368,"hostname":"Innocentius","url":"http://localhost:3000/api/analytics","method":"POST","msg":"analytics event","event":"session_end","sessionId":"f42a4256-278f-48f5-89ee-0ad59fa9d88f"}
{"level":30,"time":1778012899951,"pid":22368,"hostname":"Innocentius","url":"http://localhost:3000/api/analytics","method":"POST","msg":"API success","duration":10,"query":{}}
{"level":30,"time":1778012900804,"pid":22368,"hostname":"Innocentius","url":"http://localhost:3000/api/measurements/new","method":"GET","msg":"API success","duration":0,"query":{}}
{"level":30,"time":1778012901132,"pid":22368,"hostname":"Innocentius","url":"http://localhost:3000/api/analytics","method":"POST","msg":"analytics event","event":"page_view","sessionId":"f42a4256-278f-48f5-89ee-0ad59fa9d88f"}
{"level":30,"time":1778012901132,"pid":22368,"hostname":"Innocentius","url":"http://localhost:3000/api/analytics","method":"POST","msg":"API success","duration":1,"query":{}}
{"level":30,"time":1778013157922,"pid":22368,"hostname":"Innocentius","url":"http://localhost:3000/api/stations?page=2","method":"GET","msg":"API success","duration":2,"query":{"page":"2"}}
{"level":30,"time":1778013159290,"pid":22368,"hostname":"Innocentius","url":"http://localhost:3000/api/measurements/new","method":"GET","msg":"API success","duration":1,"query":{}}
{"level":30,"time":1778013160279,"pid":22368,"hostname":"Innocentius","url":"http://localhost:3000/api/analytics","method":"POST","msg":"analytics event","event":"session_end","sessionId":"f42a4256-278f-48f5-89ee-0ad59fa9d88f"}
{"level":30,"time":1778013160279,"pid":22368,"hostname":"Innocentius","url":"http://localhost:3000/api/analytics","method":"POST","msg":"API success","duration":7,"query":{}}
{"level":30,"time":1778013378993,"pid":22368,"hostname":"Innocentius","url":"http://localhost:3000/api/stations?page=1","method":"GET","msg":"API success","duration":1,"query":{"page":"1"}}
{"level":30,"time":1778013380773,"pid":22368,"hostname":"Innocentius","url":"http://localhost:3000/api/measurements/new","method":"GET","msg":"API success","duration":2,"query":{}}
{"level":30,"time":1778013384967,"pid":22368,"hostname":"Innocentius","url":"http://localhost:3000/api/stations/1","method":"GET","msg":"API success","duration":0,"query":{}}
{"level":30,"time":1778013388282,"pid":22368,"hostname":"Innocentius","url":"http://localhost:3000/api/measurements?stationId=1","method":"GET","msg":"API success","duration":1,"query":{"stationId":"1"}}
{"level":30,"time":1778013388293,"pid":22368,"hostname":"Innocentius","url":"http://localhost:3000/api/analytics","method":"POST","msg":"analytics event","event":"station_detail_viewed","sessionId":"f42a4256-278f-48f5-89ee-0ad59fa9d88f"}
{"level":30,"time":1778013388293,"pid":22368,"hostname":"Innocentius","url":"http://localhost:3000/api/analytics","method":"POST","msg":"analytics event","event":"station_detail_viewed","sessionId":"f42a4256-278f-48f5-89ee-0ad59fa9d88f"}
{"level":30,"time":1778013388293,"pid":22368,"hostname":"Innocentius","url":"http://localhost:3000/api/analytics","method":"POST","msg":"analytics event","event":"page_view","sessionId":"f42a4256-278f-48f5-89ee-0ad59fa9d88f"}
{"level":30,"time":1778013388293,"pid":22368,"hostname":"Innocentius","url":"http://localhost:3000/api/analytics","method":"POST","msg":"API success","duration":16,"query":{}}
{"level":30,"time":1778013388293,"pid":22368,"hostname":"Innocentius","url":"http://localhost:3000/api/analytics","method":"POST","msg":"API success","duration":14,"query":{}}
{"level":30,"time":1778013388293,"pid":22368,"hostname":"Innocentius","url":"http://localhost:3000/api/analytics","method":"POST","msg":"API success","duration":12,"query":{}}
{"level":30,"time":1778013388341,"pid":22368,"hostname":"Innocentius","url":"http://localhost:3000/api/measurements?stationId=1","method":"GET","msg":"API success","duration":1,"query":{"stationId":"1"}}
{"level":30,"time":1778013393066,"pid":22368,"hostname":"Innocentius","url":"http://localhost:3000/api/analytics","method":"POST","msg":"analytics event","event":"session_end","sessionId":"f42a4256-278f-48f5-89ee-0ad59fa9d88f"}
{"level":30,"time":1778013393067,"pid":22368,"hostname":"Innocentius","url":"http://localhost:3000/api/analytics","method":"POST","msg":"API success","duration":3,"query":{}}
{"level":30,"time":1778013420542,"pid":22368,"hostname":"Innocentius","url":"http://localhost:3000/api/analytics","method":"POST","msg":"analytics event","event":"session_end","sessionId":"f42a4256-278f-48f5-89ee-0ad59fa9d88f"}
{"level":30,"time":1778013420542,"pid":22368,"hostname":"Innocentius","url":"http://localhost:3000/api/analytics","method":"POST","msg":"API success","duration":1,"query":{}}
{"level":30,"time":1778013975097,"pid":22368,"hostname":"Innocentius","url":"http://localhost:3000/api/stations?page=1","method":"GET","msg":"API success","duration":1,"query":{"page":"1"}}
{"level":30,"time":1778013978809,"pid":22368,"hostname":"Innocentius","url":"http://localhost:3000/api/measurements/new","method":"GET","msg":"API success","duration":15,"query":{}}
{"level":30,"time":1778013978874,"pid":22368,"hostname":"Innocentius","url":"http://localhost:3000/api/analytics","method":"POST","msg":"analytics event","event":"page_view","sessionId":"f42a4256-278f-48f5-89ee-0ad59fa9d88f"}
{"level":30,"time":1778013978874,"pid":22368,"hostname":"Innocentius","url":"http://localhost:3000/api/analytics","method":"POST","msg":"API success","duration":87,"query":{}}
{"level":30,"time":1778013983109,"pid":22368,"hostname":"Innocentius","url":"http://localhost:3000/api/stations/all","method":"GET","msg":"API success","duration":1,"query":{}}
{"level":30,"time":1778013983248,"pid":22368,"hostname":"Innocentius","url":"http://localhost:3000/api/measurements/new","method":"GET","msg":"API success","duration":1,"query":{}}
{"level":30,"time":1778013983598,"pid":22368,"hostname":"Innocentius","url":"http://localhost:3000/api/analytics","method":"POST","msg":"analytics event","event":"page_view","sessionId":"f42a4256-278f-48f5-89ee-0ad59fa9d88f"}
{"level":30,"time":1778013983598,"pid":22368,"hostname":"Innocentius","url":"http://localhost:3000/api/analytics","method":"POST","msg":"API success","duration":3,"query":{}}
{"level":30,"time":1778013983625,"pid":22368,"hostname":"Innocentius","url":"http://localhost:3000/api/measurements/new","method":"GET","msg":"API success","duration":1,"query":{}}
{"level":30,"time":1778013983625,"pid":22368,"hostname":"Innocentius","url":"http://localhost:3000/api/measurements/new","method":"GET","msg":"API success","duration":1,"query":{}}
{"level":30,"time":1778013984820,"pid":22368,"hostname":"Innocentius","url":"http://localhost:3000/api/analytics","method":"POST","msg":"analytics event","event":"session_end","sessionId":"f42a4256-278f-48f5-89ee-0ad59fa9d88f"}
{"level":30,"time":1778013984820,"pid":22368,"hostname":"Innocentius","url":"http://localhost:3000/api/analytics","method":"POST","msg":"API success","duration":2,"query":{}}
{"level":30,"time":1778014064303,"pid":22368,"hostname":"Innocentius","url":"http://localhost:3000/api/analytics","method":"POST","msg":"analytics event","event":"map_zoom_changed","sessionId":"f42a4256-278f-48f5-89ee-0ad59fa9d88f"}
{"level":30,"time":1778014064304,"pid":22368,"hostname":"Innocentius","url":"http://localhost:3000/api/analytics","method":"POST","msg":"analytics event","event":"session_end","sessionId":"f42a4256-278f-48f5-89ee-0ad59fa9d88f"}
{"level":30,"time":1778014064305,"pid":22368,"hostname":"Innocentius","url":"http://localhost:3000/api/analytics","method":"POST","msg":"analytics event","event":"map_zoom_changed","sessionId":"f42a4256-278f-48f5-89ee-0ad59fa9d88f"}
{"level":30,"time":1778014064305,"pid":22368,"hostname":"Innocentius","url":"http://localhost:3000/api/analytics","method":"POST","msg":"API success","duration":14,"query":{}}
{"level":30,"time":1778014064306,"pid":22368,"hostname":"Innocentius","url":"http://localhost:3000/api/analytics","method":"POST","msg":"API success","duration":14,"query":{}}
{"level":30,"time":1778014064306,"pid":22368,"hostname":"Innocentius","url":"http://localhost:3000/api/analytics","method":"POST","msg":"API success","duration":13,"query":{}}
{"level":30,"time":1778014189366,"pid":22368,"hostname":"Innocentius","url":"http://localhost:3000/api/analytics","method":"POST","msg":"analytics event","event":"session_end","sessionId":"f42a4256-278f-48f5-89ee-0ad59fa9d88f"}
{"level":30,"time":1778014189366,"pid":22368,"hostname":"Innocentius","url":"http://localhost:3000/api/analytics","method":"POST","msg":"API success","duration":3,"query":{}}
{"level":30,"time":1778014687839,"pid":22368,"hostname":"Innocentius","url":"http://localhost:3000/api/stations?page=1","method":"GET","msg":"API success","duration":1,"query":{"page":"1"}}
{"level":30,"time":1778014690110,"pid":22368,"hostname":"Innocentius","url":"http://localhost:3000/api/measurements/new","method":"GET","msg":"API success","duration":0,"query":{}}
{"level":30,"time":1778014690117,"pid":22368,"hostname":"Innocentius","url":"http://localhost:3000/api/analytics","method":"POST","msg":"analytics event","event":"page_view","sessionId":"f42a4256-278f-48f5-89ee-0ad59fa9d88f"}
{"level":30,"time":1778014690117,"pid":22368,"hostname":"Innocentius","url":"http://localhost:3000/api/analytics","method":"POST","msg":"analytics event","event":"session_end","sessionId":"f42a4256-278f-48f5-89ee-0ad59fa9d88f"}
{"level":30,"time":1778014690117,"pid":22368,"hostname":"Innocentius","url":"http://localhost:3000/api/analytics","method":"POST","msg":"API success","duration":9,"query":{}}
{"level":30,"time":1778014690117,"pid":22368,"hostname":"Innocentius","url":"http://localhost:3000/api/analytics","method":"POST","msg":"API success","duration":8,"query":{}}
{"level":30,"time":1778014747210,"pid":22368,"hostname":"Innocentius","url":"http://localhost:3000/api/stations/all","method":"GET","msg":"API success","duration":1,"query":{}}
{"level":30,"time":1778014747279,"pid":22368,"hostname":"Innocentius","url":"http://localhost:3000/api/measurements/new","method":"GET","msg":"API success","duration":0,"query":{}}
{"level":30,"time":1778014747509,"pid":22368,"hostname":"Innocentius","url":"http://localhost:3000/api/analytics","method":"POST","msg":"analytics event","event":"session_end","sessionId":"f42a4256-278f-48f5-89ee-0ad59fa9d88f"}
{"level":30,"time":1778014747509,"pid":22368,"hostname":"Innocentius","url":"http://localhost:3000/api/analytics","method":"POST","msg":"API success","duration":3,"query":{}}
{"level":30,"time":1778014747609,"pid":22368,"hostname":"Innocentius","url":"http://localhost:3000/api/analytics","method":"POST","msg":"analytics event","event":"page_view","sessionId":"f42a4256-278f-48f5-89ee-0ad59fa9d88f"}
{"level":30,"time":1778014747609,"pid":22368,"hostname":"Innocentius","url":"http://localhost:3000/api/analytics","method":"POST","msg":"API success","duration":2,"query":{}}
{"level":30,"time":1778014747635,"pid":22368,"hostname":"Innocentius","url":"http://localhost:3000/api/measurements/new","method":"GET","msg":"API success","duration":1,"query":{}}
{"level":30,"time":1778014747635,"pid":22368,"hostname":"Innocentius","url":"http://localhost:3000/api/measurements/new","method":"GET","msg":"API success","duration":0,"query":{}}
{"level":30,"time":1778014771680,"pid":22368,"hostname":"Innocentius","url":"http://localhost:3000/api/analytics","method":"POST","msg":"analytics event","event":"session_end","sessionId":"f42a4256-278f-48f5-89ee-0ad59fa9d88f"}
{"level":30,"time":1778014771680,"pid":22368,"hostname":"Innocentius","url":"http://localhost:3000/api/analytics","method":"POST","msg":"API success","duration":2,"query":{}}
{"level":30,"time":1778014813563,"pid":22368,"hostname":"Innocentius","requestId":"b31b3020-3346-4240-af2d-eaec0f48ac22","url":"http://localhost:3000/api/stations/all","method":"GET","msg":"API success","duration":0,"query":{}}
{"level":30,"time":1778014813785,"pid":22368,"hostname":"Innocentius","requestId":"b8ec5766-cd96-489d-a216-125df94da78e","url":"http://localhost:3000/api/measurements/new","method":"GET","msg":"API success","duration":1,"query":{}}
{"level":30,"time":1778014814117,"pid":22368,"hostname":"Innocentius","requestId":"e499d7fc-74c5-4736-b29d-b9c35cffad66","url":"http://localhost:3000/api/stations/all","method":"GET","msg":"API success","duration":1,"query":{}}
{"level":30,"time":1778014814159,"pid":22368,"hostname":"Innocentius","requestId":"48e6f4da-0d7a-4cc2-b365-dc1ce7a02943","url":"http://localhost:3000/api/measurements/new","method":"GET","msg":"API success","duration":0,"query":{}}
{"level":30,"time":1778014815611,"pid":22368,"hostname":"Innocentius","requestId":"3c5a26ab-a25a-4cd7-a41a-4eec46e98cdd","url":"http://localhost:3000/api/analytics","method":"POST","msg":"analytics event","event":"page_load_timing","sessionId":"f42a4256-278f-48f5-89ee-0ad59fa9d88f"}
{"level":30,"time":1778014815612,"pid":22368,"hostname":"Innocentius","requestId":"5c9be20e-972d-4a13-89cb-55e1218aa067","url":"http://localhost:3000/api/analytics","method":"POST","msg":"analytics event","event":"page_view","sessionId":"f42a4256-278f-48f5-89ee-0ad59fa9d88f"}
{"level":30,"time":1778014815612,"pid":22368,"hostname":"Innocentius","requestId":"3c5a26ab-a25a-4cd7-a41a-4eec46e98cdd","url":"http://localhost:3000/api/analytics","method":"POST","msg":"API success","duration":4,"query":{}}
{"level":30,"time":1778014815612,"pid":22368,"hostname":"Innocentius","requestId":"5c9be20e-972d-4a13-89cb-55e1218aa067","url":"http://localhost:3000/api/analytics","method":"POST","msg":"API success","duration":3,"query":{}}
{"level":30,"time":1778014815807,"pid":22368,"hostname":"Innocentius","requestId":"567e48d0-ad13-49a0-9334-2b6e5ef02283","url":"http://localhost:3000/api/measurements/new","method":"GET","msg":"API success","duration":1,"query":{}}
{"level":30,"time":1778014815807,"pid":22368,"hostname":"Innocentius","requestId":"fecff2a2-b3e6-4a4c-93aa-31dd120eddaa","url":"http://localhost:3000/api/measurements/new","method":"GET","msg":"API success","duration":0,"query":{}}
{"level":30,"time":1778014868701,"pid":22368,"hostname":"Innocentius","requestId":"a22a5743-e47e-4ed8-b6e8-da829721ebde","url":"http://localhost:3000/api/stations/all","method":"GET","msg":"API success","duration":1,"query":{}}
{"level":30,"time":1778014868752,"pid":22368,"hostname":"Innocentius","requestId":"69a95f0c-76e8-4544-81fc-e534e869a179","url":"http://localhost:3000/api/measurements/new","method":"GET","msg":"API success","duration":0,"query":{}}
{"level":30,"time":1778014870320,"pid":22368,"hostname":"Innocentius","requestId":"de3373ad-7b0c-409b-a468-c9ae00acef3c","url":"http://localhost:3000/api/analytics","method":"POST","msg":"analytics event","event":"page_load_timing","sessionId":"f42a4256-278f-48f5-89ee-0ad59fa9d88f"}
{"level":30,"time":1778014870321,"pid":22368,"hostname":"Innocentius","requestId":"2117d704-812c-418a-991a-8c6325826409","url":"http://localhost:3000/api/analytics","method":"POST","msg":"analytics event","event":"page_view","sessionId":"f42a4256-278f-48f5-89ee-0ad59fa9d88f"}
{"level":30,"time":1778014870321,"pid":22368,"hostname":"Innocentius","requestId":"de3373ad-7b0c-409b-a468-c9ae00acef3c","url":"http://localhost:3000/api/analytics","method":"POST","msg":"API success","duration":3,"query":{}}
{"level":30,"time":1778014870321,"pid":22368,"hostname":"Innocentius","requestId":"2117d704-812c-418a-991a-8c6325826409","url":"http://localhost:3000/api/analytics","method":"POST","msg":"API success","duration":3,"query":{}}
{"level":30,"time":1778014870492,"pid":22368,"hostname":"Innocentius","requestId":"f15e313e-9839-44cb-a34c-e3ee199150ca","url":"http://localhost:3000/api/measurements/new","method":"GET","msg":"API success","duration":1,"query":{}}
{"level":30,"time":1778014870493,"pid":22368,"hostname":"Innocentius","requestId":"9ca40b2f-030e-4f8d-ae8a-6954385de3e9","url":"http://localhost:3000/api/measurements/new","method":"GET","msg":"API success","duration":1,"query":{}}
{"level":30,"time":1778014962817,"pid":22368,"hostname":"Innocentius","requestId":"8e85e206-6fbd-47da-a191-17bc15cf62d6","url":"http://localhost:3000/api/analytics","method":"POST","msg":"analytics event","event":"session_end","sessionId":"f42a4256-278f-48f5-89ee-0ad59fa9d88f"}
{"level":30,"time":1778014962817,"pid":22368,"hostname":"Innocentius","requestId":"44db0c92-c8e9-4cd2-aaca-1484c7f1451c","url":"http://localhost:3000/api/analytics","method":"POST","msg":"analytics event","event":"map_zoom_changed","sessionId":"f42a4256-278f-48f5-89ee-0ad59fa9d88f"}
{"level":30,"time":1778014962817,"pid":22368,"hostname":"Innocentius","requestId":"8e85e206-6fbd-47da-a191-17bc15cf62d6","url":"http://localhost:3000/api/analytics","method":"POST","msg":"API success","duration":6,"query":{}}
{"level":30,"time":1778014962818,"pid":22368,"hostname":"Innocentius","requestId":"44db0c92-c8e9-4cd2-aaca-1484c7f1451c","url":"http://localhost:3000/api/analytics","method":"POST","msg":"API success","duration":5,"query":{}}
{"level":30,"time":1778014976286,"pid":22368,"hostname":"Innocentius","requestId":"1e655f74-f336-466f-bac0-9e04df651328","url":"http://localhost:3000/api/analytics","method":"POST","msg":"analytics event","event":"page_view","sessionId":"f42a4256-278f-48f5-89ee-0ad59fa9d88f"}
{"level":30,"time":1778014976287,"pid":22368,"hostname":"Innocentius","requestId":"1e655f74-f336-466f-bac0-9e04df651328","url":"http://localhost:3000/api/analytics","method":"POST","msg":"API success","duration":3,"query":{}}
{"level":30,"time":1778014976706,"pid":22368,"hostname":"Innocentius","requestId":"b02ddbe5-1240-4b0a-9e49-c5acf6b914e2","url":"http://localhost:3000/api/analytics","method":"POST","msg":"analytics event","event":"session_end","sessionId":"f42a4256-278f-48f5-89ee-0ad59fa9d88f"}
{"level":30,"time":1778014976706,"pid":22368,"hostname":"Innocentius","requestId":"b02ddbe5-1240-4b0a-9e49-c5acf6b914e2","url":"http://localhost:3000/api/analytics","method":"POST","msg":"API success","duration":2,"query":{}}
{"level":30,"time":1778014977309,"pid":22368,"hostname":"Innocentius","requestId":"8a1db87a-097c-4a02-b48b-7237bdc23066","url":"http://localhost:3000/api/analytics","method":"POST","msg":"analytics event","event":"session_end","sessionId":"f42a4256-278f-48f5-89ee-0ad59fa9d88f"}
{"level":30,"time":1778014977309,"pid":22368,"hostname":"Innocentius","requestId":"8a1db87a-097c-4a02-b48b-7237bdc23066","url":"http://localhost:3000/api/analytics","method":"POST","msg":"API success","duration":2,"query":{}}
{"level":30,"time":1778014982845,"pid":22368,"hostname":"Innocentius","requestId":"cf5c9dc4-fc84-42ac-94ee-f2ae3286f5c8","url":"http://localhost:3000/api/stations?page=1","method":"GET","msg":"API success","duration":3,"query":{"page":"1"}}
{"level":30,"time":1778014982854,"pid":22368,"hostname":"Innocentius","requestId":"161d7e5a-c578-4471-88f5-1ab5491ba74d","url":"http://localhost:3000/api/analytics","method":"POST","msg":"analytics event","event":"session_end","sessionId":"f42a4256-278f-48f5-89ee-0ad59fa9d88f"}
{"level":30,"time":1778014982854,"pid":22368,"hostname":"Innocentius","requestId":"161d7e5a-c578-4471-88f5-1ab5491ba74d","url":"http://localhost:3000/api/analytics","method":"POST","msg":"API success","duration":11,"query":{}}
{"level":30,"time":1778014984335,"pid":22368,"hostname":"Innocentius","requestId":"1b54d205-d338-4b46-80a8-e4df22b9299a","url":"http://localhost:3000/api/measurements/new","method":"GET","msg":"API success","duration":0,"query":{}}
{"level":30,"time":1778014984550,"pid":22368,"hostname":"Innocentius","requestId":"876495dd-e44d-4304-96f1-db025d413931","url":"http://localhost:3000/api/analytics","method":"POST","msg":"analytics event","event":"page_view","sessionId":"f42a4256-278f-48f5-89ee-0ad59fa9d88f"}
{"level":30,"time":1778014984550,"pid":22368,"hostname":"Innocentius","requestId":"876495dd-e44d-4304-96f1-db025d413931","url":"http://localhost:3000/api/analytics","method":"POST","msg":"API success","duration":1,"query":{}}
{"level":30,"time":1778015257553,"pid":22368,"hostname":"Innocentius","requestId":"36546cdc-371b-4c3f-952d-a0d5bd78301e","url":"http://localhost:3000/api/stations/all","method":"GET","msg":"API success","duration":0,"query":{}}
{"level":30,"time":1778015257561,"pid":22368,"hostname":"Innocentius","url":"http://localhost:3000/api/analytics","method":"POST","msg":"analytics event","event":"session_end","sessionId":"f42a4256-278f-48f5-89ee-0ad59fa9d88f"}
{"level":30,"time":1778015257561,"pid":22368,"hostname":"Innocentius","url":"http://localhost:3000/api/analytics","method":"POST","msg":"API success","duration":10,"query":{}}
{"level":30,"time":1778015259009,"pid":22368,"hostname":"Innocentius","requestId":"0cf8c736-c5b6-4467-9759-1d0dd7224b9a","url":"http://localhost:3000/api/measurements/new","method":"GET","msg":"API success","duration":2,"query":{}}
{"level":30,"time":1778015259010,"pid":22368,"hostname":"Innocentius","requestId":"173fbaa8-afea-4f5c-a9ac-2726ea3cd3e9","url":"http://localhost:3000/api/measurements/new","method":"GET","msg":"API success","duration":3,"query":{}}
{"level":30,"time":1778015259010,"pid":22368,"hostname":"Innocentius","requestId":"74bd0550-1dbd-40f4-a1fc-b5c1e912c3ea","url":"http://localhost:3000/api/measurements/new","method":"GET","msg":"API success","duration":2,"query":{}}
{"level":30,"time":1778015259020,"pid":22368,"hostname":"Innocentius","url":"http://localhost:3000/api/analytics","method":"POST","msg":"analytics event","event":"page_view","sessionId":"f42a4256-278f-48f5-89ee-0ad59fa9d88f"}
{"level":30,"time":1778015259021,"pid":22368,"hostname":"Innocentius","url":"http://localhost:3000/api/analytics","method":"POST","msg":"API success","duration":13,"query":{}}
{"level":30,"time":1778015262640,"pid":22368,"hostname":"Innocentius","url":"http://localhost:3000/api/analytics","method":"POST","msg":"analytics event","event":"map_zoom_changed","sessionId":"f42a4256-278f-48f5-89ee-0ad59fa9d88f"}
{"level":30,"time":1778015262640,"pid":22368,"hostname":"Innocentius","url":"http://localhost:3000/api/analytics","method":"POST","msg":"API success","duration":1,"query":{}}
{"level":30,"time":1778015262979,"pid":22368,"hostname":"Innocentius","url":"http://localhost:3000/api/analytics","method":"POST","msg":"analytics event","event":"map_zoom_changed","sessionId":"f42a4256-278f-48f5-89ee-0ad59fa9d88f"}
{"level":30,"time":1778015262979,"pid":22368,"hostname":"Innocentius","url":"http://localhost:3000/api/analytics","method":"POST","msg":"API success","duration":0,"query":{}}
{"level":30,"time":1778015263504,"pid":22368,"hostname":"Innocentius","url":"http://localhost:3000/api/analytics","method":"POST","msg":"analytics event","event":"map_zoom_changed","sessionId":"f42a4256-278f-48f5-89ee-0ad59fa9d88f"}
{"level":30,"time":1778015263504,"pid":22368,"hostname":"Innocentius","url":"http://localhost:3000/api/analytics","method":"POST","msg":"API success","duration":1,"query":{}}
{"level":30,"time":1778015263750,"pid":22368,"hostname":"Innocentius","url":"http://localhost:3000/api/analytics","method":"POST","msg":"analytics event","event":"map_zoom_changed","sessionId":"f42a4256-278f-48f5-89ee-0ad59fa9d88f"}
{"level":30,"time":1778015263750,"pid":22368,"hostname":"Innocentius","url":"http://localhost:3000/api/analytics","method":"POST","msg":"API success","duration":1,"query":{}}
{"level":30,"time":1778015264634,"pid":22368,"hostname":"Innocentius","url":"http://localhost:3000/api/analytics","method":"POST","msg":"analytics event","event":"session_end","sessionId":"f42a4256-278f-48f5-89ee-0ad59fa9d88f"}
{"level":30,"time":1778015264634,"pid":22368,"hostname":"Innocentius","url":"http://localhost:3000/api/analytics","method":"POST","msg":"API success","duration":1,"query":{}}
{"level":30,"time":1778015278161,"pid":22368,"hostname":"Innocentius","url":"http://localhost:3000/api/analytics","method":"POST","msg":"analytics event","event":"map_zoom_changed","sessionId":"f42a4256-278f-48f5-89ee-0ad59fa9d88f"}
{"level":30,"time":1778015278162,"pid":22368,"hostname":"Innocentius","url":"http://localhost:3000/api/analytics","method":"POST","msg":"API success","duration":2,"query":{}}
{"level":30,"time":1778015279205,"pid":22368,"hostname":"Innocentius","url":"http://localhost:3000/api/analytics","method":"POST","msg":"analytics event","event":"map_zoom_changed","sessionId":"f42a4256-278f-48f5-89ee-0ad59fa9d88f"}
{"level":30,"time":1778015279206,"pid":22368,"hostname":"Innocentius","url":"http://localhost:3000/api/analytics","method":"POST","msg":"API success","duration":1,"query":{}}
{"level":30,"time":1778015279993,"pid":22368,"hostname":"Innocentius","url":"http://localhost:3000/api/analytics","method":"POST","msg":"analytics event","event":"session_end","sessionId":"f42a4256-278f-48f5-89ee-0ad59fa9d88f"}
{"level":30,"time":1778015279993,"pid":22368,"hostname":"Innocentius","url":"http://localhost:3000/api/analytics","method":"POST","msg":"API success","duration":1,"query":{}}
{"level":30,"time":1778015374208,"pid":22368,"hostname":"Innocentius","requestId":"917b5cea-4be2-4d26-8946-d71d09a9a96d","url":"http://localhost:3000/api/analytics","method":"POST","msg":"analytics event","event":"map_station_selected","sessionId":"f42a4256-278f-48f5-89ee-0ad59fa9d88f"}
{"level":30,"time":1778015374209,"pid":22368,"hostname":"Innocentius","requestId":"917b5cea-4be2-4d26-8946-d71d09a9a96d","url":"http://localhost:3000/api/analytics","method":"POST","msg":"API success","duration":3,"query":{}}
{"level":30,"time":1778015376365,"pid":22368,"hostname":"Innocentius","requestId":"22dfe0c6-9bdc-407f-9627-874784ef971b","url":"http://localhost:3000/api/measurements?stationId=2","method":"GET","msg":"API success","duration":2,"query":{"stationId":"2"}}
{"level":30,"time":1778015376375,"pid":22368,"hostname":"Innocentius","requestId":"f5e68294-183b-42a6-a575-a610a6b617a7","url":"http://localhost:3000/api/analytics","method":"POST","msg":"analytics event","event":"session_end","sessionId":"f42a4256-278f-48f5-89ee-0ad59fa9d88f"}
{"level":30,"time":1778015376375,"pid":22368,"hostname":"Innocentius","requestId":"f5e68294-183b-42a6-a575-a610a6b617a7","url":"http://localhost:3000/api/analytics","method":"POST","msg":"API success","duration":11,"query":{}}
{"level":30,"time":1778015376425,"pid":22368,"hostname":"Innocentius","requestId":"97307784-6d24-4ba4-a0b9-07f631675440","url":"http://localhost:3000/api/measurements?stationId=2","method":"GET","msg":"API success","duration":0,"query":{"stationId":"2"}}
{"level":30,"time":1778015391385,"pid":22368,"hostname":"Innocentius","requestId":"cbd75b75-473e-4645-b667-3782d38a0adc","url":"http://localhost:3000/api/analytics","method":"POST","msg":"analytics event","event":"session_end","sessionId":"f42a4256-278f-48f5-89ee-0ad59fa9d88f"}
{"level":30,"time":1778015391385,"pid":22368,"hostname":"Innocentius","requestId":"cbd75b75-473e-4645-b667-3782d38a0adc","url":"http://localhost:3000/api/analytics","method":"POST","msg":"API success","duration":1,"query":{}}
{"level":30,"time":1778015695178,"pid":22368,"hostname":"Innocentius","requestId":"23b68a31-7615-4ab9-9ec9-7028d75737c4","url":"http://localhost:3000/api/stations?page=1","method":"GET","msg":"API success","duration":0,"query":{"page":"1"}}
{"level":30,"time":1778015695189,"pid":22368,"hostname":"Innocentius","requestId":"6c45ba1e-9586-4fc0-951d-b38f6e14f8f1","url":"http://localhost:3000/api/analytics","method":"POST","msg":"analytics event","event":"session_end","sessionId":"f42a4256-278f-48f5-89ee-0ad59fa9d88f"}
{"level":30,"time":1778015695189,"pid":22368,"hostname":"Innocentius","requestId":"6c45ba1e-9586-4fc0-951d-b38f6e14f8f1","url":"http://localhost:3000/api/analytics","method":"POST","msg":"API success","duration":0,"query":{}}
{"level":30,"time":1778015697159,"pid":22368,"hostname":"Innocentius","requestId":"97f9cbe4-7d21-492e-8f17-4496ec949a05","url":"http://localhost:3000/api/measurements/new","method":"GET","msg":"API success","duration":0,"query":{}}
{"level":30,"time":1778015697166,"pid":22368,"hostname":"Innocentius","requestId":"bca90ba1-4a9e-4b5e-9911-598d0117691c","url":"http://localhost:3000/api/analytics","method":"POST","msg":"analytics event","event":"page_view","sessionId":"f42a4256-278f-48f5-89ee-0ad59fa9d88f"}
{"level":30,"time":1778015697166,"pid":22368,"hostname":"Innocentius","requestId":"bca90ba1-4a9e-4b5e-9911-598d0117691c","url":"http://localhost:3000/api/analytics","method":"POST","msg":"API success","duration":0,"query":{}}
{"level":30,"time":1778015752997,"pid":22368,"hostname":"Innocentius","requestId":"456e0199-16fc-46ac-b04c-9fcaa716fe5b","url":"http://localhost:3000/api/stations/all","method":"GET","msg":"API success","duration":0,"query":{}}
{"level":30,"time":1778015753125,"pid":22368,"hostname":"Innocentius","requestId":"9f022c8f-8d2d-41df-ba94-259d76a44728","url":"http://localhost:3000/api/measurements/new","method":"GET","msg":"API success","duration":0,"query":{}}
{"level":30,"time":1778015753404,"pid":22368,"hostname":"Innocentius","requestId":"d3b65ff2-940d-404f-b310-4610fc4ba9ac","url":"http://localhost:3000/api/analytics","method":"POST","msg":"analytics event","event":"session_end","sessionId":"f42a4256-278f-48f5-89ee-0ad59fa9d88f"}
{"level":30,"time":1778015753405,"pid":22368,"hostname":"Innocentius","requestId":"d3b65ff2-940d-404f-b310-4610fc4ba9ac","url":"http://localhost:3000/api/analytics","method":"POST","msg":"API success","duration":0,"query":{}}
{"level":30,"time":1778015753533,"pid":22368,"hostname":"Innocentius","requestId":"89c5297a-83f8-437e-ac9c-68b811a3ef09","url":"http://localhost:3000/api/measurements/new","method":"GET","msg":"API success","duration":0,"query":{}}
{"level":30,"time":1778015753533,"pid":22368,"hostname":"Innocentius","requestId":"58bcd371-6b5e-4aa5-b2b1-66719175a6d9","url":"http://localhost:3000/api/measurements/new","method":"GET","msg":"API success","duration":0,"query":{}}
{"level":30,"time":1778015753549,"pid":22368,"hostname":"Innocentius","requestId":"e62aef29-24c1-407e-9832-2efab0f2e5e2","url":"http://localhost:3000/api/analytics","method":"POST","msg":"analytics event","event":"page_view","sessionId":"f42a4256-278f-48f5-89ee-0ad59fa9d88f"}
{"level":30,"time":1778015753549,"pid":22368,"hostname":"Innocentius","requestId":"e62aef29-24c1-407e-9832-2efab0f2e5e2","url":"http://localhost:3000/api/analytics","method":"POST","msg":"API success","duration":0,"query":{}}
{"level":30,"time":1778015762602,"pid":22368,"hostname":"Innocentius","requestId":"3857cfe3-553c-4ac4-a77d-607dfeba9484","url":"http://localhost:3000/api/stations/3","method":"GET","msg":"API success","duration":0,"query":{}}
{"level":30,"time":1778015763200,"pid":22368,"hostname":"Innocentius","requestId":"7cea5521-0239-4362-8574-73f4d4a82a33","url":"http://localhost:3000/api/analytics","method":"POST","msg":"analytics event","event":"session_end","sessionId":"f42a4256-278f-48f5-89ee-0ad59fa9d88f"}
{"level":30,"time":1778015763200,"pid":22368,"hostname":"Innocentius","requestId":"7cea5521-0239-4362-8574-73f4d4a82a33","url":"http://localhost:3000/api/analytics","method":"POST","msg":"API success","duration":0,"query":{}}
{"level":30,"time":1778015763671,"pid":22368,"hostname":"Innocentius","requestId":"543d24e6-13c8-4f21-b6b4-394f0f465bc7","url":"http://localhost:3000/api/analytics","method":"POST","msg":"analytics event","event":"page_view","sessionId":"f42a4256-278f-48f5-89ee-0ad59fa9d88f"}
{"level":30,"time":1778015763671,"pid":22368,"hostname":"Innocentius","requestId":"bda278e3-55bb-49c9-89b8-642b7d34d64d","url":"http://localhost:3000/api/analytics","method":"POST","msg":"analytics event","event":"station_detail_viewed","sessionId":"f42a4256-278f-48f5-89ee-0ad59fa9d88f"}
{"level":30,"time":1778015763671,"pid":22368,"hostname":"Innocentius","requestId":"ad221768-837a-456d-9ceb-5cc756da7a3d","url":"http://localhost:3000/api/analytics","method":"POST","msg":"analytics event","event":"station_detail_viewed","sessionId":"f42a4256-278f-48f5-89ee-0ad59fa9d88f"}
{"level":30,"time":1778015763671,"pid":22368,"hostname":"Innocentius","requestId":"543d24e6-13c8-4f21-b6b4-394f0f465bc7","url":"http://localhost:3000/api/analytics","method":"POST","msg":"API success","duration":0,"query":{}}
{"level":30,"time":1778015763672,"pid":22368,"hostname":"Innocentius","requestId":"bda278e3-55bb-49c9-89b8-642b7d34d64d","url":"http://localhost:3000/api/analytics","method":"POST","msg":"API success","duration":0,"query":{}}
{"level":30,"time":1778015763672,"pid":22368,"hostname":"Innocentius","requestId":"ad221768-837a-456d-9ceb-5cc756da7a3d","url":"http://localhost:3000/api/analytics","method":"POST","msg":"API success","duration":0,"query":{}}
{"level":30,"time":1778015764362,"pid":22368,"hostname":"Innocentius","requestId":"57bf11fd-749c-410e-bf92-3ab1d4b63b70","url":"http://localhost:3000/api/measurements?stationId=3","method":"GET","msg":"API success","duration":0,"query":{"stationId":"3"}}
{"level":30,"time":1778015764644,"pid":22368,"hostname":"Innocentius","requestId":"84d3b0b4-5eba-47e3-86c3-df431554a557","url":"http://localhost:3000/api/measurements?stationId=3","method":"GET","msg":"API success","duration":0,"query":{"stationId":"3"}}
{"level":30,"time":1778015896480,"pid":22368,"hostname":"Innocentius","requestId":"ffd79df6-4e51-43bb-81e1-b123d8ee4d82","url":"http://localhost:3000/api/stations/all","method":"GET","msg":"API success","duration":0,"query":{}}
{"level":30,"time":1778015899112,"pid":22368,"hostname":"Innocentius","requestId":"2f0f82e1-5328-4f7e-a006-cbde4ff7285d","url":"http://localhost:3000/api/measurements/new","method":"GET","msg":"API success","duration":0,"query":{}}
{"level":30,"time":1778015899113,"pid":22368,"hostname":"Innocentius","requestId":"95a6c494-a4df-4d9a-a6d8-6dfabb32aca9","url":"http://localhost:3000/api/measurements/new","method":"GET","msg":"API success","duration":0,"query":{}}
{"level":30,"time":1778015899113,"pid":22368,"hostname":"Innocentius","requestId":"07ddbfc0-f211-48b2-98c8-355505e13845","url":"http://localhost:3000/api/measurements/new","method":"GET","msg":"API success","duration":0,"query":{}}
{"level":30,"time":1778015899128,"pid":22368,"hostname":"Innocentius","requestId":"785f4b7c-3eb5-4299-a29a-d9a4fac07270","url":"http://localhost:3000/api/analytics","method":"POST","msg":"analytics event","event":"session_end","sessionId":"f42a4256-278f-48f5-89ee-0ad59fa9d88f"}
{"level":30,"time":1778015899128,"pid":22368,"hostname":"Innocentius","requestId":"4a36fdaf-1ae0-4d19-8d5d-ad5ec7b0bcd9","url":"http://localhost:3000/api/analytics","method":"POST","msg":"analytics event","event":"page_view","sessionId":"f42a4256-278f-48f5-89ee-0ad59fa9d88f"}
{"level":30,"time":1778015899128,"pid":22368,"hostname":"Innocentius","requestId":"785f4b7c-3eb5-4299-a29a-d9a4fac07270","url":"http://localhost:3000/api/analytics","method":"POST","msg":"API success","duration":0,"query":{}}
{"level":30,"time":1778015899128,"pid":22368,"hostname":"Innocentius","requestId":"4a36fdaf-1ae0-4d19-8d5d-ad5ec7b0bcd9","url":"http://localhost:3000/api/analytics","method":"POST","msg":"API success","duration":0,"query":{}}
{"level":30,"time":1778016174252,"pid":22368,"hostname":"Innocentius","requestId":"54961288-e81d-41f4-ac78-20c39ba3ddc9","url":"http://localhost:3000/api/stations?page=1","method":"GET","msg":"API success","duration":0,"query":{"page":"1"}}
{"level":30,"time":1778016174263,"pid":22368,"hostname":"Innocentius","requestId":"b0fe4e96-397a-4ebc-87dc-c1973d2b909e","url":"http://localhost:3000/api/analytics","method":"POST","msg":"analytics event","event":"session_end","sessionId":"f42a4256-278f-48f5-89ee-0ad59fa9d88f"}
{"level":30,"time":1778016174263,"pid":22368,"hostname":"Innocentius","requestId":"b0fe4e96-397a-4ebc-87dc-c1973d2b909e","url":"http://localhost:3000/api/analytics","method":"POST","msg":"API success","duration":0,"query":{}}
{"level":30,"time":1778016175552,"pid":22368,"hostname":"Innocentius","requestId":"81f800ed-336a-4562-8e54-291c36d3f1fe","url":"http://localhost:3000/api/measurements/new","method":"GET","msg":"API success","duration":0,"query":{}}
{"level":30,"time":1778016175564,"pid":22368,"hostname":"Innocentius","requestId":"649b8928-0568-40d0-8c97-5be1ccd72d80","url":"http://localhost:3000/api/analytics","method":"POST","msg":"analytics event","event":"page_view","sessionId":"f42a4256-278f-48f5-89ee-0ad59fa9d88f"}
{"level":30,"time":1778016175564,"pid":22368,"hostname":"Innocentius","requestId":"649b8928-0568-40d0-8c97-5be1ccd72d80","url":"http://localhost:3000/api/analytics","method":"POST","msg":"API success","duration":0,"query":{}}
{"level":50,"time":1778016250259,"pid":22368,"hostname":"Innocentius","requestId":"b4d7a609-4249-486e-bdb3-221af2a245f1","url":"http://localhost:3000/api/stations?page=1","method":"GET","msg":"API error","status":500,"duration":0,"error":"Cannot read properties of undefined (reading 'get')"}
{"level":50,"time":1778016250260,"pid":22368,"hostname":"Innocentius","requestId":"83ee2d1c-6338-4ce0-9c02-a88ef8b20926","url":"http://localhost:3000/api/stations?page=1","method":"GET","msg":"API error","status":500,"duration":0,"error":"Cannot read properties of undefined (reading 'get')"}
{"level":30,"time":1778016251717,"pid":22368,"hostname":"Innocentius","requestId":"0b7d7cd0-af82-4713-9621-30dc277be32f","url":"http://localhost:3000/api/analytics","method":"POST","msg":"analytics event","event":"session_end","sessionId":"f42a4256-278f-48f5-89ee-0ad59fa9d88f"}
{"level":30,"time":1778016251717,"pid":22368,"hostname":"Innocentius","requestId":"0b7d7cd0-af82-4713-9621-30dc277be32f","url":"http://localhost:3000/api/analytics","method":"POST","msg":"API success","duration":0,"query":{}}
{"level":30,"time":1778016255177,"pid":22368,"hostname":"Innocentius","requestId":"219a9406-e717-4c67-8a5b-a92d3c0ce425","url":"http://localhost:3000/api/analytics","method":"POST","msg":"analytics event","event":"page_load_timing","sessionId":"f42a4256-278f-48f5-89ee-0ad59fa9d88f"}
{"level":30,"time":1778016255177,"pid":22368,"hostname":"Innocentius","requestId":"22e7bcb1-b714-4a9b-9927-d0e8aff60f9f","url":"http://localhost:3000/api/analytics","method":"POST","msg":"analytics event","event":"page_view","sessionId":"f42a4256-278f-48f5-89ee-0ad59fa9d88f"}
{"level":30,"time":1778016255177,"pid":22368,"hostname":"Innocentius","requestId":"64fcc886-1978-483e-8fe3-e37069e68487","url":"http://localhost:3000/api/analytics","method":"POST","msg":"analytics event","event":"error_boundary_triggered","sessionId":"f42a4256-278f-48f5-89ee-0ad59fa9d88f"}
{"level":30,"time":1778016255177,"pid":22368,"hostname":"Innocentius","requestId":"219a9406-e717-4c67-8a5b-a92d3c0ce425","url":"http://localhost:3000/api/analytics","method":"POST","msg":"API success","duration":0,"query":{}}
{"level":30,"time":1778016255178,"pid":22368,"hostname":"Innocentius","requestId":"22e7bcb1-b714-4a9b-9927-d0e8aff60f9f","url":"http://localhost:3000/api/analytics","method":"POST","msg":"API success","duration":0,"query":{}}
{"level":30,"time":1778016255178,"pid":22368,"hostname":"Innocentius","requestId":"64fcc886-1978-483e-8fe3-e37069e68487","url":"http://localhost:3000/api/analytics","method":"POST","msg":"API success","duration":0,"query":{}}
{"level":30,"time":1778016256078,"pid":22368,"hostname":"Innocentius","requestId":"dd5be82f-b136-42d0-9d67-aa9913cef8a6","url":"http://localhost:3000/api/analytics","method":"POST","msg":"analytics event","event":"session_end","sessionId":"f42a4256-278f-48f5-89ee-0ad59fa9d88f"}
{"level":30,"time":1778016256078,"pid":22368,"hostname":"Innocentius","requestId":"dd5be82f-b136-42d0-9d67-aa9913cef8a6","url":"http://localhost:3000/api/analytics","method":"POST","msg":"API success","duration":0,"query":{}}
{"level":30,"time":1778016267141,"pid":22368,"hostname":"Innocentius","requestId":"cbc31dfc-3895-46ba-894a-8e5df8e71176","url":"http://localhost:3000/api/stations?page=1","method":"GET","msg":"API success","duration":0,"query":{"page":"1"}}
{"level":30,"time":1778016271293,"pid":22368,"hostname":"Innocentius","requestId":"f723c205-07ec-4bfa-945d-0ef10a4d01fc","url":"http://localhost:3000/api/measurements/new","method":"GET","msg":"API success","duration":0,"query":{}}
{"level":30,"time":1778016271328,"pid":22368,"hostname":"Innocentius","requestId":"bfa5e2ef-4212-450a-b2ec-bd799d9d32c5","url":"http://localhost:3000/api/analytics","method":"POST","msg":"analytics event","event":"session_end","sessionId":"f42a4256-278f-48f5-89ee-0ad59fa9d88f"}
{"level":30,"time":1778016271328,"pid":22368,"hostname":"Innocentius","requestId":"bfa5e2ef-4212-450a-b2ec-bd799d9d32c5","url":"http://localhost:3000/api/analytics","method":"POST","msg":"API success","duration":0,"query":{}}
{"level":30,"time":1778016271711,"pid":22368,"hostname":"Innocentius","requestId":"f4e7411a-a502-4df0-915e-e47a8f0df9ff","url":"http://localhost:3000/api/stations?page=1","method":"GET","msg":"API success","duration":0,"query":{"page":"1"}}
{"level":30,"time":1778016271754,"pid":22368,"hostname":"Innocentius","requestId":"f8c5a6d6-f7ff-4e5c-885e-dfc7cb24eda1","url":"http://localhost:3000/api/measurements/new","method":"GET","msg":"API success","duration":0,"query":{}}
{"level":30,"time":1778016272915,"pid":22368,"hostname":"Innocentius","requestId":"2c68cbb4-6eec-487f-a63b-e9a0e3731197","url":"http://localhost:3000/api/analytics","method":"POST","msg":"analytics event","event":"page_load_timing","sessionId":"f42a4256-278f-48f5-89ee-0ad59fa9d88f"}
{"level":30,"time":1778016272915,"pid":22368,"hostname":"Innocentius","requestId":"f06577a4-d68a-4d6d-9a03-11ec93712ba4","url":"http://localhost:3000/api/analytics","method":"POST","msg":"analytics event","event":"page_view","sessionId":"f42a4256-278f-48f5-89ee-0ad59fa9d88f"}
{"level":30,"time":1778016272915,"pid":22368,"hostname":"Innocentius","requestId":"2c68cbb4-6eec-487f-a63b-e9a0e3731197","url":"http://localhost:3000/api/analytics","method":"POST","msg":"API success","duration":0,"query":{}}
{"level":30,"time":1778016272916,"pid":22368,"hostname":"Innocentius","requestId":"f06577a4-d68a-4d6d-9a03-11ec93712ba4","url":"http://localhost:3000/api/analytics","method":"POST","msg":"API success","duration":0,"query":{}}
{"level":30,"time":1778016350844,"pid":22368,"hostname":"Innocentius","requestId":"a8595ae1-7e1f-40ac-a1cc-8024b4ba1974","url":"http://localhost:3000/api/analytics","method":"POST","msg":"analytics event","event":"session_end","sessionId":"f42a4256-278f-48f5-89ee-0ad59fa9d88f"}
{"level":30,"time":1778016350844,"pid":22368,"hostname":"Innocentius","requestId":"a8595ae1-7e1f-40ac-a1cc-8024b4ba1974","url":"http://localhost:3000/api/analytics","method":"POST","msg":"API success","duration":0,"query":{}}
{"level":30,"time":1778016647701,"pid":22368,"hostname":"Innocentius","requestId":"2c915486-24b1-47b8-a365-e77c2da10456","url":"http://localhost:3000/api/stations?page=445","method":"GET","msg":"API success","duration":3,"query":{"page":"445"}}
{"level":30,"time":1778016648020,"pid":22368,"hostname":"Innocentius","requestId":"d008e37b-eb5c-46eb-af01-c7e022fdd583","url":"http://localhost:3000/api/stations?page=1","method":"GET","msg":"API success","duration":0,"query":{"page":"1"}}
{"level":30,"time":1778016652219,"pid":22368,"hostname":"Innocentius","requestId":"442f7ab7-4c97-4e1e-84b5-3eb119244bdb","url":"http://localhost:3000/api/measurements/new","method":"GET","msg":"API success","duration":3,"query":{}}
{"level":30,"time":1778016652221,"pid":22368,"hostname":"Innocentius","requestId":"d4e84b13-cd16-4012-a2bb-01e2aa51439a","url":"http://localhost:3000/api/measurements/new","method":"GET","msg":"API success","duration":2,"query":{}}
{"level":30,"time":1778016652922,"pid":22368,"hostname":"Innocentius","requestId":"4c295719-76f2-4c44-bc75-221c32e0f551","url":"http://localhost:3000/api/stations?page=444","method":"GET","msg":"API success","duration":1,"query":{"page":"444"}}
{"level":30,"time":1778016652980,"pid":22368,"hostname":"Innocentius","requestId":"4d94a366-b295-40a1-95ca-a12b5f13c151","url":"http://localhost:3000/api/measurements/new","method":"GET","msg":"API success","duration":0,"query":{}}
{"level":30,"time":1778016654982,"pid":22368,"hostname":"Innocentius","requestId":"0b0e0355-323a-4c08-8e16-3c6350e10d77","url":"http://localhost:3000/api/analytics","method":"POST","msg":"analytics event","event":"session_end","sessionId":"f42a4256-278f-48f5-89ee-0ad59fa9d88f"}
{"level":30,"time":1778016654982,"pid":22368,"hostname":"Innocentius","requestId":"0b0e0355-323a-4c08-8e16-3c6350e10d77","url":"http://localhost:3000/api/analytics","method":"POST","msg":"API success","duration":8,"query":{}}
{"level":30,"time":1778016656538,"pid":22368,"hostname":"Innocentius","requestId":"af29af2b-5301-44e0-86e2-b873d6fc8407","url":"http://localhost:3000/api/analytics","method":"POST","msg":"analytics event","event":"page_load_timing","sessionId":"f42a4256-278f-48f5-89ee-0ad59fa9d88f"}
{"level":30,"time":1778016656538,"pid":22368,"hostname":"Innocentius","requestId":"3517f48d-b319-4d3c-b86c-534fc1e610b6","url":"http://localhost:3000/api/analytics","method":"POST","msg":"analytics event","event":"page_view","sessionId":"f42a4256-278f-48f5-89ee-0ad59fa9d88f"}
{"level":30,"time":1778016656538,"pid":22368,"hostname":"Innocentius","requestId":"af29af2b-5301-44e0-86e2-b873d6fc8407","url":"http://localhost:3000/api/analytics","method":"POST","msg":"API success","duration":3,"query":{}}
{"level":30,"time":1778016656538,"pid":22368,"hostname":"Innocentius","requestId":"3517f48d-b319-4d3c-b86c-534fc1e610b6","url":"http://localhost:3000/api/analytics","method":"POST","msg":"API success","duration":2,"query":{}}
{"level":40,"time":1778016663803,"pid":22368,"hostname":"Innocentius","requestId":"e0688172-bb83-4c26-9ce5-0312151c01d7","url":"http://localhost:3000/api/stations/65","method":"GET","msg":"Client error","status":404,"duration":1,"error":"Station not found"}
{"level":30,"time":1778016664170,"pid":22368,"hostname":"Innocentius","requestId":"16c53b38-778b-4eee-9c8f-a68c51168d9e","url":"http://localhost:3000/api/analytics","method":"POST","msg":"analytics event","event":"session_end","sessionId":"f42a4256-278f-48f5-89ee-0ad59fa9d88f"}
{"level":30,"time":1778016664171,"pid":22368,"hostname":"Innocentius","requestId":"16c53b38-778b-4eee-9c8f-a68c51168d9e","url":"http://localhost:3000/api/analytics","method":"POST","msg":"API success","duration":3,"query":{}}
{"level":30,"time":1778016666035,"pid":22368,"hostname":"Innocentius","requestId":"4001ab4e-4056-430d-9000-09891ffcb5fa","url":"http://localhost:3000/api/analytics","method":"POST","msg":"analytics event","event":"page_load_timing","sessionId":"f42a4256-278f-48f5-89ee-0ad59fa9d88f"}
{"level":30,"time":1778016666035,"pid":22368,"hostname":"Innocentius","requestId":"998d432e-844a-49dd-b643-1e12423d523c","url":"http://localhost:3000/api/analytics","method":"POST","msg":"analytics event","event":"page_view","sessionId":"f42a4256-278f-48f5-89ee-0ad59fa9d88f"}
{"level":30,"time":1778016666036,"pid":22368,"hostname":"Innocentius","requestId":"4001ab4e-4056-430d-9000-09891ffcb5fa","url":"http://localhost:3000/api/analytics","method":"POST","msg":"API success","duration":3,"query":{}}
{"level":30,"time":1778016666036,"pid":22368,"hostname":"Innocentius","requestId":"998d432e-844a-49dd-b643-1e12423d523c","url":"http://localhost:3000/api/analytics","method":"POST","msg":"API success","duration":2,"query":{}}
{"level":40,"time":1778016666268,"pid":22368,"hostname":"Innocentius","requestId":"b60b8ae0-6967-4894-a27a-39729540091c","url":"http://localhost:3000/api/stations/65","method":"GET","msg":"Client error","status":404,"duration":0,"error":"Station not found"}
{"level":30,"time":1778016667027,"pid":22368,"hostname":"Innocentius","requestId":"0362c727-d27e-4b90-acfd-fd3cdd1ec7df","url":"http://localhost:3000/api/stations?page=1","method":"GET","msg":"API success","duration":0,"query":{"page":"1"}}
{"level":30,"time":1778016667091,"pid":22368,"hostname":"Innocentius","requestId":"c540b909-fef8-4e0a-b999-c3b7697b0f94","url":"http://localhost:3000/api/measurements/new","method":"GET","msg":"API success","duration":0,"query":{}}
{"level":30,"time":1778016668027,"pid":22368,"hostname":"Innocentius","requestId":"b0a43bfb-cefe-49c1-8e92-78fea3c3b53e","url":"http://localhost:3000/api/analytics","method":"POST","msg":"analytics event","event":"page_view","sessionId":"f42a4256-278f-48f5-89ee-0ad59fa9d88f"}
{"level":30,"time":1778016668027,"pid":22368,"hostname":"Innocentius","requestId":"b0a43bfb-cefe-49c1-8e92-78fea3c3b53e","url":"http://localhost:3000/api/analytics","method":"POST","msg":"API success","duration":4,"query":{}}
{"level":30,"time":1778016668659,"pid":22368,"hostname":"Innocentius","requestId":"39b51ea5-82f3-4195-9e28-ed542a92e329","url":"http://localhost:3000/api/analytics","method":"POST","msg":"analytics event","event":"session_end","sessionId":"f42a4256-278f-48f5-89ee-0ad59fa9d88f"}
{"level":30,"time":1778016668659,"pid":22368,"hostname":"Innocentius","requestId":"39b51ea5-82f3-4195-9e28-ed542a92e329","url":"http://localhost:3000/api/analytics","method":"POST","msg":"API success","duration":2,"query":{}}
{"level":30,"time":1778016711881,"pid":22368,"hostname":"Innocentius","requestId":"d0ce3da4-8a02-401a-9db4-17e30d60c3d2","url":"http://localhost:3000/api/stations/1","method":"GET","msg":"API success","duration":0,"query":{}}
{"level":30,"time":1778016712431,"pid":22368,"hostname":"Innocentius","requestId":"e39a1f95-150a-4203-8122-4b9f08453ade","url":"http://localhost:3000/api/analytics","method":"POST","msg":"analytics event","event":"page_view","sessionId":"f42a4256-278f-48f5-89ee-0ad59fa9d88f"}
{"level":30,"time":1778016712431,"pid":22368,"hostname":"Innocentius","requestId":"16092d86-9e4e-4d81-9300-8179d1ef1ab3","url":"http://localhost:3000/api/analytics","method":"POST","msg":"analytics event","event":"station_detail_viewed","sessionId":"f42a4256-278f-48f5-89ee-0ad59fa9d88f"}
{"level":30,"time":1778016712431,"pid":22368,"hostname":"Innocentius","requestId":"bbd8c14a-4ddd-4155-b703-634e2756fcd6","url":"http://localhost:3000/api/analytics","method":"POST","msg":"analytics event","event":"station_detail_viewed","sessionId":"f42a4256-278f-48f5-89ee-0ad59fa9d88f"}
{"level":30,"time":1778016712431,"pid":22368,"hostname":"Innocentius","requestId":"e39a1f95-150a-4203-8122-4b9f08453ade","url":"http://localhost:3000/api/analytics","method":"POST","msg":"API success","duration":4,"query":{}}
{"level":30,"time":1778016712432,"pid":22368,"hostname":"Innocentius","requestId":"16092d86-9e4e-4d81-9300-8179d1ef1ab3","url":"http://localhost:3000/api/analytics","method":"POST","msg":"API success","duration":4,"query":{}}
{"level":30,"time":1778016712432,"pid":22368,"hostname":"Innocentius","requestId":"bbd8c14a-4ddd-4155-b703-634e2756fcd6","url":"http://localhost:3000/api/analytics","method":"POST","msg":"API success","duration":2,"query":{}}
{"level":30,"time":1778016713925,"pid":22368,"hostname":"Innocentius","requestId":"b9d7ac63-eecd-436f-8831-d34444f5021e","url":"http://localhost:3000/api/measurements?stationId=1","method":"GET","msg":"API success","duration":1,"query":{"stationId":"1"}}
{"level":30,"time":1778016713933,"pid":22368,"hostname":"Innocentius","requestId":"e0da3ae8-95e5-4315-b0c6-764470600abc","url":"http://localhost:3000/api/analytics","method":"POST","msg":"analytics event","event":"session_end","sessionId":"f42a4256-278f-48f5-89ee-0ad59fa9d88f"}
{"level":30,"time":1778016713933,"pid":22368,"hostname":"Innocentius","requestId":"e0da3ae8-95e5-4315-b0c6-764470600abc","url":"http://localhost:3000/api/analytics","method":"POST","msg":"API success","duration":9,"query":{}}
{"level":30,"time":1778016713994,"pid":22368,"hostname":"Innocentius","requestId":"cc4c6274-e8f8-419b-a1c6-aab6b81beddc","url":"http://localhost:3000/api/measurements?stationId=1","method":"GET","msg":"API success","duration":0,"query":{"stationId":"1"}}
{"level":30,"time":1778016717506,"pid":22368,"hostname":"Innocentius","requestId":"d20dd1f8-6c1e-45c3-a8b3-bb04ba7e6f15","url":"http://localhost:3000/api/stations?page=1","method":"GET","msg":"API success","duration":1,"query":{"page":"1"}}
{"level":30,"time":1778016717584,"pid":22368,"hostname":"Innocentius","requestId":"59d62b32-e17f-4f0c-9127-3c6fca38ac15","url":"http://localhost:3000/api/measurements/new","method":"GET","msg":"API success","duration":1,"query":{}}
{"level":30,"time":1778016717706,"pid":22368,"hostname":"Innocentius","requestId":"6cd836f3-0268-4c2c-86fd-528e99643dbf","url":"http://localhost:3000/api/analytics","method":"POST","msg":"analytics event","event":"page_view","sessionId":"f42a4256-278f-48f5-89ee-0ad59fa9d88f"}
{"level":30,"time":1778016717707,"pid":22368,"hostname":"Innocentius","requestId":"6cd836f3-0268-4c2c-86fd-528e99643dbf","url":"http://localhost:3000/api/analytics","method":"POST","msg":"API success","duration":1,"query":{}}
{"level":30,"time":1778016720280,"pid":22368,"hostname":"Innocentius","requestId":"4cb48287-52c8-4c50-b6b5-10e9a379a0c1","url":"http://localhost:3000/api/stations?page=2","method":"GET","msg":"API success","duration":1,"query":{"page":"2"}}
{"level":30,"time":1778016720323,"pid":22368,"hostname":"Innocentius","requestId":"5ed9682f-0029-4c3f-827b-1e6bc29f9e5e","url":"http://localhost:3000/api/measurements/new","method":"GET","msg":"API success","duration":0,"query":{}}
{"level":30,"time":1778016721596,"pid":22368,"hostname":"Innocentius","requestId":"bc5af83f-5b6d-436b-87a3-43d6e0bf705b","url":"http://localhost:3000/api/analytics","method":"POST","msg":"analytics event","event":"session_end","sessionId":"f42a4256-278f-48f5-89ee-0ad59fa9d88f"}
{"level":30,"time":1778016721596,"pid":22368,"hostname":"Innocentius","requestId":"bc5af83f-5b6d-436b-87a3-43d6e0bf705b","url":"http://localhost:3000/api/analytics","method":"POST","msg":"API success","duration":1,"query":{}}
{"level":30,"time":1778016765550,"pid":22368,"hostname":"Innocentius","requestId":"23baa275-4ed0-469c-b1f0-babec1163abd","url":"http://localhost:3000/api/stations/7","method":"GET","msg":"API success","duration":1,"query":{}}
{"level":30,"time":1778016765816,"pid":22368,"hostname":"Innocentius","requestId":"cc466ef7-c0e3-44e4-8e67-b0e57bcd0676","url":"http://localhost:3000/api/measurements?stationId=7","method":"GET","msg":"API success","duration":1,"query":{"stationId":"7"}}
{"level":30,"time":1778016765859,"pid":22368,"hostname":"Innocentius","requestId":"cc9ad813-05af-4aef-85e0-218b7fede5ce","url":"http://localhost:3000/api/analytics","method":"POST","msg":"analytics event","event":"page_view","sessionId":"f42a4256-278f-48f5-89ee-0ad59fa9d88f"}
{"level":30,"time":1778016765859,"pid":22368,"hostname":"Innocentius","requestId":"745cb0f7-1ec1-492a-be0d-7a4102a3b9d1","url":"http://localhost:3000/api/analytics","method":"POST","msg":"analytics event","event":"station_detail_viewed","sessionId":"f42a4256-278f-48f5-89ee-0ad59fa9d88f"}
{"level":30,"time":1778016765859,"pid":22368,"hostname":"Innocentius","requestId":"cd6d51fb-66e5-4a0f-a8ec-00b92cd66b2d","url":"http://localhost:3000/api/analytics","method":"POST","msg":"analytics event","event":"station_detail_viewed","sessionId":"f42a4256-278f-48f5-89ee-0ad59fa9d88f"}
{"level":30,"time":1778016765860,"pid":22368,"hostname":"Innocentius","requestId":"cc9ad813-05af-4aef-85e0-218b7fede5ce","url":"http://localhost:3000/api/analytics","method":"POST","msg":"API success","duration":5,"query":{}}
{"level":30,"time":1778016765863,"pid":22368,"hostname":"Innocentius","requestId":"745cb0f7-1ec1-492a-be0d-7a4102a3b9d1","url":"http://localhost:3000/api/analytics","method":"POST","msg":"API success","duration":6,"query":{}}
{"level":30,"time":1778016765865,"pid":22368,"hostname":"Innocentius","requestId":"cd6d51fb-66e5-4a0f-a8ec-00b92cd66b2d","url":"http://localhost:3000/api/analytics","method":"POST","msg":"API success","duration":6,"query":{}}
{"level":30,"time":1778016765919,"pid":22368,"hostname":"Innocentius","requestId":"26e04d4b-2595-4ca3-aed4-5e2e121fe143","url":"http://localhost:3000/api/measurements?stationId=7","method":"GET","msg":"API success","duration":1,"query":{"stationId":"7"}}
{"level":30,"time":1778016766269,"pid":22368,"hostname":"Innocentius","requestId":"9bbf628e-627b-4323-8800-3dd7a31bfc85","url":"http://localhost:3000/api/analytics","method":"POST","msg":"analytics event","event":"session_end","sessionId":"f42a4256-278f-48f5-89ee-0ad59fa9d88f"}
{"level":30,"time":1778016766272,"pid":22368,"hostname":"Innocentius","requestId":"9bbf628e-627b-4323-8800-3dd7a31bfc85","url":"http://localhost:3000/api/analytics","method":"POST","msg":"API success","duration":2,"query":{}}
{"level":30,"time":1778016921679,"pid":22368,"hostname":"Innocentius","requestId":"3971b423-3dbb-4c22-87f2-e1944e221599","url":"http://localhost:3000/api/stations/all","method":"GET","msg":"API success","duration":100,"query":{}}
{"level":30,"time":1778016923094,"pid":22368,"hostname":"Innocentius","requestId":"3284fe9d-8f4c-473a-866f-29d0adf08801","url":"http://localhost:3000/api/measurements/new","method":"GET","msg":"API success","duration":100,"query":{}}
{"level":30,"time":1778016925112,"pid":22368,"hostname":"Innocentius","requestId":"412722fe-a0b3-4dee-b76e-c1aba82860d5","url":"http://localhost:3000/api/measurements/new","method":"GET","msg":"API success","duration":300,"query":{}}
{"level":30,"time":1778016925114,"pid":22368,"hostname":"Innocentius","requestId":"9e9d6619-4efd-4f46-84d2-c94fdc6e2b54","url":"http://localhost:3000/api/measurements/new","method":"GET","msg":"API success","duration":200,"query":{}}
{"level":30,"time":1778016925124,"pid":22368,"hostname":"Innocentius","requestId":"c24a7181-ea70-4b8e-b245-61904628746a","url":"http://localhost:3000/api/analytics","method":"POST","msg":"analytics event","event":"page_view","sessionId":"f42a4256-278f-48f5-89ee-0ad59fa9d88f"}
{"level":30,"time":1778016925124,"pid":22368,"hostname":"Innocentius","requestId":"10b4400c-1f7c-4436-919a-2ff5363f4b9a","url":"http://localhost:3000/api/analytics","method":"POST","msg":"analytics event","event":"session_end","sessionId":"f42a4256-278f-48f5-89ee-0ad59fa9d88f"}
{"level":40,"time":1778016925126,"pid":22368,"hostname":"Innocentius","requestId":"c24a7181-ea70-4b8e-b245-61904628746a","url":"http://localhost:3000/api/analytics","method":"POST","msg":"Slow request","duration":1500}
{"level":30,"time":1778016925126,"pid":22368,"hostname":"Innocentius","requestId":"c24a7181-ea70-4b8e-b245-61904628746a","url":"http://localhost:3000/api/analytics","method":"POST","msg":"API success","duration":1500,"query":{}}
{"level":40,"time":1778016925127,"pid":22368,"hostname":"Innocentius","requestId":"10b4400c-1f7c-4436-919a-2ff5363f4b9a","url":"http://localhost:3000/api/analytics","method":"POST","msg":"Slow request","duration":1600}
{"level":30,"time":1778016925127,"pid":22368,"hostname":"Innocentius","requestId":"10b4400c-1f7c-4436-919a-2ff5363f4b9a","url":"http://localhost:3000/api/analytics","method":"POST","msg":"API success","duration":1600,"query":{}}
{"level":30,"time":1778016950588,"pid":22368,"hostname":"Innocentius","requestId":"d9613fd2-73dd-478a-b49d-c0a775842bf2","url":"http://localhost:3000/api/analytics","method":"POST","msg":"analytics event","event":"map_zoom_changed","sessionId":"f42a4256-278f-48f5-89ee-0ad59fa9d88f"}
{"level":40,"time":1778016950590,"pid":22368,"hostname":"Innocentius","requestId":"d9613fd2-73dd-478a-b49d-c0a775842bf2","url":"http://localhost:3000/api/analytics","method":"POST","msg":"Slow request","duration":900}
{"level":30,"time":1778016950590,"pid":22368,"hostname":"Innocentius","requestId":"d9613fd2-73dd-478a-b49d-c0a775842bf2","url":"http://localhost:3000/api/analytics","method":"POST","msg":"API success","duration":900,"query":{}}
{"level":30,"time":1778016950919,"pid":22368,"hostname":"Innocentius","requestId":"df0222f1-ed56-4215-887d-36f974b34f4c","url":"http://localhost:3000/api/analytics","method":"POST","msg":"analytics event","event":"map_zoom_changed","sessionId":"f42a4256-278f-48f5-89ee-0ad59fa9d88f"}
{"level":30,"time":1778016950921,"pid":22368,"hostname":"Innocentius","requestId":"df0222f1-ed56-4215-887d-36f974b34f4c","url":"http://localhost:3000/api/analytics","method":"POST","msg":"API success","duration":200,"query":{}}
{"level":30,"time":1778016951447,"pid":22368,"hostname":"Innocentius","requestId":"eeb06b4d-62f6-4770-bcdb-4e1396769c25","url":"http://localhost:3000/api/analytics","method":"POST","msg":"analytics event","event":"session_end","sessionId":"f42a4256-278f-48f5-89ee-0ad59fa9d88f"}
{"level":30,"time":1778016951448,"pid":22368,"hostname":"Innocentius","requestId":"eeb06b4d-62f6-4770-bcdb-4e1396769c25","url":"http://localhost:3000/api/analytics","method":"POST","msg":"API success","duration":200,"query":{}}
{"level":30,"time":1778017003979,"pid":22368,"hostname":"Innocentius","requestId":"6ab59328-b60a-4027-87c5-8322bcd854ee","url":"http://localhost:3000/api/analytics","method":"POST","msg":"analytics event","event":"map_zoom_changed","sessionId":"f42a4256-278f-48f5-89ee-0ad59fa9d88f"}
{"level":30,"time":1778017003981,"pid":22368,"hostname":"Innocentius","requestId":"6ab59328-b60a-4027-87c5-8322bcd854ee","url":"http://localhost:3000/api/analytics","method":"POST","msg":"API success","duration":100,"query":{}}
{"level":30,"time":1778017004306,"pid":22368,"hostname":"Innocentius","requestId":"15bf7775-b2ed-437c-b11f-33df99211355","url":"http://localhost:3000/api/analytics","method":"POST","msg":"analytics event","event":"session_end","sessionId":"f42a4256-278f-48f5-89ee-0ad59fa9d88f"}
{"level":30,"time":1778017004307,"pid":22368,"hostname":"Innocentius","requestId":"15bf7775-b2ed-437c-b11f-33df99211355","url":"http://localhost:3000/api/analytics","method":"POST","msg":"API success","duration":50,"query":{}}
{"level":30,"time":1778017017369,"pid":22368,"hostname":"Innocentius","requestId":"4ceab86f-ee75-48f9-86c7-7088362c387f","url":"http://localhost:3000/api/analytics","method":"POST","msg":"analytics event","event":"map_zoom_changed","sessionId":"f42a4256-278f-48f5-89ee-0ad59fa9d88f"}
{"level":30,"time":1778017017370,"pid":22368,"hostname":"Innocentius","requestId":"4ceab86f-ee75-48f9-86c7-7088362c387f","url":"http://localhost:3000/api/analytics","method":"POST","msg":"API success","duration":50,"query":{}}
{"level":30,"time":1778017018092,"pid":22368,"hostname":"Innocentius","requestId":"05cece2a-e51d-4409-803a-e1101500fc98","url":"http://localhost:3000/api/analytics","method":"POST","msg":"analytics event","event":"map_zoom_changed","sessionId":"f42a4256-278f-48f5-89ee-0ad59fa9d88f"}
{"level":30,"time":1778017018093,"pid":22368,"hostname":"Innocentius","requestId":"05cece2a-e51d-4409-803a-e1101500fc98","url":"http://localhost:3000/api/analytics","method":"POST","msg":"API success","duration":100,"query":{}}
{"level":30,"time":1778017018663,"pid":22368,"hostname":"Innocentius","requestId":"e6b90386-0908-4dbc-8140-7b6526bf9452","url":"http://localhost:3000/api/analytics","method":"POST","msg":"analytics event","event":"map_zoom_changed","sessionId":"f42a4256-278f-48f5-89ee-0ad59fa9d88f"}
{"level":30,"time":1778017018664,"pid":22368,"hostname":"Innocentius","requestId":"e6b90386-0908-4dbc-8140-7b6526bf9452","url":"http://localhost:3000/api/analytics","method":"POST","msg":"API success","duration":50,"query":{}}
{"level":30,"time":1778017019205,"pid":22368,"hostname":"Innocentius","requestId":"18dbedf9-40bc-47da-81b8-202ee0689ab7","url":"http://localhost:3000/api/analytics","method":"POST","msg":"analytics event","event":"session_end","sessionId":"f42a4256-278f-48f5-89ee-0ad59fa9d88f"}
{"level":30,"time":1778017019207,"pid":22368,"hostname":"Innocentius","requestId":"18dbedf9-40bc-47da-81b8-202ee0689ab7","url":"http://localhost:3000/api/analytics","method":"POST","msg":"API success","duration":50,"query":{}}
{"level":30,"time":1778017029732,"pid":22368,"hostname":"Innocentius","requestId":"46048fc9-ef63-40bf-9ba2-5d65d34e4809","url":"http://localhost:3000/api/analytics","method":"POST","msg":"analytics event","event":"page_view","sessionId":"f42a4256-278f-48f5-89ee-0ad59fa9d88f"}
{"level":30,"time":1778017029733,"pid":22368,"hostname":"Innocentius","requestId":"46048fc9-ef63-40bf-9ba2-5d65d34e4809","url":"http://localhost:3000/api/analytics","method":"POST","msg":"API success","duration":100,"query":{}}
{"level":30,"time":1778017030670,"pid":22368,"hostname":"Innocentius","requestId":"bc941621-2821-417d-8dc3-ff657a91d4e8","url":"http://localhost:3000/api/analytics","method":"POST","msg":"analytics event","event":"session_end","sessionId":"f42a4256-278f-48f5-89ee-0ad59fa9d88f"}
{"level":30,"time":1778017030673,"pid":22368,"hostname":"Innocentius","requestId":"bc941621-2821-417d-8dc3-ff657a91d4e8","url":"http://localhost:3000/api/analytics","method":"POST","msg":"API success","duration":50,"query":{}}
{"level":30,"time":1778017038097,"pid":22368,"hostname":"Innocentius","requestId":"54c1a146-a719-4454-9156-909d0d8def5b","url":"http://localhost:3000/api/stations?page=1","method":"GET","msg":"API success","duration":200,"query":{"page":"1"}}
{"level":30,"time":1778017038109,"pid":22368,"hostname":"Innocentius","requestId":"41a95a0d-35fd-45e8-b467-99012293cc0e","url":"http://localhost:3000/api/analytics","method":"POST","msg":"analytics event","event":"session_end","sessionId":"f42a4256-278f-48f5-89ee-0ad59fa9d88f"}
{"level":40,"time":1778017038111,"pid":22368,"hostname":"Innocentius","requestId":"41a95a0d-35fd-45e8-b467-99012293cc0e","url":"http://localhost:3000/api/analytics","method":"POST","msg":"Slow request","duration":800}
{"level":30,"time":1778017038111,"pid":22368,"hostname":"Innocentius","requestId":"41a95a0d-35fd-45e8-b467-99012293cc0e","url":"http://localhost:3000/api/analytics","method":"POST","msg":"API success","duration":800,"query":{}}
{"level":30,"time":1778017039702,"pid":22368,"hostname":"Innocentius","requestId":"0864114f-a9d5-478a-a54c-3cec757f47bb","url":"http://localhost:3000/api/measurements/new","method":"GET","msg":"API success","duration":50,"query":{}}
{"level":30,"time":1778017039711,"pid":22368,"hostname":"Innocentius","requestId":"bc1739eb-393c-43ce-aa17-1eab1ee8867b","url":"http://localhost:3000/api/analytics","method":"POST","msg":"analytics event","event":"session_end","sessionId":"f42a4256-278f-48f5-89ee-0ad59fa9d88f"}
{"level":30,"time":1778017039711,"pid":22368,"hostname":"Innocentius","requestId":"84db47b3-aefb-4313-bbfb-232cea9f7e3f","url":"http://localhost:3000/api/analytics","method":"POST","msg":"analytics event","event":"page_view","sessionId":"f42a4256-278f-48f5-89ee-0ad59fa9d88f"}
{"level":40,"time":1778017039712,"pid":22368,"hostname":"Innocentius","requestId":"bc1739eb-393c-43ce-aa17-1eab1ee8867b","url":"http://localhost:3000/api/analytics","method":"POST","msg":"Slow request","duration":650}
{"level":30,"time":1778017039712,"pid":22368,"hostname":"Innocentius","requestId":"bc1739eb-393c-43ce-aa17-1eab1ee8867b","url":"http://localhost:3000/api/analytics","method":"POST","msg":"API success","duration":650,"query":{}}
{"level":40,"time":1778017039714,"pid":22368,"hostname":"Innocentius","requestId":"84db47b3-aefb-4313-bbfb-232cea9f7e3f","url":"http://localhost:3000/api/analytics","method":"POST","msg":"Slow request","duration":650}
{"level":30,"time":1778017039714,"pid":22368,"hostname":"Innocentius","requestId":"84db47b3-aefb-4313-bbfb-232cea9f7e3f","url":"http://localhost:3000/api/analytics","method":"POST","msg":"API success","duration":650,"query":{}}
{"level":30,"time":1778017084438,"pid":22368,"hostname":"Innocentius","requestId":"c66147e7-a3c9-4df1-8790-5de0243c3321","url":"http://localhost:3000/api/analytics","method":"POST","msg":"analytics event","event":"session_end","sessionId":"f42a4256-278f-48f5-89ee-0ad59fa9d88f"}
{"level":30,"time":1778017084439,"pid":22368,"hostname":"Innocentius","requestId":"c66147e7-a3c9-4df1-8790-5de0243c3321","url":"http://localhost:3000/api/analytics","method":"POST","msg":"API success","duration":50,"query":{}}
{"level":30,"time":1778017092088,"pid":22368,"hostname":"Innocentius","requestId":"8b95932c-782f-4eff-bbc7-3df29db27b7f","url":"http://localhost:3000/api/analytics","method":"POST","msg":"analytics event","event":"session_end","sessionId":"f42a4256-278f-48f5-89ee-0ad59fa9d88f"}
{"level":30,"time":1778017092089,"pid":22368,"hostname":"Innocentius","requestId":"8b95932c-782f-4eff-bbc7-3df29db27b7f","url":"http://localhost:3000/api/analytics","method":"POST","msg":"API success","duration":50,"query":{}}
{"level":30,"time":1778017644038,"pid":22368,"hostname":"Innocentius","requestId":"47e5f38e-8353-4333-9a32-1579c173259f","url":"http://localhost:3000/api/analytics","method":"POST","msg":"analytics event","event":"session_end","sessionId":"f42a4256-278f-48f5-89ee-0ad59fa9d88f"}
{"level":30,"time":1778017644039,"pid":22368,"hostname":"Innocentius","requestId":"47e5f38e-8353-4333-9a32-1579c173259f","url":"http://localhost:3000/api/analytics","method":"POST","msg":"API success","duration":50,"query":{}}
{"level":30,"time":1778044524547,"pid":19892,"hostname":"Innocentius","requestId":"b470408d-add3-42b0-9057-817e14b5f417","url":"http://localhost:3000/api/stations/all","method":"GET","msg":"API success","duration":50,"query":{}}
{"level":30,"time":1778044525735,"pid":19892,"hostname":"Innocentius","requestId":"67bccfff-56aa-4e6b-966a-28d6f34fc67e","url":"http://localhost:3000/api/measurements/new","method":"GET","msg":"API success","duration":50,"query":{}}
{"level":30,"time":1778044527035,"pid":19892,"hostname":"Innocentius","requestId":"344b134e-0fd7-4c0b-95b7-7a06eedfabb9","url":"http://localhost:3000/api/stations/all","method":"GET","msg":"API success","duration":0,"query":{}}
{"level":30,"time":1778044527129,"pid":19892,"hostname":"Innocentius","requestId":"e257fee5-0eb5-47e0-b8ab-32d209a88475","url":"http://localhost:3000/api/measurements/new","method":"GET","msg":"API success","duration":50,"query":{}}
{"level":30,"time":1778044531382,"pid":19892,"hostname":"Innocentius","requestId":"853cdea1-17ba-4a90-ae56-e33101bdc6b6","url":"http://localhost:3000/api/measurements/new","method":"GET","msg":"API success","duration":450,"query":{}}
{"level":30,"time":1778044531384,"pid":19892,"hostname":"Innocentius","requestId":"0039ab76-a5ef-47bb-9ea0-25328c2527fc","url":"http://localhost:3000/api/measurements/new","method":"GET","msg":"API success","duration":100,"query":{}}
{"level":30,"time":1778044531400,"pid":19892,"hostname":"Innocentius","requestId":"e2f0ea37-869f-48bc-9a59-17ec489d54cb","url":"http://localhost:3000/api/analytics","method":"POST","msg":"analytics event","event":"session_start","sessionId":"c0f9ef94-1c2d-4f62-9e59-4e6bd12e024e"}
{"level":30,"time":1778044531400,"pid":19892,"hostname":"Innocentius","requestId":"ff158969-5df0-44a8-bd70-1228cc233b81","url":"http://localhost:3000/api/analytics","method":"POST","msg":"analytics event","event":"page_load_timing","sessionId":"c0f9ef94-1c2d-4f62-9e59-4e6bd12e024e"}
{"level":30,"time":1778044531401,"pid":19892,"hostname":"Innocentius","requestId":"0a7db7a4-5e33-463f-83f4-bbe120ffa8fc","url":"http://localhost:3000/api/analytics","method":"POST","msg":"analytics event","event":"page_view","sessionId":"c0f9ef94-1c2d-4f62-9e59-4e6bd12e024e"}
{"level":30,"time":1778044531401,"pid":19892,"hostname":"Innocentius","requestId":"ef2eaa06-27df-4787-9311-ad5f1bfb8e06","url":"http://localhost:3000/api/analytics","method":"POST","msg":"analytics event","event":"session_end","sessionId":"c0f9ef94-1c2d-4f62-9e59-4e6bd12e024e"}
{"level":40,"time":1778044531402,"pid":19892,"hostname":"Innocentius","requestId":"e2f0ea37-869f-48bc-9a59-17ec489d54cb","url":"http://localhost:3000/api/analytics","method":"POST","msg":"Slow request","duration":1300}
{"level":30,"time":1778044531402,"pid":19892,"hostname":"Innocentius","requestId":"e2f0ea37-869f-48bc-9a59-17ec489d54cb","url":"http://localhost:3000/api/analytics","method":"POST","msg":"API success","duration":1300,"query":{}}
{"level":40,"time":1778044531404,"pid":19892,"hostname":"Innocentius","requestId":"ff158969-5df0-44a8-bd70-1228cc233b81","url":"http://localhost:3000/api/analytics","method":"POST","msg":"Slow request","duration":1300}
{"level":30,"time":1778044531404,"pid":19892,"hostname":"Innocentius","requestId":"ff158969-5df0-44a8-bd70-1228cc233b81","url":"http://localhost:3000/api/analytics","method":"POST","msg":"API success","duration":1300,"query":{}}
{"level":40,"time":1778044531408,"pid":19892,"hostname":"Innocentius","requestId":"0a7db7a4-5e33-463f-83f4-bbe120ffa8fc","url":"http://localhost:3000/api/analytics","method":"POST","msg":"Slow request","duration":1350}
{"level":30,"time":1778044531408,"pid":19892,"hostname":"Innocentius","requestId":"0a7db7a4-5e33-463f-83f4-bbe120ffa8fc","url":"http://localhost:3000/api/analytics","method":"POST","msg":"API success","duration":1350,"query":{}}
{"level":40,"time":1778044531410,"pid":19892,"hostname":"Innocentius","requestId":"ef2eaa06-27df-4787-9311-ad5f1bfb8e06","url":"http://localhost:3000/api/analytics","method":"POST","msg":"Slow request","duration":1450}
{"level":30,"time":1778044531410,"pid":19892,"hostname":"Innocentius","requestId":"ef2eaa06-27df-4787-9311-ad5f1bfb8e06","url":"http://localhost:3000/api/analytics","method":"POST","msg":"API success","duration":1450,"query":{}}
{"level":30,"time":1778045186197,"pid":19892,"hostname":"Innocentius","requestId":"b1c21e75-6eb9-4c59-882a-adab27ffc56e","url":"http://localhost:3000/api/analytics","method":"POST","msg":"analytics event","event":"session_end","sessionId":"c0f9ef94-1c2d-4f62-9e59-4e6bd12e024e"}
{"level":30,"time":1778045186199,"pid":19892,"hostname":"Innocentius","requestId":"b1c21e75-6eb9-4c59-882a-adab27ffc56e","url":"http://localhost:3000/api/analytics","method":"POST","msg":"API success","duration":150,"query":{}}
{"level":30,"time":1778045279440,"pid":19892,"hostname":"Innocentius","requestId":"0403e52f-9d95-4311-bb03-31f8659917ae","url":"http://localhost:3000/api/analytics","method":"POST","msg":"analytics event","event":"map_station_selected","sessionId":"c0f9ef94-1c2d-4f62-9e59-4e6bd12e024e"}
{"level":30,"time":1778045279443,"pid":19892,"hostname":"Innocentius","requestId":"0403e52f-9d95-4311-bb03-31f8659917ae","url":"http://localhost:3000/api/analytics","method":"POST","msg":"API success","duration":150,"query":{}}
{"level":30,"time":1778045280710,"pid":19892,"hostname":"Innocentius","requestId":"3eaa2841-e589-4049-b5c2-97030596e871","url":"http://localhost:3000/api/measurements?stationId=6","method":"GET","msg":"API success","duration":0,"query":{"stationId":"6"}}
{"level":30,"time":1778045280788,"pid":19892,"hostname":"Innocentius","requestId":"dec2da9f-4548-4c6f-b749-0437f02d5415","url":"http://localhost:3000/api/measurements?stationId=6","method":"GET","msg":"API success","duration":0,"query":{"stationId":"6"}}
{"level":30,"time":1778045282195,"pid":19892,"hostname":"Innocentius","requestId":"96f04363-ae46-425d-8850-c6a978fccf2b","url":"http://localhost:3000/api/analytics","method":"POST","msg":"analytics event","event":"map_station_selected","sessionId":"c0f9ef94-1c2d-4f62-9e59-4e6bd12e024e"}
{"level":30,"time":1778045282197,"pid":19892,"hostname":"Innocentius","requestId":"96f04363-ae46-425d-8850-c6a978fccf2b","url":"http://localhost:3000/api/analytics","method":"POST","msg":"API success","duration":200,"query":{}}
{"level":30,"time":1778045282918,"pid":19892,"hostname":"Innocentius","requestId":"37366daf-ce94-437a-bd81-3f1e1c5f46ce","url":"http://localhost:3000/api/analytics","method":"POST","msg":"analytics event","event":"map_zoom_changed","sessionId":"c0f9ef94-1c2d-4f62-9e59-4e6bd12e024e"}
{"level":30,"time":1778045282920,"pid":19892,"hostname":"Innocentius","requestId":"37366daf-ce94-437a-bd81-3f1e1c5f46ce","url":"http://localhost:3000/api/analytics","method":"POST","msg":"API success","duration":150,"query":{}}
{"level":30,"time":1778045284148,"pid":19892,"hostname":"Innocentius","requestId":"b9eee53a-4369-45b6-a073-174ce3a1e465","url":"http://localhost:3000/api/analytics","method":"POST","msg":"analytics event","event":"map_station_selected","sessionId":"c0f9ef94-1c2d-4f62-9e59-4e6bd12e024e"}
{"level":30,"time":1778045284149,"pid":19892,"hostname":"Innocentius","requestId":"b9eee53a-4369-45b6-a073-174ce3a1e465","url":"http://localhost:3000/api/analytics","method":"POST","msg":"API success","duration":50,"query":{}}
{"level":30,"time":1778045286549,"pid":19892,"hostname":"Innocentius","requestId":"ddba1d1d-5556-452d-8c46-6685c3672e36","url":"http://localhost:3000/api/analytics","method":"POST","msg":"analytics event","event":"map_zoom_changed","sessionId":"c0f9ef94-1c2d-4f62-9e59-4e6bd12e024e"}
{"level":30,"time":1778045286550,"pid":19892,"hostname":"Innocentius","requestId":"ddba1d1d-5556-452d-8c46-6685c3672e36","url":"http://localhost:3000/api/analytics","method":"POST","msg":"API success","duration":50,"query":{}}
{"level":30,"time":1778045287397,"pid":19892,"hostname":"Innocentius","requestId":"f4e9743f-2605-4e90-8853-abbe4b5b46c7","url":"http://localhost:3000/api/analytics","method":"POST","msg":"analytics event","event":"map_zoom_changed","sessionId":"c0f9ef94-1c2d-4f62-9e59-4e6bd12e024e"}
{"level":30,"time":1778045287398,"pid":19892,"hostname":"Innocentius","requestId":"f4e9743f-2605-4e90-8853-abbe4b5b46c7","url":"http://localhost:3000/api/analytics","method":"POST","msg":"API success","duration":50,"query":{}}
{"level":30,"time":1778045290828,"pid":19892,"hostname":"Innocentius","requestId":"7cc17c90-1ee8-4bd3-a520-bd47d1a4479f","url":"http://localhost:3000/api/analytics","method":"POST","msg":"analytics event","event":"session_end","sessionId":"c0f9ef94-1c2d-4f62-9e59-4e6bd12e024e"}
{"level":30,"time":1778045290829,"pid":19892,"hostname":"Innocentius","requestId":"7cc17c90-1ee8-4bd3-a520-bd47d1a4479f","url":"http://localhost:3000/api/analytics","method":"POST","msg":"API success","duration":50,"query":{}}
{"level":30,"time":1778045329805,"pid":19892,"hostname":"Innocentius","requestId":"9df13ab9-4bb0-4ccc-af49-f807fbeaf2fc","url":"http://localhost:3000/api/analytics","method":"POST","msg":"analytics event","event":"session_end","sessionId":"c0f9ef94-1c2d-4f62-9e59-4e6bd12e024e"}
{"level":30,"time":1778045329806,"pid":19892,"hostname":"Innocentius","requestId":"9df13ab9-4bb0-4ccc-af49-f807fbeaf2fc","url":"http://localhost:3000/api/analytics","method":"POST","msg":"API success","duration":100,"query":{}}
{"level":30,"time":1778045458894,"pid":19892,"hostname":"Innocentius","requestId":"92706b2f-ccc8-4e1a-ab00-e713f4fb117b","url":"http://localhost:3000/api/analytics","method":"POST","msg":"analytics event","event":"session_end","sessionId":"c0f9ef94-1c2d-4f62-9e59-4e6bd12e024e"}
{"level":30,"time":1778045458897,"pid":19892,"hostname":"Innocentius","requestId":"92706b2f-ccc8-4e1a-ab00-e713f4fb117b","url":"http://localhost:3000/api/analytics","method":"POST","msg":"API success","duration":150,"query":{}}
{"level":30,"time":1778045487963,"pid":19892,"hostname":"Innocentius","requestId":"0e6f5f2f-c3a7-4b1f-886a-44a3d1ca67fe","url":"http://localhost:3000/api/analytics","method":"POST","msg":"analytics event","event":"session_end","sessionId":"c0f9ef94-1c2d-4f62-9e59-4e6bd12e024e"}
{"level":30,"time":1778045487964,"pid":19892,"hostname":"Innocentius","requestId":"0e6f5f2f-c3a7-4b1f-886a-44a3d1ca67fe","url":"http://localhost:3000/api/analytics","method":"POST","msg":"API success","duration":100,"query":{}}
{"level":30,"time":1778045604801,"pid":19892,"hostname":"Innocentius","requestId":"1d3d6e33-bf7d-43c0-85d3-8351540f9491","url":"http://localhost:3000/api/analytics","method":"POST","msg":"analytics event","event":"session_end","sessionId":"c0f9ef94-1c2d-4f62-9e59-4e6bd12e024e"}
{"level":30,"time":1778045604802,"pid":19892,"hostname":"Innocentius","requestId":"1d3d6e33-bf7d-43c0-85d3-8351540f9491","url":"http://localhost:3000/api/analytics","method":"POST","msg":"API success","duration":50,"query":{}}
{"level":30,"time":1778045815646,"pid":19892,"hostname":"Innocentius","requestId":"5ccb89e3-4feb-43c6-b4e3-dd00288e4901","url":"http://localhost:3000/api/analytics","method":"POST","msg":"analytics event","event":"map_zoom_changed","sessionId":"c0f9ef94-1c2d-4f62-9e59-4e6bd12e024e"}
{"level":30,"time":1778045815648,"pid":19892,"hostname":"Innocentius","requestId":"5ccb89e3-4feb-43c6-b4e3-dd00288e4901","url":"http://localhost:3000/api/analytics","method":"POST","msg":"API success","duration":50,"query":{}}
{"level":30,"time":1778045816198,"pid":19892,"hostname":"Innocentius","requestId":"fbdc8bed-f767-4d83-933a-173aa5e43c6a","url":"http://localhost:3000/api/analytics","method":"POST","msg":"analytics event","event":"map_zoom_changed","sessionId":"c0f9ef94-1c2d-4f62-9e59-4e6bd12e024e"}
{"level":30,"time":1778045816199,"pid":19892,"hostname":"Innocentius","requestId":"fbdc8bed-f767-4d83-933a-173aa5e43c6a","url":"http://localhost:3000/api/analytics","method":"POST","msg":"API success","duration":50,"query":{}}
{"level":30,"time":1778045816794,"pid":19892,"hostname":"Innocentius","requestId":"de16d2ce-a564-49b1-8eb0-e1ec64d446e0","url":"http://localhost:3000/api/analytics","method":"POST","msg":"analytics event","event":"map_zoom_changed","sessionId":"c0f9ef94-1c2d-4f62-9e59-4e6bd12e024e"}
{"level":30,"time":1778045816797,"pid":19892,"hostname":"Innocentius","requestId":"de16d2ce-a564-49b1-8eb0-e1ec64d446e0","url":"http://localhost:3000/api/analytics","method":"POST","msg":"API success","duration":100,"query":{}}
{"level":30,"time":1778045817623,"pid":19892,"hostname":"Innocentius","requestId":"baa9efa8-a4ed-45c5-a0d7-d558fca5901d","url":"http://localhost:3000/api/analytics","method":"POST","msg":"analytics event","event":"map_zoom_changed","sessionId":"c0f9ef94-1c2d-4f62-9e59-4e6bd12e024e"}
{"level":30,"time":1778045817625,"pid":19892,"hostname":"Innocentius","requestId":"baa9efa8-a4ed-45c5-a0d7-d558fca5901d","url":"http://localhost:3000/api/analytics","method":"POST","msg":"API success","duration":100,"query":{}}
{"level":30,"time":1778045818464,"pid":19892,"hostname":"Innocentius","requestId":"05c64cd8-8139-4f9b-ac0a-60bf8cc67a95","url":"http://localhost:3000/api/analytics","method":"POST","msg":"analytics event","event":"map_zoom_changed","sessionId":"c0f9ef94-1c2d-4f62-9e59-4e6bd12e024e"}
{"level":30,"time":1778045818465,"pid":19892,"hostname":"Innocentius","requestId":"05c64cd8-8139-4f9b-ac0a-60bf8cc67a95","url":"http://localhost:3000/api/analytics","method":"POST","msg":"API success","duration":100,"query":{}}
{"level":30,"time":1778045819213,"pid":19892,"hostname":"Innocentius","requestId":"a10cd5d2-e977-4d56-be47-3ed39996b42a","url":"http://localhost:3000/api/analytics","method":"POST","msg":"analytics event","event":"session_end","sessionId":"c0f9ef94-1c2d-4f62-9e59-4e6bd12e024e"}
{"level":30,"time":1778045819215,"pid":19892,"hostname":"Innocentius","requestId":"a10cd5d2-e977-4d56-be47-3ed39996b42a","url":"http://localhost:3000/api/analytics","method":"POST","msg":"API success","duration":50,"query":{}}
{"level":30,"time":1778045839173,"pid":19892,"hostname":"Innocentius","requestId":"3df4ab14-87bd-48e4-bf43-5c6e4f172d88","url":"http://localhost:3000/api/analytics","method":"POST","msg":"analytics event","event":"map_station_selected","sessionId":"c0f9ef94-1c2d-4f62-9e59-4e6bd12e024e"}
{"level":30,"time":1778045839174,"pid":19892,"hostname":"Innocentius","requestId":"3df4ab14-87bd-48e4-bf43-5c6e4f172d88","url":"http://localhost:3000/api/analytics","method":"POST","msg":"API success","duration":150,"query":{}}
{"level":30,"time":1778045843615,"pid":19892,"hostname":"Innocentius","requestId":"082dbbf4-87d4-410b-b228-8f63fd680a21","url":"http://localhost:3000/api/analytics","method":"POST","msg":"analytics event","event":"session_end","sessionId":"c0f9ef94-1c2d-4f62-9e59-4e6bd12e024e"}
{"level":30,"time":1778045843617,"pid":19892,"hostname":"Innocentius","requestId":"082dbbf4-87d4-410b-b228-8f63fd680a21","url":"http://localhost:3000/api/analytics","method":"POST","msg":"API success","duration":100,"query":{}}
{"level":30,"time":1778045857265,"pid":19892,"hostname":"Innocentius","requestId":"312c729e-546c-4be4-9f02-aaf1fe27fe05","url":"http://localhost:3000/api/stations?page=1","method":"GET","msg":"API success","duration":50,"query":{"page":"1"}}
{"level":30,"time":1778045858195,"pid":19892,"hostname":"Innocentius","requestId":"33f0d48a-0fdc-4d8e-9f92-8adf98dedf79","url":"http://localhost:3000/api/measurements/new","method":"GET","msg":"API success","duration":50,"query":{}}
{"level":30,"time":1778045858857,"pid":19892,"hostname":"Innocentius","requestId":"139f9925-545a-4ec2-996d-f5b46ba8a313","url":"http://localhost:3000/api/analytics","method":"POST","msg":"analytics event","event":"page_view","sessionId":"c0f9ef94-1c2d-4f62-9e59-4e6bd12e024e"}
{"level":30,"time":1778045858859,"pid":19892,"hostname":"Innocentius","requestId":"139f9925-545a-4ec2-996d-f5b46ba8a313","url":"http://localhost:3000/api/analytics","method":"POST","msg":"API success","duration":150,"query":{}}
{"level":30,"time":1778045860012,"pid":19892,"hostname":"Innocentius","requestId":"bb7004df-007f-4271-bd3c-bd7ff504101d","url":"http://localhost:3000/api/analytics","method":"POST","msg":"analytics event","event":"session_end","sessionId":"c0f9ef94-1c2d-4f62-9e59-4e6bd12e024e"}
{"level":30,"time":1778045860014,"pid":19892,"hostname":"Innocentius","requestId":"bb7004df-007f-4271-bd3c-bd7ff504101d","url":"http://localhost:3000/api/analytics","method":"POST","msg":"API success","duration":150,"query":{}}
{"level":30,"time":1778045874306,"pid":19892,"hostname":"Innocentius","requestId":"3625a825-3807-4cff-8821-1ad70903a362","url":"http://localhost:3000/api/stations/1","method":"GET","msg":"API success","duration":50,"query":{}}
{"level":30,"time":1778045875858,"pid":19892,"hostname":"Innocentius","requestId":"3ee2580e-c358-4146-aad8-255421930111","url":"http://localhost:3000/api/analytics","method":"POST","msg":"analytics event","event":"page_view","sessionId":"c0f9ef94-1c2d-4f62-9e59-4e6bd12e024e"}
{"level":30,"time":1778045875858,"pid":19892,"hostname":"Innocentius","requestId":"35fd5edc-121e-4c88-afdc-824a712421c9","url":"http://localhost:3000/api/analytics","method":"POST","msg":"analytics event","event":"station_detail_viewed","sessionId":"c0f9ef94-1c2d-4f62-9e59-4e6bd12e024e"}
{"level":30,"time":1778045875858,"pid":19892,"hostname":"Innocentius","requestId":"7168db5e-9e8b-4efc-a1d6-981a1aa1561a","url":"http://localhost:3000/api/analytics","method":"POST","msg":"analytics event","event":"station_detail_viewed","sessionId":"c0f9ef94-1c2d-4f62-9e59-4e6bd12e024e"}
{"level":30,"time":1778045875860,"pid":19892,"hostname":"Innocentius","requestId":"3ee2580e-c358-4146-aad8-255421930111","url":"http://localhost:3000/api/analytics","method":"POST","msg":"API success","duration":200,"query":{}}
{"level":30,"time":1778045875861,"pid":19892,"hostname":"Innocentius","requestId":"35fd5edc-121e-4c88-afdc-824a712421c9","url":"http://localhost:3000/api/analytics","method":"POST","msg":"API success","duration":250,"query":{}}
{"level":30,"time":1778045875863,"pid":19892,"hostname":"Innocentius","requestId":"7168db5e-9e8b-4efc-a1d6-981a1aa1561a","url":"http://localhost:3000/api/analytics","method":"POST","msg":"API success","duration":250,"query":{}}
{"level":30,"time":1778045877721,"pid":19892,"hostname":"Innocentius","requestId":"1f3714cc-e002-42b8-ba46-90bd1870f1d5","url":"http://localhost:3000/api/measurements?stationId=1","method":"GET","msg":"API success","duration":50,"query":{"stationId":"1"}}
{"level":30,"time":1778045877805,"pid":19892,"hostname":"Innocentius","requestId":"3051542c-27a2-42d8-8756-48b164fd7f85","url":"http://localhost:3000/api/measurements?stationId=1","method":"GET","msg":"API success","duration":0,"query":{"stationId":"1"}}
{"level":30,"time":1778045881953,"pid":19892,"hostname":"Innocentius","requestId":"6e57b73d-dc11-43fc-b918-a39f804bb861","url":"http://localhost:3000/api/analytics","method":"POST","msg":"analytics event","event":"session_end","sessionId":"c0f9ef94-1c2d-4f62-9e59-4e6bd12e024e"}
{"level":30,"time":1778045881958,"pid":19892,"hostname":"Innocentius","requestId":"6e57b73d-dc11-43fc-b918-a39f804bb861","url":"http://localhost:3000/api/analytics","method":"POST","msg":"API success","duration":450,"query":{}}
{"level":30,"time":1778045901314,"pid":19892,"hostname":"Innocentius","requestId":"7278e6ae-31e5-4193-adb0-a2759531c7ec","url":"http://localhost:3000/api/analytics","method":"POST","msg":"analytics event","event":"data_exported","sessionId":"c0f9ef94-1c2d-4f62-9e59-4e6bd12e024e"}
{"level":30,"time":1778045901315,"pid":19892,"hostname":"Innocentius","requestId":"7278e6ae-31e5-4193-adb0-a2759531c7ec","url":"http://localhost:3000/api/analytics","method":"POST","msg":"API success","duration":100,"query":{}}
{"level":30,"time":1778045904044,"pid":19892,"hostname":"Innocentius","requestId":"7ceabcde-5562-44e9-ac1c-b917bdf46ba9","url":"http://localhost:3000/api/analytics","method":"POST","msg":"analytics event","event":"session_end","sessionId":"c0f9ef94-1c2d-4f62-9e59-4e6bd12e024e"}
{"level":30,"time":1778045904046,"pid":19892,"hostname":"Innocentius","requestId":"7ceabcde-5562-44e9-ac1c-b917bdf46ba9","url":"http://localhost:3000/api/analytics","method":"POST","msg":"API success","duration":350,"query":{}}
{"level":30,"time":1778045904988,"pid":19892,"hostname":"Innocentius","requestId":"181e5b84-b655-483a-a53e-12033149ab62","url":"http://localhost:3000/api/stations/1/export","method":"GET","msg":"API success","duration":50,"query":{}}
{"level":30,"time":1778045913403,"pid":19892,"hostname":"Innocentius","requestId":"deffd8e3-710d-46dc-b336-91e22564b659","url":"http://localhost:3000/api/analytics","method":"POST","msg":"analytics event","event":"session_end","sessionId":"c0f9ef94-1c2d-4f62-9e59-4e6bd12e024e"}
{"level":30,"time":1778045913405,"pid":19892,"hostname":"Innocentius","requestId":"deffd8e3-710d-46dc-b336-91e22564b659","url":"http://localhost:3000/api/analytics","method":"POST","msg":"API success","duration":150,"query":{}}
{"level":30,"time":1778045923195,"pid":19892,"hostname":"Innocentius","requestId":"63429070-a36d-4169-8fdb-98ce35e9aefe","url":"http://localhost:3000/api/analytics","method":"POST","msg":"analytics event","event":"data_exported","sessionId":"c0f9ef94-1c2d-4f62-9e59-4e6bd12e024e"}
{"level":30,"time":1778045923196,"pid":19892,"hostname":"Innocentius","requestId":"63429070-a36d-4169-8fdb-98ce35e9aefe","url":"http://localhost:3000/api/analytics","method":"POST","msg":"API success","duration":100,"query":{}}
{"level":30,"time":1778045923228,"pid":19892,"hostname":"Innocentius","requestId":"f2387c7e-67ba-44bf-bfb9-f00bb2a4084f","url":"http://localhost:3000/api/stations/1/export","method":"GET","msg":"API success","duration":50,"query":{}}
{"level":30,"time":1778045923444,"pid":19892,"hostname":"Innocentius","requestId":"da392f56-14d8-45a9-8b07-09a6acb3a5ee","url":"http://localhost:3000/api/analytics","method":"POST","msg":"analytics event","event":"session_end","sessionId":"c0f9ef94-1c2d-4f62-9e59-4e6bd12e024e"}
{"level":30,"time":1778045923446,"pid":19892,"hostname":"Innocentius","requestId":"da392f56-14d8-45a9-8b07-09a6acb3a5ee","url":"http://localhost:3000/api/analytics","method":"POST","msg":"API success","duration":50,"query":{}}
{"level":30,"time":1778045944969,"pid":19892,"hostname":"Innocentius","requestId":"0100d505-d8d8-4abd-9f37-996fae45d637","url":"http://localhost:3000/api/stations?page=1","method":"GET","msg":"API success","duration":50,"query":{"page":"1"}}
{"level":30,"time":1778045945081,"pid":19892,"hostname":"Innocentius","requestId":"46ee0500-3945-442d-9c79-7de124286a78","url":"http://localhost:3000/api/measurements/new","method":"GET","msg":"API success","duration":0,"query":{}}
{"level":30,"time":1778045945267,"pid":19892,"hostname":"Innocentius","requestId":"b518abbb-8cb3-4a94-9e79-75219e81325e","url":"http://localhost:3000/api/analytics","method":"POST","msg":"analytics event","event":"page_view","sessionId":"c0f9ef94-1c2d-4f62-9e59-4e6bd12e024e"}
{"level":30,"time":1778045945269,"pid":19892,"hostname":"Innocentius","requestId":"b518abbb-8cb3-4a94-9e79-75219e81325e","url":"http://localhost:3000/api/analytics","method":"POST","msg":"API success","duration":150,"query":{}}
{"level":30,"time":1778045947176,"pid":19892,"hostname":"Innocentius","requestId":"1409d5a7-68a1-4f42-ba3f-e01a7825ca14","url":"http://localhost:3000/api/stations/3","method":"GET","msg":"API success","duration":50,"query":{}}
{"level":30,"time":1778045947441,"pid":19892,"hostname":"Innocentius","requestId":"67a1c06d-99d9-4be0-b3f7-1b3ea3ef10af","url":"http://localhost:3000/api/analytics","method":"POST","msg":"analytics event","event":"page_view","sessionId":"c0f9ef94-1c2d-4f62-9e59-4e6bd12e024e"}
{"level":30,"time":1778045947441,"pid":19892,"hostname":"Innocentius","requestId":"68ecc5bd-e59f-461e-88b4-9870641278e5","url":"http://localhost:3000/api/analytics","method":"POST","msg":"analytics event","event":"station_detail_viewed","sessionId":"c0f9ef94-1c2d-4f62-9e59-4e6bd12e024e"}
{"level":30,"time":1778045947441,"pid":19892,"hostname":"Innocentius","requestId":"cd1e0226-5d0e-4ec4-bbab-0d94557e945c","url":"http://localhost:3000/api/analytics","method":"POST","msg":"analytics event","event":"station_detail_viewed","sessionId":"c0f9ef94-1c2d-4f62-9e59-4e6bd12e024e"}
{"level":30,"time":1778045947442,"pid":19892,"hostname":"Innocentius","requestId":"67a1c06d-99d9-4be0-b3f7-1b3ea3ef10af","url":"http://localhost:3000/api/analytics","method":"POST","msg":"API success","duration":200,"query":{}}
{"level":30,"time":1778045947444,"pid":19892,"hostname":"Innocentius","requestId":"68ecc5bd-e59f-461e-88b4-9870641278e5","url":"http://localhost:3000/api/analytics","method":"POST","msg":"API success","duration":250,"query":{}}
{"level":30,"time":1778045947446,"pid":19892,"hostname":"Innocentius","requestId":"cd1e0226-5d0e-4ec4-bbab-0d94557e945c","url":"http://localhost:3000/api/analytics","method":"POST","msg":"API success","duration":250,"query":{}}
{"level":30,"time":1778045947482,"pid":19892,"hostname":"Innocentius","requestId":"96239e15-8ad7-4c0e-b663-489586ec0926","url":"http://localhost:3000/api/measurements?stationId=3","method":"GET","msg":"API success","duration":50,"query":{"stationId":"3"}}
{"level":30,"time":1778045947537,"pid":19892,"hostname":"Innocentius","requestId":"01f08f69-b133-4410-be22-6f19c8bc4ea4","url":"http://localhost:3000/api/measurements?stationId=3","method":"GET","msg":"API success","duration":50,"query":{"stationId":"3"}}
{"level":30,"time":1778045949973,"pid":19892,"hostname":"Innocentius","requestId":"e34035e4-6cc7-4486-be29-48372a1d5c5f","url":"http://localhost:3000/api/analytics","method":"POST","msg":"analytics event","event":"data_exported","sessionId":"c0f9ef94-1c2d-4f62-9e59-4e6bd12e024e"}
{"level":30,"time":1778045949975,"pid":19892,"hostname":"Innocentius","requestId":"e34035e4-6cc7-4486-be29-48372a1d5c5f","url":"http://localhost:3000/api/analytics","method":"POST","msg":"API success","duration":150,"query":{}}
{"level":30,"time":1778045950063,"pid":19892,"hostname":"Innocentius","requestId":"423fb01f-62fe-4071-9e0c-9117e946bf18","url":"http://localhost:3000/api/stations/3/export","method":"GET","msg":"API success","duration":100,"query":{}}
{"level":30,"time":1778045950291,"pid":19892,"hostname":"Innocentius","requestId":"93d73b56-432f-4a88-80ad-74f79a7c343b","url":"http://localhost:3000/api/analytics","method":"POST","msg":"analytics event","event":"session_end","sessionId":"c0f9ef94-1c2d-4f62-9e59-4e6bd12e024e"}
{"level":30,"time":1778045950293,"pid":19892,"hostname":"Innocentius","requestId":"93d73b56-432f-4a88-80ad-74f79a7c343b","url":"http://localhost:3000/api/analytics","method":"POST","msg":"API success","duration":100,"query":{}}
{"level":30,"time":1778045954170,"pid":19892,"hostname":"Innocentius","requestId":"d11a9baa-5272-4d89-804b-fb665ee09e92","url":"http://localhost:3000/api/analytics","method":"POST","msg":"analytics event","event":"session_end","sessionId":"c0f9ef94-1c2d-4f62-9e59-4e6bd12e024e"}
{"level":30,"time":1778045954172,"pid":19892,"hostname":"Innocentius","requestId":"d11a9baa-5272-4d89-804b-fb665ee09e92","url":"http://localhost:3000/api/analytics","method":"POST","msg":"API success","duration":100,"query":{}}
{"level":30,"time":1778045968830,"pid":19892,"hostname":"Innocentius","requestId":"ac0b23d9-855d-4f7e-a0df-f50e05560471","url":"http://localhost:3000/api/analytics","method":"POST","msg":"analytics event","event":"session_end","sessionId":"c0f9ef94-1c2d-4f62-9e59-4e6bd12e024e"}
{"level":30,"time":1778045968833,"pid":19892,"hostname":"Innocentius","requestId":"ac0b23d9-855d-4f7e-a0df-f50e05560471","url":"http://localhost:3000/api/analytics","method":"POST","msg":"API success","duration":150,"query":{}}
{"level":40,"time":1778045984024,"pid":19892,"hostname":"Innocentius","requestId":"fdc60ba4-829d-4c35-b2b6-6a2f08e2a7c5","url":"http://localhost:3000/api/stations/16","method":"GET","msg":"Client error","status":404,"duration":1,"error":"Station not found"}
{"level":30,"time":1778045984419,"pid":19892,"hostname":"Innocentius","requestId":"b3b2959c-fbca-4509-885c-ec96040152f6","url":"http://localhost:3000/api/analytics","method":"POST","msg":"analytics event","event":"session_end","sessionId":"c0f9ef94-1c2d-4f62-9e59-4e6bd12e024e"}
{"level":30,"time":1778045984421,"pid":19892,"hostname":"Innocentius","requestId":"b3b2959c-fbca-4509-885c-ec96040152f6","url":"http://localhost:3000/api/analytics","method":"POST","msg":"API success","duration":100,"query":{}}
{"level":30,"time":1778045986060,"pid":19892,"hostname":"Innocentius","requestId":"537a7013-abb6-48df-955a-71de6e83b18a","url":"http://localhost:3000/api/analytics","method":"POST","msg":"analytics event","event":"page_load_timing","sessionId":"c0f9ef94-1c2d-4f62-9e59-4e6bd12e024e"}
{"level":30,"time":1778045986060,"pid":19892,"hostname":"Innocentius","requestId":"2d8b0711-21b0-4303-9ba9-a66c2b416b0d","url":"http://localhost:3000/api/analytics","method":"POST","msg":"analytics event","event":"page_view","sessionId":"c0f9ef94-1c2d-4f62-9e59-4e6bd12e024e"}
{"level":30,"time":1778045986061,"pid":19892,"hostname":"Innocentius","requestId":"537a7013-abb6-48df-955a-71de6e83b18a","url":"http://localhost:3000/api/analytics","method":"POST","msg":"API success","duration":100,"query":{}}
{"level":30,"time":1778045986063,"pid":19892,"hostname":"Innocentius","requestId":"2d8b0711-21b0-4303-9ba9-a66c2b416b0d","url":"http://localhost:3000/api/analytics","method":"POST","msg":"API success","duration":100,"query":{}}
{"level":40,"time":1778045986302,"pid":19892,"hostname":"Innocentius","requestId":"3966bc87-26aa-4cb7-8a27-f77eb3cfea45","url":"http://localhost:3000/api/stations/16","method":"GET","msg":"Client error","status":404,"duration":0,"error":"Station not found"}
{"level":40,"time":1778045988098,"pid":19892,"hostname":"Innocentius","requestId":"4ad9573d-2b1d-4189-97e6-842eb1d99aa1","url":"http://localhost:3000/api/stations/16","method":"GET","msg":"Client error","status":404,"duration":1,"error":"Station not found"}
{"level":40,"time":1778045989699,"pid":19892,"hostname":"Innocentius","requestId":"55254e17-57b8-4ae6-ac69-9ca85e0e3cba","url":"http://localhost:3000/api/stations/16","method":"GET","msg":"Client error","status":404,"duration":0,"error":"Station not found"}
{"level":30,"time":1778045991693,"pid":19892,"hostname":"Innocentius","requestId":"6d0a2a32-f7db-498b-93a9-19d07ac06624","url":"http://localhost:3000/api/analytics","method":"POST","msg":"analytics event","event":"session_end","sessionId":"c0f9ef94-1c2d-4f62-9e59-4e6bd12e024e"}
{"level":30,"time":1778045991694,"pid":19892,"hostname":"Innocentius","requestId":"6d0a2a32-f7db-498b-93a9-19d07ac06624","url":"http://localhost:3000/api/analytics","method":"POST","msg":"API success","duration":100,"query":{}}
{"level":40,"time":1778045991891,"pid":19892,"hostname":"Innocentius","requestId":"d1f01284-72ac-4b76-a1db-ae31d8e36aed","url":"http://localhost:3000/api/stations/16","method":"GET","msg":"Client error","status":404,"duration":1,"error":"Station not found"}
{"level":40,"time":1778045993516,"pid":19892,"hostname":"Innocentius","requestId":"1af6e626-84a9-4936-8056-875b40b8b9a8","url":"http://localhost:3000/api/stations/16","method":"GET","msg":"Client error","status":404,"duration":1,"error":"Station not found"}
{"level":40,"time":1778045995499,"pid":19892,"hostname":"Innocentius","requestId":"c018a7ff-53f5-439d-bd6a-1cb24ffabbbb","url":"http://localhost:3000/api/stations/16","method":"GET","msg":"Client error","status":404,"duration":0,"error":"Station not found"}
{"level":40,"time":1778045995733,"pid":19892,"hostname":"Innocentius","requestId":"fae760be-0695-486c-9306-71797450aafa","url":"http://localhost:3000/api/stations/16","method":"GET","msg":"Client error","status":404,"duration":1,"error":"Station not found"}
{"level":40,"time":1778045997203,"pid":19892,"hostname":"Innocentius","requestId":"44d92df0-5727-4c29-90d7-76921a76ca52","url":"http://localhost:3000/api/stations/16","method":"GET","msg":"Client error","status":404,"duration":1,"error":"Station not found"}
{"level":40,"time":1778045999355,"pid":19892,"hostname":"Innocentius","requestId":"09842995-b319-478e-8d40-cfffcf73b036","url":"http://localhost:3000/api/stations/16","method":"GET","msg":"Client error","status":404,"duration":0,"error":"Station not found"}
{"level":40,"time":1778046000960,"pid":19892,"hostname":"Innocentius","requestId":"49cfece0-16d9-4f93-85a8-d755d0284ed3","url":"http://localhost:3000/api/stations/16","method":"GET","msg":"Client error","status":404,"duration":1,"error":"Station not found"}
{"level":40,"time":1778046002861,"pid":19892,"hostname":"Innocentius","requestId":"adc51335-fa34-4467-8b84-c830b325bbff","url":"http://localhost:3000/api/stations/16","method":"GET","msg":"Client error","status":404,"duration":1,"error":"Station not found"}
{"level":40,"time":1778046004690,"pid":19892,"hostname":"Innocentius","requestId":"4518bbf9-05f6-448b-b623-43be33d823b1","url":"http://localhost:3000/api/stations/16","method":"GET","msg":"Client error","status":404,"duration":1,"error":"Station not found"}
{"level":30,"time":1778046005929,"pid":19892,"hostname":"Innocentius","requestId":"06d1fb34-3c7d-4755-8a87-5818046b5393","url":"http://localhost:3000/api/stations/2","method":"GET","msg":"API success","duration":0,"query":{}}
{"level":30,"time":1778046006990,"pid":19892,"hostname":"Innocentius","requestId":"ca7d0f90-ca8d-4a0a-8638-65f7fda33bec","url":"http://localhost:3000/api/analytics","method":"POST","msg":"analytics event","event":"session_end","sessionId":"c0f9ef94-1c2d-4f62-9e59-4e6bd12e024e"}
{"level":30,"time":1778046006992,"pid":19892,"hostname":"Innocentius","requestId":"ca7d0f90-ca8d-4a0a-8638-65f7fda33bec","url":"http://localhost:3000/api/analytics","method":"POST","msg":"API success","duration":100,"query":{}}
{"level":30,"time":1778046022707,"pid":19892,"hostname":"Innocentius","requestId":"e5fc7e35-521c-485c-a7fe-e4356eed9341","url":"http://localhost:3000/api/stations?page=1","method":"GET","msg":"API success","duration":0,"query":{"page":"1"}}
{"level":30,"time":1778046022786,"pid":19892,"hostname":"Innocentius","requestId":"875be721-6785-44ba-8c12-267daf3d9f71","url":"http://localhost:3000/api/measurements/new","method":"GET","msg":"API success","duration":0,"query":{}}
{"level":30,"time":1778046024654,"pid":19892,"hostname":"Innocentius","requestId":"c5a22ea0-0274-45b4-9094-2798fa7c5f39","url":"http://localhost:3000/api/analytics","method":"POST","msg":"analytics event","event":"page_load_timing","sessionId":"c0f9ef94-1c2d-4f62-9e59-4e6bd12e024e"}
{"level":30,"time":1778046024654,"pid":19892,"hostname":"Innocentius","requestId":"d8daec48-0ced-40f8-bc55-5c22f4e08cfa","url":"http://localhost:3000/api/analytics","method":"POST","msg":"analytics event","event":"page_view","sessionId":"c0f9ef94-1c2d-4f62-9e59-4e6bd12e024e"}
{"level":30,"time":1778046024655,"pid":19892,"hostname":"Innocentius","requestId":"c5a22ea0-0274-45b4-9094-2798fa7c5f39","url":"http://localhost:3000/api/analytics","method":"POST","msg":"API success","duration":100,"query":{}}
{"level":30,"time":1778046024657,"pid":19892,"hostname":"Innocentius","requestId":"d8daec48-0ced-40f8-bc55-5c22f4e08cfa","url":"http://localhost:3000/api/analytics","method":"POST","msg":"API success","duration":100,"query":{}}
{"level":30,"time":1778046032335,"pid":19892,"hostname":"Innocentius","requestId":"286adcc1-a1ec-43cf-862e-61c713538d6d","url":"http://localhost:3000/api/stations?page=1","method":"GET","msg":"API success","duration":50,"query":{"page":"1"}}
{"level":30,"time":1778046032452,"pid":19892,"hostname":"Innocentius","requestId":"58e898d0-1675-4433-bb84-5392dfbe8435","url":"http://localhost:3000/api/measurements/new","method":"GET","msg":"API success","duration":50,"query":{}}
{"level":30,"time":1778046033221,"pid":19892,"hostname":"Innocentius","requestId":"8370ef47-d38d-4e95-84a2-370dedc2507a","url":"http://localhost:3000/api/stations?page=1","method":"GET","msg":"API success","duration":0,"query":{"page":"1"}}
{"level":30,"time":1778046033299,"pid":19892,"hostname":"Innocentius","requestId":"ffd35e0d-5314-4fbb-a772-73cb13f765b2","url":"http://localhost:3000/api/measurements/new","method":"GET","msg":"API success","duration":0,"query":{}}
{"level":30,"time":1778046033630,"pid":19892,"hostname":"Innocentius","requestId":"4686034a-a234-4de8-b07f-13197d16d257","url":"http://localhost:3000/api/analytics","method":"POST","msg":"analytics event","event":"session_end","sessionId":"c0f9ef94-1c2d-4f62-9e59-4e6bd12e024e"}
{"level":30,"time":1778046033631,"pid":19892,"hostname":"Innocentius","requestId":"4686034a-a234-4de8-b07f-13197d16d257","url":"http://localhost:3000/api/analytics","method":"POST","msg":"API success","duration":100,"query":{}}
{"level":30,"time":1778046034885,"pid":19892,"hostname":"Innocentius","requestId":"5d9d6eb0-71a1-47e5-8a66-922f20585247","url":"http://localhost:3000/api/analytics","method":"POST","msg":"analytics event","event":"page_load_timing","sessionId":"c0f9ef94-1c2d-4f62-9e59-4e6bd12e024e"}
{"level":30,"time":1778046034885,"pid":19892,"hostname":"Innocentius","requestId":"5de5e446-6441-45ab-824c-2c08575f98ca","url":"http://localhost:3000/api/analytics","method":"POST","msg":"analytics event","event":"page_view","sessionId":"c0f9ef94-1c2d-4f62-9e59-4e6bd12e024e"}
{"level":30,"time":1778046034887,"pid":19892,"hostname":"Innocentius","requestId":"5d9d6eb0-71a1-47e5-8a66-922f20585247","url":"http://localhost:3000/api/analytics","method":"POST","msg":"API success","duration":250,"query":{}}
{"level":30,"time":1778046034894,"pid":19892,"hostname":"Innocentius","requestId":"5de5e446-6441-45ab-824c-2c08575f98ca","url":"http://localhost:3000/api/analytics","method":"POST","msg":"API success","duration":300,"query":{}}
{"level":30,"time":1778046038212,"pid":19892,"hostname":"Innocentius","requestId":"2007ebd7-7134-4d46-aa16-099fdc1be9ce","url":"http://localhost:3000/api/stations?page=1","method":"GET","msg":"API success","duration":0,"query":{"page":"1"}}
{"level":30,"time":1778046038315,"pid":19892,"hostname":"Innocentius","requestId":"d95a6fa6-769b-4377-b3fd-259fbd7d81d5","url":"http://localhost:3000/api/measurements/new","method":"GET","msg":"API success","duration":0,"query":{}}
{"level":30,"time":1778046038713,"pid":19892,"hostname":"Innocentius","requestId":"e48026e9-8df5-480d-bb53-580c6a2f46df","url":"http://localhost:3000/api/analytics","method":"POST","msg":"analytics event","event":"session_end","sessionId":"c0f9ef94-1c2d-4f62-9e59-4e6bd12e024e"}
{"level":30,"time":1778046038715,"pid":19892,"hostname":"Innocentius","requestId":"e48026e9-8df5-480d-bb53-580c6a2f46df","url":"http://localhost:3000/api/analytics","method":"POST","msg":"API success","duration":100,"query":{}}
{"level":30,"time":1778046040264,"pid":19892,"hostname":"Innocentius","requestId":"02868637-1ab8-4ddd-a6b8-7aaf4393d08e","url":"http://localhost:3000/api/analytics","method":"POST","msg":"analytics event","event":"page_load_timing","sessionId":"c0f9ef94-1c2d-4f62-9e59-4e6bd12e024e"}
{"level":30,"time":1778046040264,"pid":19892,"hostname":"Innocentius","requestId":"d8757c34-4d05-4d7d-9336-1bc3f143b5bd","url":"http://localhost:3000/api/analytics","method":"POST","msg":"analytics event","event":"page_view","sessionId":"c0f9ef94-1c2d-4f62-9e59-4e6bd12e024e"}
{"level":30,"time":1778046040266,"pid":19892,"hostname":"Innocentius","requestId":"02868637-1ab8-4ddd-a6b8-7aaf4393d08e","url":"http://localhost:3000/api/analytics","method":"POST","msg":"API success","duration":100,"query":{}}
{"level":30,"time":1778046040267,"pid":19892,"hostname":"Innocentius","requestId":"d8757c34-4d05-4d7d-9336-1bc3f143b5bd","url":"http://localhost:3000/api/analytics","method":"POST","msg":"API success","duration":150,"query":{}}
{"level":30,"time":1778046045120,"pid":19892,"hostname":"Innocentius","requestId":"b18ddcb2-3ba8-4e5a-878d-76baed5b7e8e","url":"http://localhost:3000/api/analytics","method":"POST","msg":"analytics event","event":"session_end","sessionId":"c0f9ef94-1c2d-4f62-9e59-4e6bd12e024e"}
{"level":30,"time":1778046045121,"pid":19892,"hostname":"Innocentius","requestId":"b18ddcb2-3ba8-4e5a-878d-76baed5b7e8e","url":"http://localhost:3000/api/analytics","method":"POST","msg":"API success","duration":100,"query":{}}
{"level":50,"time":1778046059433,"pid":19892,"hostname":"Innocentius","requestId":"5f8b475b-a183-4913-ac52-a2151c0a938e","url":"http://localhost:3000/api/stations?page=1","method":"GET","msg":"Server error","status":500,"duration":1,"error":"Cannot read properties of undefined (reading 'get')"}
{"level":30,"time":1778046059769,"pid":19892,"hostname":"Innocentius","requestId":"a047b259-b7ab-4013-8ba1-8b7b82bbb8f1","url":"http://localhost:3000/api/analytics","method":"POST","msg":"analytics event","event":"session_end","sessionId":"c0f9ef94-1c2d-4f62-9e59-4e6bd12e024e"}
{"level":30,"time":1778046059770,"pid":19892,"hostname":"Innocentius","requestId":"a047b259-b7ab-4013-8ba1-8b7b82bbb8f1","url":"http://localhost:3000/api/analytics","method":"POST","msg":"API success","duration":100,"query":{}}
{"level":30,"time":1778046061069,"pid":19892,"hostname":"Innocentius","requestId":"60f5d675-42d5-4114-80cc-65badfe495d7","url":"http://localhost:3000/api/analytics","method":"POST","msg":"analytics event","event":"page_load_timing","sessionId":"c0f9ef94-1c2d-4f62-9e59-4e6bd12e024e"}
{"level":30,"time":1778046061069,"pid":19892,"hostname":"Innocentius","requestId":"7c54ad5f-1a5f-45c0-931c-415bdb3704ac","url":"http://localhost:3000/api/analytics","method":"POST","msg":"analytics event","event":"page_view","sessionId":"c0f9ef94-1c2d-4f62-9e59-4e6bd12e024e"}
{"level":30,"time":1778046061069,"pid":19892,"hostname":"Innocentius","requestId":"4de9b87c-a6a2-4c33-9a4f-4f6eb0cce115","url":"http://localhost:3000/api/analytics","method":"POST","msg":"analytics event","event":"error_boundary_triggered","sessionId":"c0f9ef94-1c2d-4f62-9e59-4e6bd12e024e"}
{"level":30,"time":1778046061070,"pid":19892,"hostname":"Innocentius","requestId":"60f5d675-42d5-4114-80cc-65badfe495d7","url":"http://localhost:3000/api/analytics","method":"POST","msg":"API success","duration":250,"query":{}}
{"level":30,"time":1778046061072,"pid":19892,"hostname":"Innocentius","requestId":"7c54ad5f-1a5f-45c0-931c-415bdb3704ac","url":"http://localhost:3000/api/analytics","method":"POST","msg":"API success","duration":250,"query":{}}
{"level":30,"time":1778046061073,"pid":19892,"hostname":"Innocentius","requestId":"4de9b87c-a6a2-4c33-9a4f-4f6eb0cce115","url":"http://localhost:3000/api/analytics","method":"POST","msg":"API success","duration":250,"query":{}}
{"level":30,"time":1778046077483,"pid":19892,"hostname":"Innocentius","requestId":"a0a6e2ef-eee3-49b8-bf81-4ac52c5d09f4","url":"http://localhost:3000/api/analytics","method":"POST","msg":"analytics event","event":"session_end","sessionId":"c0f9ef94-1c2d-4f62-9e59-4e6bd12e024e"}
{"level":30,"time":1778046077484,"pid":19892,"hostname":"Innocentius","requestId":"a0a6e2ef-eee3-49b8-bf81-4ac52c5d09f4","url":"http://localhost:3000/api/analytics","method":"POST","msg":"API success","duration":50,"query":{}}
{"level":30,"time":1778046090332,"pid":19892,"hostname":"Innocentius","requestId":"dcd9f050-9095-4d6b-b1a7-dbb8481f6e32","url":"http://localhost:3000/api/analytics","method":"POST","msg":"analytics event","event":"session_end","sessionId":"c0f9ef94-1c2d-4f62-9e59-4e6bd12e024e"}
{"level":30,"time":1778046090334,"pid":19892,"hostname":"Innocentius","requestId":"dcd9f050-9095-4d6b-b1a7-dbb8481f6e32","url":"http://localhost:3000/api/analytics","method":"POST","msg":"API success","duration":50,"query":{}}
{"level":30,"time":1778046241260,"pid":19892,"hostname":"Innocentius","requestId":"41e0bb2b-a79a-4da5-8570-8c80fd86e1f0","url":"http://localhost:3000/api/analytics","method":"POST","msg":"analytics event","event":"session_end","sessionId":"c0f9ef94-1c2d-4f62-9e59-4e6bd12e024e"}
{"level":30,"time":1778046241261,"pid":19892,"hostname":"Innocentius","requestId":"41e0bb2b-a79a-4da5-8570-8c80fd86e1f0","url":"http://localhost:3000/api/analytics","method":"POST","msg":"API success","duration":50,"query":{}}
{"level":30,"time":1778046292347,"pid":19892,"hostname":"Innocentius","requestId":"a62b62a5-112e-4303-be9d-30ddbba79f90","url":"http://localhost:3000/api/analytics","method":"POST","msg":"analytics event","event":"session_end","sessionId":"c0f9ef94-1c2d-4f62-9e59-4e6bd12e024e"}
{"level":30,"time":1778046292348,"pid":19892,"hostname":"Innocentius","requestId":"a62b62a5-112e-4303-be9d-30ddbba79f90","url":"http://localhost:3000/api/analytics","method":"POST","msg":"API success","duration":50,"query":{}}
{"level":30,"time":1778047010277,"pid":26524,"hostname":"Innocentius","requestId":"bb168b5f-7375-4f8f-8ad5-a37accd5e92e","url":"http://localhost:3000/api/stations/all","method":"GET","msg":"API success","duration":100,"query":{}}
{"level":30,"time":1778047010657,"pid":26524,"hostname":"Innocentius","requestId":"d2b97cd7-0f5e-422c-8061-a075eada092f","url":"http://localhost:3000/api/stations/all","method":"GET","msg":"API success","duration":50,"query":{}}
{"level":30,"time":1778047011495,"pid":26524,"hostname":"Innocentius","requestId":"3d44088e-e1a8-4bb8-9710-5a7ae4eedead","url":"http://localhost:3000/api/measurements/new","method":"GET","msg":"API success","duration":100,"query":{}}
{"level":30,"time":1778047011497,"pid":26524,"hostname":"Innocentius","requestId":"19e428ad-5686-4f27-8660-16f2c2734aa4","url":"http://localhost:3000/api/measurements/new","method":"GET","msg":"API success","duration":150,"query":{}}
{"level":30,"time":1778047012375,"pid":26524,"hostname":"Innocentius","requestId":"704f3366-d209-485c-8a3b-fbb3676fb5f1","url":"http://localhost:3000/api/stations/all","method":"GET","msg":"API success","duration":0,"query":{}}
{"level":30,"time":1778047012439,"pid":26524,"hostname":"Innocentius","requestId":"956807eb-451f-4d05-8c83-27992dd07a77","url":"http://localhost:3000/api/measurements/new","method":"GET","msg":"API success","duration":0,"query":{}}
{"level":40,"time":1778047018545,"pid":26524,"hostname":"Innocentius","requestId":"f4154967-096f-401d-9d60-6d2cb29b5105","url":"http://localhost:3000/api/measurements/new","method":"GET","msg":"Slow request","duration":800}
{"level":30,"time":1778047018545,"pid":26524,"hostname":"Innocentius","requestId":"f4154967-096f-401d-9d60-6d2cb29b5105","url":"http://localhost:3000/api/measurements/new","method":"GET","msg":"API success","duration":800,"query":{}}
{"level":40,"time":1778047018561,"pid":26524,"hostname":"Innocentius","requestId":"8f81caf8-4204-4500-af59-bb73641a3da1","url":"http://localhost:3000/api/measurements/new","method":"GET","msg":"Slow request","duration":800}
{"level":30,"time":1778047018561,"pid":26524,"hostname":"Innocentius","requestId":"8f81caf8-4204-4500-af59-bb73641a3da1","url":"http://localhost:3000/api/measurements/new","method":"GET","msg":"API success","duration":800,"query":{}}
{"level":30,"time":1778047018769,"pid":26524,"hostname":"Innocentius","requestId":"d2db2957-1501-489e-a175-41a03ca006f4","url":"http://localhost:3000/api/analytics","method":"POST","msg":"analytics event","event":"session_start","sessionId":"3536979b-577b-487c-b895-74c09f8e9a60"}
{"level":30,"time":1778047018769,"pid":26524,"hostname":"Innocentius","requestId":"2817c113-09e5-4c07-9571-2400a83496e2","url":"http://localhost:3000/api/analytics","method":"POST","msg":"analytics event","event":"page_load_timing","sessionId":"3536979b-577b-487c-b895-74c09f8e9a60"}
{"level":30,"time":1778047018769,"pid":26524,"hostname":"Innocentius","requestId":"f7f6ba38-5145-4f3c-b1ed-801a46457d5d","url":"http://localhost:3000/api/analytics","method":"POST","msg":"analytics event","event":"page_view","sessionId":"3536979b-577b-487c-b895-74c09f8e9a60"}
{"level":40,"time":1778047018771,"pid":26524,"hostname":"Innocentius","requestId":"d2db2957-1501-489e-a175-41a03ca006f4","url":"http://localhost:3000/api/analytics","method":"POST","msg":"Slow request","duration":12300}
{"level":30,"time":1778047018771,"pid":26524,"hostname":"Innocentius","requestId":"d2db2957-1501-489e-a175-41a03ca006f4","url":"http://localhost:3000/api/analytics","method":"POST","msg":"API success","duration":12300,"query":{}}
{"level":40,"time":1778047018773,"pid":26524,"hostname":"Innocentius","requestId":"2817c113-09e5-4c07-9571-2400a83496e2","url":"http://localhost:3000/api/analytics","method":"POST","msg":"Slow request","duration":12300}
{"level":30,"time":1778047018773,"pid":26524,"hostname":"Innocentius","requestId":"2817c113-09e5-4c07-9571-2400a83496e2","url":"http://localhost:3000/api/analytics","method":"POST","msg":"API success","duration":12300,"query":{}}
{"level":40,"time":1778047018777,"pid":26524,"hostname":"Innocentius","requestId":"f7f6ba38-5145-4f3c-b1ed-801a46457d5d","url":"http://localhost:3000/api/analytics","method":"POST","msg":"Slow request","duration":12400}
{"level":30,"time":1778047018777,"pid":26524,"hostname":"Innocentius","requestId":"f7f6ba38-5145-4f3c-b1ed-801a46457d5d","url":"http://localhost:3000/api/analytics","method":"POST","msg":"API success","duration":12400,"query":{}}
{"level":50,"time":1778047019968,"pid":26524,"hostname":"Innocentius","requestId":"fe4d88ea-5741-4485-9650-378bf26413b7","url":"http://localhost:3000/api/stations?page=1","method":"GET","msg":"Server error","status":500,"duration":1,"error":"Cannot read properties of undefined (reading 'get')"}
{"level":30,"time":1778047020300,"pid":26524,"hostname":"Innocentius","requestId":"59b5417c-521a-4ae7-b20f-639939e26e67","url":"http://localhost:3000/api/analytics","method":"POST","msg":"analytics event","event":"page_view","sessionId":"3536979b-577b-487c-b895-74c09f8e9a60"}
{"level":30,"time":1778047020301,"pid":26524,"hostname":"Innocentius","requestId":"38a7d9f4-80b7-4047-b0a2-d7f7cdd305f1","url":"http://localhost:3000/api/analytics","method":"POST","msg":"analytics event","event":"error_boundary_triggered","sessionId":"3536979b-577b-487c-b895-74c09f8e9a60"}
{"level":30,"time":1778047020301,"pid":26524,"hostname":"Innocentius","requestId":"a7635802-1d0e-4a31-95ec-d03247231584","url":"http://localhost:3000/api/analytics","method":"POST","msg":"analytics event","event":"error_boundary_triggered","sessionId":"3536979b-577b-487c-b895-74c09f8e9a60"}
{"level":30,"time":1778047020302,"pid":26524,"hostname":"Innocentius","requestId":"59b5417c-521a-4ae7-b20f-639939e26e67","url":"http://localhost:3000/api/analytics","method":"POST","msg":"API success","duration":350,"query":{}}
{"level":30,"time":1778047020304,"pid":26524,"hostname":"Innocentius","requestId":"38a7d9f4-80b7-4047-b0a2-d7f7cdd305f1","url":"http://localhost:3000/api/analytics","method":"POST","msg":"API success","duration":350,"query":{}}
{"level":30,"time":1778047020305,"pid":26524,"hostname":"Innocentius","requestId":"a7635802-1d0e-4a31-95ec-d03247231584","url":"http://localhost:3000/api/analytics","method":"POST","msg":"API success","duration":300,"query":{}}
{"level":30,"time":1778047029487,"pid":26524,"hostname":"Innocentius","requestId":"c2037218-63bb-4f75-830b-562234ccf0e7","url":"http://localhost:3000/api/analytics","method":"POST","msg":"analytics event","event":"session_end","sessionId":"3536979b-577b-487c-b895-74c09f8e9a60"}
{"level":30,"time":1778047029488,"pid":26524,"hostname":"Innocentius","requestId":"c2037218-63bb-4f75-830b-562234ccf0e7","url":"http://localhost:3000/api/analytics","method":"POST","msg":"API success","duration":100,"query":{}}
{"level":30,"time":1778047037793,"pid":26524,"hostname":"Innocentius","requestId":"1adebbcb-41a6-4aa7-b75a-49d3b7815593","url":"http://localhost:3000/api/stations?page=1","method":"GET","msg":"API success","duration":50,"query":{"page":"1"}}
{"level":30,"time":1778047042453,"pid":26524,"hostname":"Innocentius","requestId":"2ff218fa-1e02-401b-95a7-1a6e8e4a04b2","url":"http://localhost:3000/api/stations?page=1","method":"GET","msg":"API success","duration":50,"query":{"page":"1"}}
{"level":30,"time":1778047042537,"pid":26524,"hostname":"Innocentius","requestId":"984a089d-d391-4ff5-93de-7cfa1b24e437","url":"http://localhost:3000/api/measurements/new","method":"GET","msg":"API success","duration":0,"query":{}}
{"level":30,"time":1778047046459,"pid":26524,"hostname":"Innocentius","requestId":"023809d5-312a-4d3b-ac8e-06d79f6be6b1","url":"http://localhost:3000/api/analytics","method":"POST","msg":"analytics event","event":"session_end","sessionId":"3536979b-577b-487c-b895-74c09f8e9a60"}
{"level":40,"time":1778047046461,"pid":26524,"hostname":"Innocentius","requestId":"023809d5-312a-4d3b-ac8e-06d79f6be6b1","url":"http://localhost:3000/api/analytics","method":"POST","msg":"Slow request","duration":3700}
{"level":30,"time":1778047046461,"pid":26524,"hostname":"Innocentius","requestId":"023809d5-312a-4d3b-ac8e-06d79f6be6b1","url":"http://localhost:3000/api/analytics","method":"POST","msg":"API success","duration":3700,"query":{}}
{"level":40,"time":1778047047286,"pid":26524,"hostname":"Innocentius","requestId":"9b09d9a4-2b9f-4f87-9c7c-1feabf5ccb45","url":"http://localhost:3000/api/stations/66","method":"GET","msg":"Client error","status":404,"duration":1,"error":"Station not found"}
{"level":40,"time":1778047047288,"pid":26524,"hostname":"Innocentius","requestId":"c667f385-12c1-403f-9d67-112c2fe99e73","url":"http://localhost:3000/api/stations/43","method":"GET","msg":"Client error","status":404,"duration":2,"error":"Station not found"}
{"level":30,"time":1778047049266,"pid":26524,"hostname":"Innocentius","requestId":"6f935d9b-ff48-4f97-91f9-6dfcc239b50a","url":"http://localhost:3000/api/analytics","method":"POST","msg":"analytics event","event":"page_load_timing","sessionId":"3536979b-577b-487c-b895-74c09f8e9a60"}
{"level":30,"time":1778047049266,"pid":26524,"hostname":"Innocentius","requestId":"3cd13d23-89c6-4c26-81d7-5060e1f936bf","url":"http://localhost:3000/api/analytics","method":"POST","msg":"analytics event","event":"page_view","sessionId":"3536979b-577b-487c-b895-74c09f8e9a60"}
{"level":30,"time":1778047049268,"pid":26524,"hostname":"Innocentius","requestId":"6f935d9b-ff48-4f97-91f9-6dfcc239b50a","url":"http://localhost:3000/api/analytics","method":"POST","msg":"API success","duration":100,"query":{}}
{"level":30,"time":1778047049271,"pid":26524,"hostname":"Innocentius","requestId":"3cd13d23-89c6-4c26-81d7-5060e1f936bf","url":"http://localhost:3000/api/analytics","method":"POST","msg":"API success","duration":250,"query":{}}
{"level":30,"time":1778047059058,"pid":26524,"hostname":"Innocentius","requestId":"3e6a4b82-1724-44a8-b41c-1e8efeab4eca","url":"http://localhost:3000/api/analytics","method":"POST","msg":"analytics event","event":"session_end","sessionId":"3536979b-577b-487c-b895-74c09f8e9a60"}
{"level":30,"time":1778047059060,"pid":26524,"hostname":"Innocentius","requestId":"3e6a4b82-1724-44a8-b41c-1e8efeab4eca","url":"http://localhost:3000/api/analytics","method":"POST","msg":"API success","duration":150,"query":{}}
{"level":30,"time":1778047886338,"pid":26524,"hostname":"Innocentius","requestId":"d5b4181b-921d-4684-8066-19c150d39b4b","url":"http://localhost:3000/api/analytics","method":"POST","msg":"analytics event","event":"session_end","sessionId":"3536979b-577b-487c-b895-74c09f8e9a60"}
{"level":30,"time":1778047886340,"pid":26524,"hostname":"Innocentius","requestId":"d5b4181b-921d-4684-8066-19c150d39b4b","url":"http://localhost:3000/api/analytics","method":"POST","msg":"API success","duration":100,"query":{}}
{"level":30,"time":1778175260694,"pid":24628,"hostname":"Innocentius","requestId":"bee563c4-19f6-4f89-a619-e28b916d959a","url":"http://localhost:3000/api/stations/all","method":"GET","msg":"API success","duration":50,"query":{}}
{"level":30,"time":1778175261718,"pid":24628,"hostname":"Innocentius","requestId":"755af87d-3b3f-4eee-90dd-2107992cbf23","url":"http://localhost:3000/api/measurements/new","method":"GET","msg":"API success","duration":100,"query":{}}
{"level":30,"time":1778175265748,"pid":24628,"hostname":"Innocentius","requestId":"62e2d293-b42b-44cd-8fd6-aa2dcb3147cb","url":"http://localhost:3000/api/measurements/new","method":"GET","msg":"API success","duration":450,"query":{}}
{"level":30,"time":1778175265750,"pid":24628,"hostname":"Innocentius","requestId":"b64a814a-4caf-4cd0-a5cc-a46bb37f2252","url":"http://localhost:3000/api/measurements/new","method":"GET","msg":"API success","duration":150,"query":{}}
{"level":30,"time":1778175265779,"pid":24628,"hostname":"Innocentius","requestId":"7f05aca8-fbd2-4da8-afbb-abfaf690df3c","url":"http://localhost:3000/api/analytics","method":"POST","msg":"analytics event","event":"session_start","sessionId":"102fd01b-ae37-444d-924b-e238c1bfbd7e"}
{"level":30,"time":1778175265780,"pid":24628,"hostname":"Innocentius","requestId":"3136cd12-0e25-4986-9acd-a5fd703dce29","url":"http://localhost:3000/api/analytics","method":"POST","msg":"analytics event","event":"page_load_timing","sessionId":"102fd01b-ae37-444d-924b-e238c1bfbd7e"}
{"level":30,"time":1778175265780,"pid":24628,"hostname":"Innocentius","requestId":"7d14a4cc-2707-4526-b958-37b9ce33e008","url":"http://localhost:3000/api/analytics","method":"POST","msg":"analytics event","event":"page_view","sessionId":"102fd01b-ae37-444d-924b-e238c1bfbd7e"}
{"level":40,"time":1778175265783,"pid":24628,"hostname":"Innocentius","requestId":"7f05aca8-fbd2-4da8-afbb-abfaf690df3c","url":"http://localhost:3000/api/analytics","method":"POST","msg":"Slow request","duration":2050}
{"level":30,"time":1778175265783,"pid":24628,"hostname":"Innocentius","requestId":"7f05aca8-fbd2-4da8-afbb-abfaf690df3c","url":"http://localhost:3000/api/analytics","method":"POST","msg":"API success","duration":2050,"query":{}}
{"level":40,"time":1778175265785,"pid":24628,"hostname":"Innocentius","requestId":"3136cd12-0e25-4986-9acd-a5fd703dce29","url":"http://localhost:3000/api/analytics","method":"POST","msg":"Slow request","duration":2150}
{"level":30,"time":1778175265785,"pid":24628,"hostname":"Innocentius","requestId":"3136cd12-0e25-4986-9acd-a5fd703dce29","url":"http://localhost:3000/api/analytics","method":"POST","msg":"API success","duration":2150,"query":{}}
{"level":40,"time":1778175265787,"pid":24628,"hostname":"Innocentius","requestId":"7d14a4cc-2707-4526-b958-37b9ce33e008","url":"http://localhost:3000/api/analytics","method":"POST","msg":"Slow request","duration":2050}
{"level":30,"time":1778175265787,"pid":24628,"hostname":"Innocentius","requestId":"7d14a4cc-2707-4526-b958-37b9ce33e008","url":"http://localhost:3000/api/analytics","method":"POST","msg":"API success","duration":2050,"query":{}}
{"level":30,"time":1778175278243,"pid":24628,"hostname":"Innocentius","requestId":"6fbbd2e6-8df1-47e6-ad87-55e769e890ae","url":"http://localhost:3000/api/analytics","method":"POST","msg":"analytics event","event":"session_end","sessionId":"102fd01b-ae37-444d-924b-e238c1bfbd7e"}
{"level":30,"time":1778175278244,"pid":24628,"hostname":"Innocentius","requestId":"6fbbd2e6-8df1-47e6-ad87-55e769e890ae","url":"http://localhost:3000/api/analytics","method":"POST","msg":"API success","duration":100,"query":{}}
{"level":30,"time":1778175279421,"pid":24628,"hostname":"Innocentius","requestId":"c6d50e78-8bd6-4862-9a58-6ee91410794a","url":"http://localhost:3000/api/stations/all","method":"GET","msg":"API success","duration":0,"query":{}}
{"level":30,"time":1778175279484,"pid":24628,"hostname":"Innocentius","requestId":"622710f0-76a0-4e7a-850e-19305c808fb5","url":"http://localhost:3000/api/measurements/new","method":"GET","msg":"API success","duration":0,"query":{}}
{"level":30,"time":1778175281033,"pid":24628,"hostname":"Innocentius","requestId":"f827cfc7-d35f-4bbb-8459-f5fff18f2f7d","url":"http://localhost:3000/api/stations/all","method":"GET","msg":"API success","duration":0,"query":{}}
{"level":30,"time":1778175281097,"pid":24628,"hostname":"Innocentius","requestId":"f2e88437-b0dd-4dce-a06e-37f5cbc648ff","url":"http://localhost:3000/api/measurements/new","method":"GET","msg":"API success","duration":50,"query":{}}
{"level":30,"time":1778175281405,"pid":24628,"hostname":"Innocentius","requestId":"4642cce5-cb1d-41ce-aac3-0f2348af6d42","url":"http://localhost:3000/api/analytics","method":"POST","msg":"analytics event","event":"session_start","sessionId":"1589c8f9-3836-42b2-a499-e4c6571e7f53"}
{"level":30,"time":1778175281405,"pid":24628,"hostname":"Innocentius","requestId":"3b5680bb-4c36-4d2d-80cd-392f8449592f","url":"http://localhost:3000/api/analytics","method":"POST","msg":"analytics event","event":"page_load_timing","sessionId":"1589c8f9-3836-42b2-a499-e4c6571e7f53"}
{"level":30,"time":1778175281405,"pid":24628,"hostname":"Innocentius","requestId":"828c320e-27bb-4991-a886-e5afeced5ea8","url":"http://localhost:3000/api/analytics","method":"POST","msg":"analytics event","event":"page_view","sessionId":"1589c8f9-3836-42b2-a499-e4c6571e7f53"}
{"level":30,"time":1778175281406,"pid":24628,"hostname":"Innocentius","requestId":"4642cce5-cb1d-41ce-aac3-0f2348af6d42","url":"http://localhost:3000/api/analytics","method":"POST","msg":"API success","duration":250,"query":{}}
{"level":30,"time":1778175281408,"pid":24628,"hostname":"Innocentius","requestId":"3b5680bb-4c36-4d2d-80cd-392f8449592f","url":"http://localhost:3000/api/analytics","method":"POST","msg":"API success","duration":350,"query":{}}
{"level":30,"time":1778175281409,"pid":24628,"hostname":"Innocentius","requestId":"828c320e-27bb-4991-a886-e5afeced5ea8","url":"http://localhost:3000/api/analytics","method":"POST","msg":"API success","duration":300,"query":{}}
{"level":30,"time":1778175281639,"pid":24628,"hostname":"Innocentius","requestId":"100ba8aa-64b5-46cf-95ff-fd17123939a0","url":"http://localhost:3000/api/measurements/new","method":"GET","msg":"API success","duration":0,"query":{}}
{"level":30,"time":1778175281640,"pid":24628,"hostname":"Innocentius","requestId":"872b8d8a-bcba-4dfa-8cd1-75f381d44592","url":"http://localhost:3000/api/measurements/new","method":"GET","msg":"API success","duration":100,"query":{}}
{"level":30,"time":1778175281978,"pid":24628,"hostname":"Innocentius","requestId":"9edf4e98-b0b3-4d1e-8775-d90bae367022","url":"http://localhost:3000/api/analytics","method":"POST","msg":"analytics event","event":"session_end","sessionId":"1589c8f9-3836-42b2-a499-e4c6571e7f53"}
{"level":30,"time":1778175281980,"pid":24628,"hostname":"Innocentius","requestId":"9edf4e98-b0b3-4d1e-8775-d90bae367022","url":"http://localhost:3000/api/analytics","method":"POST","msg":"API success","duration":50,"query":{}}
{"level":30,"time":1778175282769,"pid":24628,"hostname":"Innocentius","requestId":"a03c491b-da36-4f8c-905c-f3565691662c","url":"http://localhost:3000/api/analytics","method":"POST","msg":"analytics event","event":"page_load_timing","sessionId":"102fd01b-ae37-444d-924b-e238c1bfbd7e"}
{"level":30,"time":1778175282769,"pid":24628,"hostname":"Innocentius","requestId":"7f7bb7b2-fadf-4884-879e-c814de7adfe7","url":"http://localhost:3000/api/analytics","method":"POST","msg":"analytics event","event":"page_view","sessionId":"102fd01b-ae37-444d-924b-e238c1bfbd7e"}
{"level":30,"time":1778175282771,"pid":24628,"hostname":"Innocentius","requestId":"a03c491b-da36-4f8c-905c-f3565691662c","url":"http://localhost:3000/api/analytics","method":"POST","msg":"API success","duration":150,"query":{}}
{"level":30,"time":1778175282772,"pid":24628,"hostname":"Innocentius","requestId":"7f7bb7b2-fadf-4884-879e-c814de7adfe7","url":"http://localhost:3000/api/analytics","method":"POST","msg":"API success","duration":200,"query":{}}
{"level":30,"time":1778175282952,"pid":24628,"hostname":"Innocentius","requestId":"fa237a30-6005-48de-9adf-974b3ccc76ec","url":"http://localhost:3000/api/measurements/new","method":"GET","msg":"API success","duration":50,"query":{}}
{"level":30,"time":1778175282955,"pid":24628,"hostname":"Innocentius","requestId":"dfca4bc9-f98b-4f07-9631-aa39479a65b7","url":"http://localhost:3000/api/measurements/new","method":"GET","msg":"API success","duration":150,"query":{}}
{"level":30,"time":1778175288858,"pid":24628,"hostname":"Innocentius","requestId":"472f71e0-c812-43b5-ac2b-349e8a036e83","url":"http://localhost:3000/api/stations/all","method":"GET","msg":"API success","duration":0,"query":{}}
{"level":30,"time":1778175288919,"pid":24628,"hostname":"Innocentius","requestId":"72801837-014f-4625-8c13-e66865e753ac","url":"http://localhost:3000/api/measurements/new","method":"GET","msg":"API success","duration":0,"query":{}}
{"level":30,"time":1778175329026,"pid":24628,"hostname":"Innocentius","requestId":"f40b8164-658f-49c2-b052-c39823cc7f75","url":"http://localhost:3000/api/analytics","method":"POST","msg":"analytics event","event":"map_zoom_changed","sessionId":"1589c8f9-3836-42b2-a499-e4c6571e7f53"}
{"level":30,"time":1778175329027,"pid":24628,"hostname":"Innocentius","requestId":"f40b8164-658f-49c2-b052-c39823cc7f75","url":"http://localhost:3000/api/analytics","method":"POST","msg":"API success","duration":100,"query":{}}
{"level":30,"time":1778175329685,"pid":24628,"hostname":"Innocentius","requestId":"e1e7c468-11f4-4153-be1d-e5be6c76ffae","url":"http://localhost:3000/api/analytics","method":"POST","msg":"analytics event","event":"map_zoom_changed","sessionId":"1589c8f9-3836-42b2-a499-e4c6571e7f53"}
{"level":30,"time":1778175329687,"pid":24628,"hostname":"Innocentius","requestId":"e1e7c468-11f4-4153-be1d-e5be6c76ffae","url":"http://localhost:3000/api/analytics","method":"POST","msg":"API success","duration":150,"query":{}}
{"level":30,"time":1778175342418,"pid":24628,"hostname":"Innocentius","requestId":"13729032-b0bf-4db7-b6e6-17eb3d759fe4","url":"http://localhost:3000/api/analytics","method":"POST","msg":"analytics event","event":"map_station_selected","sessionId":"1589c8f9-3836-42b2-a499-e4c6571e7f53"}
{"level":30,"time":1778175342420,"pid":24628,"hostname":"Innocentius","requestId":"13729032-b0bf-4db7-b6e6-17eb3d759fe4","url":"http://localhost:3000/api/analytics","method":"POST","msg":"API success","duration":50,"query":{}}
{"level":30,"time":1778175344271,"pid":24628,"hostname":"Innocentius","requestId":"b1e6f53e-e7d8-4ca7-a348-325008945774","url":"http://localhost:3000/api/measurements?stationId=3","method":"GET","msg":"API success","duration":0,"query":{"stationId":"3"}}
{"level":30,"time":1778175344376,"pid":24628,"hostname":"Innocentius","requestId":"2597c4fa-abac-4538-b879-e84cd89d5f29","url":"http://localhost:3000/api/measurements?stationId=3","method":"GET","msg":"API success","duration":0,"query":{"stationId":"3"}}
{"level":30,"time":1778175348109,"pid":24628,"hostname":"Innocentius","requestId":"ca2377d4-eaa7-493c-b853-6b5e4d7e5239","url":"http://localhost:3000/api/analytics","method":"POST","msg":"analytics event","event":"map_station_selected","sessionId":"1589c8f9-3836-42b2-a499-e4c6571e7f53"}
{"level":30,"time":1778175348111,"pid":24628,"hostname":"Innocentius","requestId":"ca2377d4-eaa7-493c-b853-6b5e4d7e5239","url":"http://localhost:3000/api/analytics","method":"POST","msg":"API success","duration":100,"query":{}}
{"level":30,"time":1778175348144,"pid":24628,"hostname":"Innocentius","requestId":"2e65df60-610b-4975-9f40-520aba24388f","url":"http://localhost:3000/api/measurements?stationId=5","method":"GET","msg":"API success","duration":50,"query":{"stationId":"5"}}
{"level":30,"time":1778175351833,"pid":24628,"hostname":"Innocentius","requestId":"f7d9ccee-0f6a-40ff-b56d-9c0d74a27a7b","url":"http://localhost:3000/api/analytics","method":"POST","msg":"analytics event","event":"map_zoom_changed","sessionId":"1589c8f9-3836-42b2-a499-e4c6571e7f53"}
{"level":30,"time":1778175351834,"pid":24628,"hostname":"Innocentius","requestId":"f7d9ccee-0f6a-40ff-b56d-9c0d74a27a7b","url":"http://localhost:3000/api/analytics","method":"POST","msg":"API success","duration":100,"query":{}}
{"level":30,"time":1778175356588,"pid":24628,"hostname":"Innocentius","requestId":"181360c5-f66c-48f4-8cc5-4883b7a6da1c","url":"http://localhost:3000/api/analytics","method":"POST","msg":"analytics event","event":"map_station_selected","sessionId":"1589c8f9-3836-42b2-a499-e4c6571e7f53"}
{"level":30,"time":1778175356590,"pid":24628,"hostname":"Innocentius","requestId":"181360c5-f66c-48f4-8cc5-4883b7a6da1c","url":"http://localhost:3000/api/analytics","method":"POST","msg":"API success","duration":100,"query":{}}
{"level":30,"time":1778175356638,"pid":24628,"hostname":"Innocentius","requestId":"67eb1c8d-fa1f-4a62-9929-0baec28a8763","url":"http://localhost:3000/api/measurements?stationId=3","method":"GET","msg":"API success","duration":0,"query":{"stationId":"3"}}
{"level":30,"time":1778175360103,"pid":24628,"hostname":"Innocentius","requestId":"7c8e33f8-eb8f-4e40-a1bf-cc636960fa08","url":"http://localhost:3000/api/analytics","method":"POST","msg":"analytics event","event":"chart_filter_toggled","sessionId":"1589c8f9-3836-42b2-a499-e4c6571e7f53"}
{"level":30,"time":1778175360104,"pid":24628,"hostname":"Innocentius","requestId":"7c8e33f8-eb8f-4e40-a1bf-cc636960fa08","url":"http://localhost:3000/api/analytics","method":"POST","msg":"API success","duration":150,"query":{}}
{"level":30,"time":1778175360126,"pid":24628,"hostname":"Innocentius","requestId":"41e8cd53-11e5-4906-8c46-989942da6e3d","url":"http://localhost:3000/api/analytics","method":"POST","msg":"analytics event","event":"chart_filter_toggled","sessionId":"1589c8f9-3836-42b2-a499-e4c6571e7f53"}
{"level":30,"time":1778175360128,"pid":24628,"hostname":"Innocentius","requestId":"41e8cd53-11e5-4906-8c46-989942da6e3d","url":"http://localhost:3000/api/analytics","method":"POST","msg":"API success","duration":50,"query":{}}
{"level":30,"time":1778175360797,"pid":24628,"hostname":"Innocentius","requestId":"afc0613f-5b2f-4c47-8102-75f0eba68ea7","url":"http://localhost:3000/api/analytics","method":"POST","msg":"analytics event","event":"chart_filter_toggled","sessionId":"1589c8f9-3836-42b2-a499-e4c6571e7f53"}
{"level":30,"time":1778175360799,"pid":24628,"hostname":"Innocentius","requestId":"afc0613f-5b2f-4c47-8102-75f0eba68ea7","url":"http://localhost:3000/api/analytics","method":"POST","msg":"API success","duration":100,"query":{}}
{"level":30,"time":1778175360820,"pid":24628,"hostname":"Innocentius","requestId":"1e513039-67f3-47b1-8275-4c086f44781b","url":"http://localhost:3000/api/analytics","method":"POST","msg":"analytics event","event":"chart_filter_toggled","sessionId":"1589c8f9-3836-42b2-a499-e4c6571e7f53"}
{"level":30,"time":1778175360822,"pid":24628,"hostname":"Innocentius","requestId":"1e513039-67f3-47b1-8275-4c086f44781b","url":"http://localhost:3000/api/analytics","method":"POST","msg":"API success","duration":100,"query":{}}
{"level":30,"time":1778175361942,"pid":24628,"hostname":"Innocentius","requestId":"ac37e79f-3fe1-41f0-98ad-0b7c92ec8f45","url":"http://localhost:3000/api/analytics","method":"POST","msg":"analytics event","event":"chart_filter_toggled","sessionId":"1589c8f9-3836-42b2-a499-e4c6571e7f53"}
{"level":30,"time":1778175361943,"pid":24628,"hostname":"Innocentius","requestId":"19deeba9-8a53-4447-a46b-adf1f288606b","url":"http://localhost:3000/api/analytics","method":"POST","msg":"analytics event","event":"chart_filter_toggled","sessionId":"1589c8f9-3836-42b2-a499-e4c6571e7f53"}
{"level":30,"time":1778175361944,"pid":24628,"hostname":"Innocentius","requestId":"ac37e79f-3fe1-41f0-98ad-0b7c92ec8f45","url":"http://localhost:3000/api/analytics","method":"POST","msg":"API success","duration":150,"query":{}}
{"level":30,"time":1778175361946,"pid":24628,"hostname":"Innocentius","requestId":"19deeba9-8a53-4447-a46b-adf1f288606b","url":"http://localhost:3000/api/analytics","method":"POST","msg":"API success","duration":200,"query":{}}
{"level":30,"time":1778175362245,"pid":24628,"hostname":"Innocentius","requestId":"1952532e-5190-414c-b420-53245f3b8890","url":"http://localhost:3000/api/analytics","method":"POST","msg":"analytics event","event":"chart_filter_toggled","sessionId":"1589c8f9-3836-42b2-a499-e4c6571e7f53"}
{"level":30,"time":1778175362245,"pid":24628,"hostname":"Innocentius","requestId":"d4ea836f-a1b0-4ef9-8fac-7d40e5b692b1","url":"http://localhost:3000/api/analytics","method":"POST","msg":"analytics event","event":"chart_filter_toggled","sessionId":"1589c8f9-3836-42b2-a499-e4c6571e7f53"}
{"level":30,"time":1778175362246,"pid":24628,"hostname":"Innocentius","requestId":"1952532e-5190-414c-b420-53245f3b8890","url":"http://localhost:3000/api/analytics","method":"POST","msg":"API success","duration":100,"query":{}}
{"level":30,"time":1778175362250,"pid":24628,"hostname":"Innocentius","requestId":"d4ea836f-a1b0-4ef9-8fac-7d40e5b692b1","url":"http://localhost:3000/api/analytics","method":"POST","msg":"API success","duration":150,"query":{}}
{"level":30,"time":1778175370452,"pid":24628,"hostname":"Innocentius","requestId":"cdf174cf-c51a-491d-8214-540deb229635","url":"http://localhost:3000/api/stations/2","method":"GET","msg":"API success","duration":50,"query":{}}
{"level":30,"time":1778175371900,"pid":24628,"hostname":"Innocentius","requestId":"d921752a-2aa8-4a20-8173-f90db2f3a185","url":"http://localhost:3000/api/measurements?stationId=2","method":"GET","msg":"API success","duration":50,"query":{"stationId":"2"}}
{"level":30,"time":1778175371953,"pid":24628,"hostname":"Innocentius","requestId":"48034f3d-16f6-4fbb-b0e5-23cd16862723","url":"http://localhost:3000/api/analytics","method":"POST","msg":"analytics event","event":"page_view","sessionId":"1589c8f9-3836-42b2-a499-e4c6571e7f53"}
{"level":30,"time":1778175371953,"pid":24628,"hostname":"Innocentius","requestId":"d63bf291-c6a9-49b4-a893-726b75d9e26f","url":"http://localhost:3000/api/analytics","method":"POST","msg":"analytics event","event":"station_detail_viewed","sessionId":"1589c8f9-3836-42b2-a499-e4c6571e7f53"}
{"level":30,"time":1778175371953,"pid":24628,"hostname":"Innocentius","requestId":"79d58ae7-fe3c-4991-8960-20a78e2e45e7","url":"http://localhost:3000/api/analytics","method":"POST","msg":"analytics event","event":"station_detail_viewed","sessionId":"1589c8f9-3836-42b2-a499-e4c6571e7f53"}
{"level":30,"time":1778175371954,"pid":24628,"hostname":"Innocentius","requestId":"48034f3d-16f6-4fbb-b0e5-23cd16862723","url":"http://localhost:3000/api/analytics","method":"POST","msg":"API success","duration":350,"query":{}}
{"level":30,"time":1778175371955,"pid":24628,"hostname":"Innocentius","requestId":"d63bf291-c6a9-49b4-a893-726b75d9e26f","url":"http://localhost:3000/api/analytics","method":"POST","msg":"API success","duration":250,"query":{}}
{"level":30,"time":1778175371957,"pid":24628,"hostname":"Innocentius","requestId":"79d58ae7-fe3c-4991-8960-20a78e2e45e7","url":"http://localhost:3000/api/analytics","method":"POST","msg":"API success","duration":250,"query":{}}
{"level":30,"time":1778175372116,"pid":24628,"hostname":"Innocentius","requestId":"a4e1f485-73ee-478f-8d1d-e83d3686a2c0","url":"http://localhost:3000/api/measurements?stationId=2","method":"GET","msg":"API success","duration":50,"query":{"stationId":"2"}}
{"level":30,"time":1778175376589,"pid":24628,"hostname":"Innocentius","requestId":"be81f4ad-3829-4246-80ee-bb62b28b2734","url":"http://localhost:3000/api/analytics","method":"POST","msg":"analytics event","event":"chart_filter_toggled","sessionId":"1589c8f9-3836-42b2-a499-e4c6571e7f53"}
{"level":30,"time":1778175376589,"pid":24628,"hostname":"Innocentius","requestId":"41a8c44d-3d57-40d6-88bf-12424b70d154","url":"http://localhost:3000/api/analytics","method":"POST","msg":"analytics event","event":"chart_filter_toggled","sessionId":"1589c8f9-3836-42b2-a499-e4c6571e7f53"}
{"level":30,"time":1778175376592,"pid":24628,"hostname":"Innocentius","requestId":"be81f4ad-3829-4246-80ee-bb62b28b2734","url":"http://localhost:3000/api/analytics","method":"POST","msg":"API success","duration":150,"query":{}}
{"level":30,"time":1778175376595,"pid":24628,"hostname":"Innocentius","requestId":"41a8c44d-3d57-40d6-88bf-12424b70d154","url":"http://localhost:3000/api/analytics","method":"POST","msg":"API success","duration":250,"query":{}}
{"level":30,"time":1778175416505,"pid":24628,"hostname":"Innocentius","requestId":"820ff78f-ca47-4f3f-9f31-5ce79ec2d2e0","url":"http://localhost:3000/api/analytics","method":"POST","msg":"analytics event","event":"session_end","sessionId":"1589c8f9-3836-42b2-a499-e4c6571e7f53"}
{"level":30,"time":1778175416506,"pid":24628,"hostname":"Innocentius","requestId":"820ff78f-ca47-4f3f-9f31-5ce79ec2d2e0","url":"http://localhost:3000/api/analytics","method":"POST","msg":"API success","duration":100,"query":{}}
{"level":30,"time":1778175534489,"pid":24628,"hostname":"Innocentius","requestId":"0c9d66be-aaa0-4bd6-a8e3-7b610f8c510c","url":"http://localhost:3000/api/analytics","method":"POST","msg":"analytics event","event":"session_end","sessionId":"1589c8f9-3836-42b2-a499-e4c6571e7f53"}
{"level":30,"time":1778175534490,"pid":24628,"hostname":"Innocentius","requestId":"0c9d66be-aaa0-4bd6-a8e3-7b610f8c510c","url":"http://localhost:3000/api/analytics","method":"POST","msg":"API success","duration":150,"query":{}}
{"level":30,"time":1778175581221,"pid":24628,"hostname":"Innocentius","requestId":"c794fff7-0229-419e-9c0d-b107d49c3cfb","url":"http://localhost:3000/api/analytics","method":"POST","msg":"analytics event","event":"session_end","sessionId":"1589c8f9-3836-42b2-a499-e4c6571e7f53"}
{"level":30,"time":1778175581223,"pid":24628,"hostname":"Innocentius","requestId":"c794fff7-0229-419e-9c0d-b107d49c3cfb","url":"http://localhost:3000/api/analytics","method":"POST","msg":"API success","duration":300,"query":{}}
{"level":30,"time":1778175602585,"pid":24628,"hostname":"Innocentius","requestId":"059594f4-6190-4bed-a852-375c7939eca5","url":"http://localhost:3000/api/analytics","method":"POST","msg":"analytics event","event":"session_end","sessionId":"1589c8f9-3836-42b2-a499-e4c6571e7f53"}
{"level":30,"time":1778175602588,"pid":24628,"hostname":"Innocentius","requestId":"059594f4-6190-4bed-a852-375c7939eca5","url":"http://localhost:3000/api/analytics","method":"POST","msg":"API success","duration":100,"query":{}}
{"level":30,"time":1778175618976,"pid":24628,"hostname":"Innocentius","requestId":"11cbc953-1875-47db-8b08-20faa4aa3e09","url":"http://localhost:3000/api/analytics","method":"POST","msg":"analytics event","event":"session_end","sessionId":"1589c8f9-3836-42b2-a499-e4c6571e7f53"}
{"level":30,"time":1778175618977,"pid":24628,"hostname":"Innocentius","requestId":"11cbc953-1875-47db-8b08-20faa4aa3e09","url":"http://localhost:3000/api/analytics","method":"POST","msg":"API success","duration":50,"query":{}}
{"level":30,"time":1778175628103,"pid":24628,"hostname":"Innocentius","requestId":"e7669e70-b441-420e-a62e-66ffb732c484","url":"http://localhost:3000/api/stations/all","method":"GET","msg":"API success","duration":0,"query":{}}
{"level":30,"time":1778175628998,"pid":24628,"hostname":"Innocentius","requestId":"0558b5b5-5025-44a8-bcaf-337fbf595d81","url":"http://localhost:3000/api/measurements/new","method":"GET","msg":"API success","duration":50,"query":{}}
{"level":30,"time":1778175629339,"pid":24628,"hostname":"Innocentius","requestId":"06060582-c077-49af-b547-9110ac2ffeba","url":"http://localhost:3000/api/analytics","method":"POST","msg":"analytics event","event":"page_view","sessionId":"1589c8f9-3836-42b2-a499-e4c6571e7f53"}
{"level":30,"time":1778175629347,"pid":24628,"hostname":"Innocentius","requestId":"06060582-c077-49af-b547-9110ac2ffeba","url":"http://localhost:3000/api/analytics","method":"POST","msg":"API success","duration":200,"query":{}}
{"level":30,"time":1778175629398,"pid":24628,"hostname":"Innocentius","requestId":"f67d4aac-f78e-4e8e-8629-b8d58aa20839","url":"http://localhost:3000/api/measurements/new","method":"GET","msg":"API success","duration":0,"query":{}}
{"level":30,"time":1778175629432,"pid":24628,"hostname":"Innocentius","requestId":"b3a8efd3-6bf5-4897-9573-310806bf77ac","url":"http://localhost:3000/api/measurements/new","method":"GET","msg":"API success","duration":0,"query":{}}
{"level":30,"time":1778175633802,"pid":24628,"hostname":"Innocentius","requestId":"30da9bdb-bae6-475f-a0d8-0be3f1dbe1b9","url":"http://localhost:3000/api/analytics","method":"POST","msg":"analytics event","event":"map_zoom_changed","sessionId":"1589c8f9-3836-42b2-a499-e4c6571e7f53"}
{"level":30,"time":1778175633803,"pid":24628,"hostname":"Innocentius","requestId":"30da9bdb-bae6-475f-a0d8-0be3f1dbe1b9","url":"http://localhost:3000/api/analytics","method":"POST","msg":"API success","duration":100,"query":{}}
{"level":30,"time":1778175634618,"pid":24628,"hostname":"Innocentius","requestId":"71bc0b12-4901-4351-8ed2-09c06aa07ca9","url":"http://localhost:3000/api/analytics","method":"POST","msg":"analytics event","event":"map_zoom_changed","sessionId":"1589c8f9-3836-42b2-a499-e4c6571e7f53"}
{"level":30,"time":1778175634619,"pid":24628,"hostname":"Innocentius","requestId":"71bc0b12-4901-4351-8ed2-09c06aa07ca9","url":"http://localhost:3000/api/analytics","method":"POST","msg":"API success","duration":50,"query":{}}
{"level":30,"time":1778175635142,"pid":24628,"hostname":"Innocentius","requestId":"de49f4b2-1560-4cb9-8eac-90a459952e27","url":"http://localhost:3000/api/analytics","method":"POST","msg":"analytics event","event":"map_station_selected","sessionId":"1589c8f9-3836-42b2-a499-e4c6571e7f53"}
{"level":30,"time":1778175635143,"pid":24628,"hostname":"Innocentius","requestId":"de49f4b2-1560-4cb9-8eac-90a459952e27","url":"http://localhost:3000/api/analytics","method":"POST","msg":"API success","duration":150,"query":{}}
{"level":30,"time":1778175635832,"pid":24628,"hostname":"Innocentius","requestId":"19d356af-b5be-4343-ae6a-f5fd97231fea","url":"http://localhost:3000/api/measurements?stationId=3","method":"GET","msg":"API success","duration":50,"query":{"stationId":"3"}}
{"level":30,"time":1778175635953,"pid":24628,"hostname":"Innocentius","requestId":"44f74c95-f871-4f2f-8473-8596e7ad84d6","url":"http://localhost:3000/api/measurements?stationId=3","method":"GET","msg":"API success","duration":50,"query":{"stationId":"3"}}
{"level":30,"time":1778175638107,"pid":24628,"hostname":"Innocentius","requestId":"0c25cfe9-aaa8-4423-acbb-f362527d5b06","url":"http://localhost:3000/api/analytics","method":"POST","msg":"analytics event","event":"map_station_selected","sessionId":"1589c8f9-3836-42b2-a499-e4c6571e7f53"}
{"level":30,"time":1778175638110,"pid":24628,"hostname":"Innocentius","requestId":"0c25cfe9-aaa8-4423-acbb-f362527d5b06","url":"http://localhost:3000/api/analytics","method":"POST","msg":"API success","duration":150,"query":{}}
{"level":30,"time":1778175638152,"pid":24628,"hostname":"Innocentius","requestId":"2a5c9c9a-581e-42d0-a74d-84d1c61b5e56","url":"http://localhost:3000/api/measurements?stationId=5","method":"GET","msg":"API success","duration":0,"query":{"stationId":"5"}}
{"level":30,"time":1778175642303,"pid":24628,"hostname":"Innocentius","requestId":"a16c2734-50b0-46b0-8e7b-05bd079c4cc2","url":"http://localhost:3000/api/analytics","method":"POST","msg":"analytics event","event":"map_station_selected","sessionId":"1589c8f9-3836-42b2-a499-e4c6571e7f53"}
{"level":30,"time":1778175642305,"pid":24628,"hostname":"Innocentius","requestId":"a16c2734-50b0-46b0-8e7b-05bd079c4cc2","url":"http://localhost:3000/api/analytics","method":"POST","msg":"API success","duration":50,"query":{}}
{"level":30,"time":1778175642410,"pid":24628,"hostname":"Innocentius","requestId":"6e9bbab6-f03e-4f82-b46a-4e165d766a30","url":"http://localhost:3000/api/measurements?stationId=6","method":"GET","msg":"API success","duration":0,"query":{"stationId":"6"}}
{"level":30,"time":1778175644542,"pid":24628,"hostname":"Innocentius","requestId":"b076b6f8-ecc8-4feb-9c38-ab0701ac0e4a","url":"http://localhost:3000/api/analytics","method":"POST","msg":"analytics event","event":"chart_filter_toggled","sessionId":"1589c8f9-3836-42b2-a499-e4c6571e7f53"}
{"level":30,"time":1778175644543,"pid":24628,"hostname":"Innocentius","requestId":"b076b6f8-ecc8-4feb-9c38-ab0701ac0e4a","url":"http://localhost:3000/api/analytics","method":"POST","msg":"API success","duration":100,"query":{}}
{"level":30,"time":1778175644562,"pid":24628,"hostname":"Innocentius","requestId":"8a8e7294-b707-4eb8-9166-906311ab3dec","url":"http://localhost:3000/api/analytics","method":"POST","msg":"analytics event","event":"chart_filter_toggled","sessionId":"1589c8f9-3836-42b2-a499-e4c6571e7f53"}
{"level":30,"time":1778175644563,"pid":24628,"hostname":"Innocentius","requestId":"8a8e7294-b707-4eb8-9166-906311ab3dec","url":"http://localhost:3000/api/analytics","method":"POST","msg":"API success","duration":50,"query":{}}
{"level":30,"time":1778175645363,"pid":24628,"hostname":"Innocentius","requestId":"0cc19cfd-d2fe-483b-9835-e9142b9a57b2","url":"http://localhost:3000/api/analytics","method":"POST","msg":"analytics event","event":"chart_filter_toggled","sessionId":"1589c8f9-3836-42b2-a499-e4c6571e7f53"}
{"level":30,"time":1778175645365,"pid":24628,"hostname":"Innocentius","requestId":"0cc19cfd-d2fe-483b-9835-e9142b9a57b2","url":"http://localhost:3000/api/analytics","method":"POST","msg":"API success","duration":50,"query":{}}
{"level":30,"time":1778175645390,"pid":24628,"hostname":"Innocentius","requestId":"38f9a116-d958-44c3-9d33-d8cf8835b5de","url":"http://localhost:3000/api/analytics","method":"POST","msg":"analytics event","event":"chart_filter_toggled","sessionId":"1589c8f9-3836-42b2-a499-e4c6571e7f53"}
{"level":30,"time":1778175645395,"pid":24628,"hostname":"Innocentius","requestId":"38f9a116-d958-44c3-9d33-d8cf8835b5de","url":"http://localhost:3000/api/analytics","method":"POST","msg":"API success","duration":100,"query":{}}
{"level":30,"time":1778175646110,"pid":24628,"hostname":"Innocentius","requestId":"26bd5445-a341-45e1-9cb5-35e695f09e20","url":"http://localhost:3000/api/analytics","method":"POST","msg":"analytics event","event":"chart_filter_toggled","sessionId":"1589c8f9-3836-42b2-a499-e4c6571e7f53"}
{"level":30,"time":1778175646111,"pid":24628,"hostname":"Innocentius","requestId":"26bd5445-a341-45e1-9cb5-35e695f09e20","url":"http://localhost:3000/api/analytics","method":"POST","msg":"API success","duration":50,"query":{}}
{"level":30,"time":1778175646132,"pid":24628,"hostname":"Innocentius","requestId":"56301eaf-29a8-420e-867f-1df2d75ab7ed","url":"http://localhost:3000/api/analytics","method":"POST","msg":"analytics event","event":"chart_filter_toggled","sessionId":"1589c8f9-3836-42b2-a499-e4c6571e7f53"}
{"level":30,"time":1778175646134,"pid":24628,"hostname":"Innocentius","requestId":"56301eaf-29a8-420e-867f-1df2d75ab7ed","url":"http://localhost:3000/api/analytics","method":"POST","msg":"API success","duration":100,"query":{}}
{"level":30,"time":1778175646844,"pid":24628,"hostname":"Innocentius","requestId":"8609d416-15ca-4c51-8fcf-cc8e0cee8bf6","url":"http://localhost:3000/api/analytics","method":"POST","msg":"analytics event","event":"chart_filter_toggled","sessionId":"1589c8f9-3836-42b2-a499-e4c6571e7f53"}
{"level":30,"time":1778175646845,"pid":24628,"hostname":"Innocentius","requestId":"8609d416-15ca-4c51-8fcf-cc8e0cee8bf6","url":"http://localhost:3000/api/analytics","method":"POST","msg":"API success","duration":50,"query":{}}
{"level":30,"time":1778175646864,"pid":24628,"hostname":"Innocentius","requestId":"b1466a5f-e5ba-4f6b-8918-94ccd68b4584","url":"http://localhost:3000/api/analytics","method":"POST","msg":"analytics event","event":"chart_filter_toggled","sessionId":"1589c8f9-3836-42b2-a499-e4c6571e7f53"}
{"level":30,"time":1778175646866,"pid":24628,"hostname":"Innocentius","requestId":"b1466a5f-e5ba-4f6b-8918-94ccd68b4584","url":"http://localhost:3000/api/analytics","method":"POST","msg":"API success","duration":50,"query":{}}
{"level":30,"time":1778175647420,"pid":24628,"hostname":"Innocentius","requestId":"45c4c143-74c5-4820-b21f-918a6befbeb8","url":"http://localhost:3000/api/analytics","method":"POST","msg":"analytics event","event":"chart_filter_toggled","sessionId":"1589c8f9-3836-42b2-a499-e4c6571e7f53"}
{"level":30,"time":1778175647421,"pid":24628,"hostname":"Innocentius","requestId":"45c4c143-74c5-4820-b21f-918a6befbeb8","url":"http://localhost:3000/api/analytics","method":"POST","msg":"API success","duration":50,"query":{}}
{"level":30,"time":1778175647440,"pid":24628,"hostname":"Innocentius","requestId":"6d8a6247-2a5b-4afb-8590-8e5804671b98","url":"http://localhost:3000/api/analytics","method":"POST","msg":"analytics event","event":"chart_filter_toggled","sessionId":"1589c8f9-3836-42b2-a499-e4c6571e7f53"}
{"level":30,"time":1778175647441,"pid":24628,"hostname":"Innocentius","requestId":"6d8a6247-2a5b-4afb-8590-8e5804671b98","url":"http://localhost:3000/api/analytics","method":"POST","msg":"API success","duration":50,"query":{}}
{"level":30,"time":1778175650633,"pid":24628,"hostname":"Innocentius","requestId":"b82dd635-96b2-46a6-a441-42883f5ebef8","url":"http://localhost:3000/api/analytics","method":"POST","msg":"analytics event","event":"chart_filter_toggled","sessionId":"1589c8f9-3836-42b2-a499-e4c6571e7f53"}
{"level":30,"time":1778175650634,"pid":24628,"hostname":"Innocentius","requestId":"b82dd635-96b2-46a6-a441-42883f5ebef8","url":"http://localhost:3000/api/analytics","method":"POST","msg":"API success","duration":100,"query":{}}
{"level":30,"time":1778175650658,"pid":24628,"hostname":"Innocentius","requestId":"b7fc5a50-7344-4ca1-bf5b-9ececd5b792a","url":"http://localhost:3000/api/analytics","method":"POST","msg":"analytics event","event":"chart_filter_toggled","sessionId":"1589c8f9-3836-42b2-a499-e4c6571e7f53"}
{"level":30,"time":1778175650659,"pid":24628,"hostname":"Innocentius","requestId":"b7fc5a50-7344-4ca1-bf5b-9ececd5b792a","url":"http://localhost:3000/api/analytics","method":"POST","msg":"API success","duration":50,"query":{}}
{"level":30,"time":1778175651051,"pid":24628,"hostname":"Innocentius","requestId":"58a98bdb-aa22-43b3-add9-29c903d38e87","url":"http://localhost:3000/api/analytics","method":"POST","msg":"analytics event","event":"chart_filter_toggled","sessionId":"1589c8f9-3836-42b2-a499-e4c6571e7f53"}
{"level":30,"time":1778175651052,"pid":24628,"hostname":"Innocentius","requestId":"58a98bdb-aa22-43b3-add9-29c903d38e87","url":"http://localhost:3000/api/analytics","method":"POST","msg":"API success","duration":200,"query":{}}
{"level":30,"time":1778175651074,"pid":24628,"hostname":"Innocentius","requestId":"33910096-0947-461b-b0f3-ec27dbe15550","url":"http://localhost:3000/api/analytics","method":"POST","msg":"analytics event","event":"chart_filter_toggled","sessionId":"1589c8f9-3836-42b2-a499-e4c6571e7f53"}
{"level":30,"time":1778175651075,"pid":24628,"hostname":"Innocentius","requestId":"33910096-0947-461b-b0f3-ec27dbe15550","url":"http://localhost:3000/api/analytics","method":"POST","msg":"API success","duration":50,"query":{}}
{"level":30,"time":1778175654990,"pid":24628,"hostname":"Innocentius","requestId":"164bdf35-e7f2-434d-8f8a-70d09810b212","url":"http://localhost:3000/api/stations/1","method":"GET","msg":"API success","duration":50,"query":{}}
{"level":30,"time":1778175655456,"pid":24628,"hostname":"Innocentius","requestId":"9e41929b-9f52-4a08-a9cd-ebd503f454c7","url":"http://localhost:3000/api/analytics","method":"POST","msg":"analytics event","event":"page_view","sessionId":"1589c8f9-3836-42b2-a499-e4c6571e7f53"}
{"level":30,"time":1778175655457,"pid":24628,"hostname":"Innocentius","requestId":"9e41929b-9f52-4a08-a9cd-ebd503f454c7","url":"http://localhost:3000/api/analytics","method":"POST","msg":"API success","duration":150,"query":{}}
{"level":30,"time":1778175655514,"pid":24628,"hostname":"Innocentius","requestId":"b5a475be-8b8c-4131-a757-59a90ad06d8b","url":"http://localhost:3000/api/analytics","method":"POST","msg":"analytics event","event":"station_detail_viewed","sessionId":"1589c8f9-3836-42b2-a499-e4c6571e7f53"}
{"level":30,"time":1778175655519,"pid":24628,"hostname":"Innocentius","requestId":"b5a475be-8b8c-4131-a757-59a90ad06d8b","url":"http://localhost:3000/api/analytics","method":"POST","msg":"API success","duration":250,"query":{}}
{"level":30,"time":1778175655570,"pid":24628,"hostname":"Innocentius","requestId":"fa0c68bc-187d-4f80-924f-4ec7915beb2b","url":"http://localhost:3000/api/measurements?stationId=1","method":"GET","msg":"API success","duration":0,"query":{"stationId":"1"}}
{"level":30,"time":1778175655607,"pid":24628,"hostname":"Innocentius","requestId":"71349cea-0e4f-48c7-9d66-037c2f097b0d","url":"http://localhost:3000/api/analytics","method":"POST","msg":"analytics event","event":"station_detail_viewed","sessionId":"1589c8f9-3836-42b2-a499-e4c6571e7f53"}
{"level":30,"time":1778175655609,"pid":24628,"hostname":"Innocentius","requestId":"71349cea-0e4f-48c7-9d66-037c2f097b0d","url":"http://localhost:3000/api/analytics","method":"POST","msg":"API success","duration":100,"query":{}}
{"level":30,"time":1778175655664,"pid":24628,"hostname":"Innocentius","requestId":"6e81ffb3-2dad-4e1a-915e-83c57e924b17","url":"http://localhost:3000/api/measurements?stationId=1","method":"GET","msg":"API success","duration":50,"query":{"stationId":"1"}}
{"level":30,"time":1778175657213,"pid":24628,"hostname":"Innocentius","requestId":"d8967c41-6273-418e-9642-3d05c9a33849","url":"http://localhost:3000/api/analytics","method":"POST","msg":"analytics event","event":"chart_filter_toggled","sessionId":"1589c8f9-3836-42b2-a499-e4c6571e7f53"}
{"level":30,"time":1778175657214,"pid":24628,"hostname":"Innocentius","requestId":"80fde2fc-bee3-4126-a79a-7025e5712757","url":"http://localhost:3000/api/analytics","method":"POST","msg":"analytics event","event":"chart_filter_toggled","sessionId":"1589c8f9-3836-42b2-a499-e4c6571e7f53"}
{"level":30,"time":1778175657215,"pid":24628,"hostname":"Innocentius","requestId":"d8967c41-6273-418e-9642-3d05c9a33849","url":"http://localhost:3000/api/analytics","method":"POST","msg":"API success","duration":250,"query":{}}
{"level":30,"time":1778175657217,"pid":24628,"hostname":"Innocentius","requestId":"80fde2fc-bee3-4126-a79a-7025e5712757","url":"http://localhost:3000/api/analytics","method":"POST","msg":"API success","duration":250,"query":{}}
{"level":30,"time":1778175657744,"pid":24628,"hostname":"Innocentius","requestId":"546a3951-850b-4122-bc5a-96dcf4a3fb86","url":"http://localhost:3000/api/analytics","method":"POST","msg":"analytics event","event":"chart_filter_toggled","sessionId":"1589c8f9-3836-42b2-a499-e4c6571e7f53"}
{"level":30,"time":1778175657745,"pid":24628,"hostname":"Innocentius","requestId":"546a3951-850b-4122-bc5a-96dcf4a3fb86","url":"http://localhost:3000/api/analytics","method":"POST","msg":"API success","duration":100,"query":{}}
{"level":30,"time":1778175657764,"pid":24628,"hostname":"Innocentius","requestId":"3c301155-de2d-4490-abfa-4b1ece181fc8","url":"http://localhost:3000/api/analytics","method":"POST","msg":"analytics event","event":"chart_filter_toggled","sessionId":"1589c8f9-3836-42b2-a499-e4c6571e7f53"}
{"level":30,"time":1778175657766,"pid":24628,"hostname":"Innocentius","requestId":"3c301155-de2d-4490-abfa-4b1ece181fc8","url":"http://localhost:3000/api/analytics","method":"POST","msg":"API success","duration":50,"query":{}}
{"level":30,"time":1778175659387,"pid":24628,"hostname":"Innocentius","requestId":"f8a96b74-e911-4a2c-915a-7159d93598ec","url":"http://localhost:3000/api/analytics","method":"POST","msg":"analytics event","event":"chart_filter_toggled","sessionId":"1589c8f9-3836-42b2-a499-e4c6571e7f53"}
{"level":30,"time":1778175659388,"pid":24628,"hostname":"Innocentius","requestId":"f8a96b74-e911-4a2c-915a-7159d93598ec","url":"http://localhost:3000/api/analytics","method":"POST","msg":"API success","duration":50,"query":{}}
{"level":30,"time":1778175659409,"pid":24628,"hostname":"Innocentius","requestId":"a4aab9af-bdba-420f-900c-43ac8d1153fd","url":"http://localhost:3000/api/analytics","method":"POST","msg":"analytics event","event":"chart_filter_toggled","sessionId":"1589c8f9-3836-42b2-a499-e4c6571e7f53"}
{"level":30,"time":1778175659411,"pid":24628,"hostname":"Innocentius","requestId":"a4aab9af-bdba-420f-900c-43ac8d1153fd","url":"http://localhost:3000/api/analytics","method":"POST","msg":"API success","duration":100,"query":{}}
{"level":30,"time":1778175659762,"pid":24628,"hostname":"Innocentius","requestId":"c792247f-86ea-4f28-b28b-5c5fb466b22a","url":"http://localhost:3000/api/analytics","method":"POST","msg":"analytics event","event":"chart_filter_toggled","sessionId":"1589c8f9-3836-42b2-a499-e4c6571e7f53"}
{"level":30,"time":1778175659763,"pid":24628,"hostname":"Innocentius","requestId":"c792247f-86ea-4f28-b28b-5c5fb466b22a","url":"http://localhost:3000/api/analytics","method":"POST","msg":"API success","duration":100,"query":{}}
{"level":30,"time":1778175659778,"pid":24628,"hostname":"Innocentius","requestId":"f764f723-78b7-48ae-84b8-a6ee48ddaf42","url":"http://localhost:3000/api/analytics","method":"POST","msg":"analytics event","event":"chart_filter_toggled","sessionId":"1589c8f9-3836-42b2-a499-e4c6571e7f53"}
{"level":30,"time":1778175659780,"pid":24628,"hostname":"Innocentius","requestId":"f764f723-78b7-48ae-84b8-a6ee48ddaf42","url":"http://localhost:3000/api/analytics","method":"POST","msg":"API success","duration":100,"query":{}}
{"level":30,"time":1778175661755,"pid":24628,"hostname":"Innocentius","requestId":"94e56528-e030-48a1-be17-29a45edf1b41","url":"http://localhost:3000/api/analytics","method":"POST","msg":"analytics event","event":"data_exported","sessionId":"1589c8f9-3836-42b2-a499-e4c6571e7f53"}
{"level":30,"time":1778175661757,"pid":24628,"hostname":"Innocentius","requestId":"94e56528-e030-48a1-be17-29a45edf1b41","url":"http://localhost:3000/api/analytics","method":"POST","msg":"API success","duration":50,"query":{}}
{"level":30,"time":1778175663802,"pid":24628,"hostname":"Innocentius","requestId":"ed64e8dd-fab5-4121-88f0-c09621edc2d5","url":"http://localhost:3000/api/analytics","method":"POST","msg":"analytics event","event":"session_end","sessionId":"1589c8f9-3836-42b2-a499-e4c6571e7f53"}
{"level":30,"time":1778175663804,"pid":24628,"hostname":"Innocentius","requestId":"ed64e8dd-fab5-4121-88f0-c09621edc2d5","url":"http://localhost:3000/api/analytics","method":"POST","msg":"API success","duration":350,"query":{}}
{"level":30,"time":1778175664751,"pid":24628,"hostname":"Innocentius","requestId":"3714f1f9-3a0d-4747-a01c-916b09c0be25","url":"http://localhost:3000/api/stations/1/export","method":"GET","msg":"API success","duration":0,"query":{}}
{"level":30,"time":1778175673569,"pid":24628,"hostname":"Innocentius","requestId":"d70ea7d3-d779-4390-b7c5-00ab51542165","url":"http://localhost:3000/api/stations?page=1","method":"GET","msg":"API success","duration":0,"query":{"page":"1"}}
{"level":30,"time":1778175673715,"pid":24628,"hostname":"Innocentius","requestId":"6447c059-6114-459e-bdbc-c07ace1f289b","url":"http://localhost:3000/api/measurements/new","method":"GET","msg":"API success","duration":0,"query":{}}
{"level":30,"time":1778175674331,"pid":24628,"hostname":"Innocentius","requestId":"88bbf6dc-2c3d-439a-bfbc-a4ccd651b960","url":"http://localhost:3000/api/analytics","method":"POST","msg":"analytics event","event":"page_view","sessionId":"1589c8f9-3836-42b2-a499-e4c6571e7f53"}
{"level":30,"time":1778175674334,"pid":24628,"hostname":"Innocentius","requestId":"88bbf6dc-2c3d-439a-bfbc-a4ccd651b960","url":"http://localhost:3000/api/analytics","method":"POST","msg":"API success","duration":100,"query":{}}
{"level":30,"time":1778175677843,"pid":24628,"hostname":"Innocentius","requestId":"00246e6c-628a-4908-a9bc-6747b3f51fd0","url":"http://localhost:3000/api/stations?page=2","method":"GET","msg":"API success","duration":0,"query":{"page":"2"}}
{"level":30,"time":1778175677916,"pid":24628,"hostname":"Innocentius","requestId":"bb6228de-2032-4a4e-a60e-9835ab0b5152","url":"http://localhost:3000/api/measurements/new","method":"GET","msg":"API success","duration":0,"query":{}}
{"level":30,"time":1778175682626,"pid":24628,"hostname":"Innocentius","requestId":"5532e51b-9daf-4f99-b22d-f0991c50080d","url":"http://localhost:3000/api/analytics","method":"POST","msg":"analytics event","event":"page_view","sessionId":"1589c8f9-3836-42b2-a499-e4c6571e7f53"}
{"level":30,"time":1778175682627,"pid":24628,"hostname":"Innocentius","requestId":"5532e51b-9daf-4f99-b22d-f0991c50080d","url":"http://localhost:3000/api/analytics","method":"POST","msg":"API success","duration":100,"query":{}}
{"level":30,"time":1778175685055,"pid":24628,"hostname":"Innocentius","requestId":"94d63b02-3b4b-4f33-8d37-92d216b5dbf8","url":"http://localhost:3000/api/analytics","method":"POST","msg":"analytics event","event":"page_view","sessionId":"1589c8f9-3836-42b2-a499-e4c6571e7f53"}
{"level":30,"time":1778175685056,"pid":24628,"hostname":"Innocentius","requestId":"94d63b02-3b4b-4f33-8d37-92d216b5dbf8","url":"http://localhost:3000/api/analytics","method":"POST","msg":"API success","duration":100,"query":{}}
{"level":30,"time":1778175698722,"pid":24628,"hostname":"Innocentius","requestId":"b82d9926-cecf-46d1-affb-46e28c948391","url":"http://localhost:3000/api/analytics","method":"POST","msg":"analytics event","event":"session_end","sessionId":"1589c8f9-3836-42b2-a499-e4c6571e7f53"}
{"level":30,"time":1778175698723,"pid":24628,"hostname":"Innocentius","requestId":"b82d9926-cecf-46d1-affb-46e28c948391","url":"http://localhost:3000/api/analytics","method":"POST","msg":"API success","duration":100,"query":{}}
{"level":30,"time":1778175773627,"pid":24628,"hostname":"Innocentius","requestId":"2c34aaab-51e2-4251-8c5a-eff7885edb25","url":"http://localhost:3000/api/analytics","method":"POST","msg":"analytics event","event":"session_end","sessionId":"1589c8f9-3836-42b2-a499-e4c6571e7f53"}
{"level":30,"time":1778175773628,"pid":24628,"hostname":"Innocentius","requestId":"2c34aaab-51e2-4251-8c5a-eff7885edb25","url":"http://localhost:3000/api/analytics","method":"POST","msg":"API success","duration":250,"query":{}}
{"level":30,"time":1778175886203,"pid":24628,"hostname":"Innocentius","requestId":"e767412e-c6c6-41a4-ae6e-741318babf2a","url":"http://localhost:3000/api/analytics","method":"POST","msg":"analytics event","event":"session_end","sessionId":"1589c8f9-3836-42b2-a499-e4c6571e7f53"}
{"level":30,"time":1778175886205,"pid":24628,"hostname":"Innocentius","requestId":"e767412e-c6c6-41a4-ae6e-741318babf2a","url":"http://localhost:3000/api/analytics","method":"POST","msg":"API success","duration":50,"query":{}}
{"level":30,"time":1778176315965,"pid":24628,"hostname":"Innocentius","requestId":"bfa84039-5a28-4e7f-8439-ce4fcd299f6a","url":"http://localhost:3000/api/analytics","method":"POST","msg":"analytics event","event":"session_end","sessionId":"1589c8f9-3836-42b2-a499-e4c6571e7f53"}
{"level":30,"time":1778176315966,"pid":24628,"hostname":"Innocentius","requestId":"bfa84039-5a28-4e7f-8439-ce4fcd299f6a","url":"http://localhost:3000/api/analytics","method":"POST","msg":"API success","duration":100,"query":{}}
{"level":30,"time":1778176318459,"pid":24628,"hostname":"Innocentius","requestId":"9395c343-d98c-4a49-891b-df8bd3097081","url":"http://localhost:3000/api/stations/all","method":"GET","msg":"API success","duration":0,"query":{}}
{"level":30,"time":1778176318550,"pid":24628,"hostname":"Innocentius","requestId":"c82c73b2-2c44-4fe1-9bb2-7e95194f3240","url":"http://localhost:3000/api/measurements/new","method":"GET","msg":"API success","duration":50,"query":{}}
{"level":30,"time":1778176320065,"pid":24628,"hostname":"Innocentius","requestId":"d43026c6-7824-4642-873c-e1ecc46b62c5","url":"http://localhost:3000/api/analytics","method":"POST","msg":"analytics event","event":"session_start","sessionId":"7ef22187-ac78-4b6d-9549-0465b535ca70"}
{"level":30,"time":1778176320065,"pid":24628,"hostname":"Innocentius","requestId":"927c303e-67ac-4542-a25a-09e6b2745a23","url":"http://localhost:3000/api/analytics","method":"POST","msg":"analytics event","event":"page_load_timing","sessionId":"7ef22187-ac78-4b6d-9549-0465b535ca70"}
{"level":30,"time":1778176320065,"pid":24628,"hostname":"Innocentius","requestId":"efbb12b4-740a-4cee-b67e-ccb86c9314c6","url":"http://localhost:3000/api/analytics","method":"POST","msg":"analytics event","event":"page_view","sessionId":"7ef22187-ac78-4b6d-9549-0465b535ca70"}
{"level":30,"time":1778176320066,"pid":24628,"hostname":"Innocentius","requestId":"d43026c6-7824-4642-873c-e1ecc46b62c5","url":"http://localhost:3000/api/analytics","method":"POST","msg":"API success","duration":200,"query":{}}
{"level":30,"time":1778176320067,"pid":24628,"hostname":"Innocentius","requestId":"927c303e-67ac-4542-a25a-09e6b2745a23","url":"http://localhost:3000/api/analytics","method":"POST","msg":"API success","duration":200,"query":{}}
{"level":30,"time":1778176320069,"pid":24628,"hostname":"Innocentius","requestId":"efbb12b4-740a-4cee-b67e-ccb86c9314c6","url":"http://localhost:3000/api/analytics","method":"POST","msg":"API success","duration":250,"query":{}}
{"level":30,"time":1778176320251,"pid":24628,"hostname":"Innocentius","requestId":"e723e36d-24d1-40e5-b8d1-d6fbf5424ee1","url":"http://localhost:3000/api/measurements/new","method":"GET","msg":"API success","duration":50,"query":{}}
{"level":30,"time":1778176320253,"pid":24628,"hostname":"Innocentius","requestId":"937ec124-2759-4e93-8219-b144ba55df19","url":"http://localhost:3000/api/measurements/new","method":"GET","msg":"API success","duration":100,"query":{}}
{"level":30,"time":1778176353259,"pid":24628,"hostname":"Innocentius","requestId":"fd570bc5-adaf-452a-81c7-70910ddf4a8c","url":"http://localhost:3000/api/analytics","method":"POST","msg":"analytics event","event":"session_end","sessionId":"7ef22187-ac78-4b6d-9549-0465b535ca70"}
{"level":30,"time":1778176353261,"pid":24628,"hostname":"Innocentius","requestId":"fd570bc5-adaf-452a-81c7-70910ddf4a8c","url":"http://localhost:3000/api/analytics","method":"POST","msg":"API success","duration":50,"query":{}}
{"level":30,"time":1778176354504,"pid":24628,"hostname":"Innocentius","requestId":"41aee770-be7b-4599-92f8-2a9ab6ab05c3","url":"http://localhost:3000/api/stations/all","method":"GET","msg":"API success","duration":50,"query":{}}
{"level":30,"time":1778176354560,"pid":24628,"hostname":"Innocentius","requestId":"3e52ad51-bde8-4e25-89c6-d5573f9670e4","url":"http://localhost:3000/api/measurements/new","method":"GET","msg":"API success","duration":0,"query":{}}
{"level":30,"time":1778176356541,"pid":24628,"hostname":"Innocentius","requestId":"c4e5f1f6-8311-47a1-ba97-919789ad4df5","url":"http://localhost:3000/api/analytics","method":"POST","msg":"analytics event","event":"page_load_timing","sessionId":"7ef22187-ac78-4b6d-9549-0465b535ca70"}
{"level":30,"time":1778176356541,"pid":24628,"hostname":"Innocentius","requestId":"f65226e3-804e-4af2-b7f5-68bb32300c26","url":"http://localhost:3000/api/analytics","method":"POST","msg":"analytics event","event":"page_view","sessionId":"7ef22187-ac78-4b6d-9549-0465b535ca70"}
{"level":30,"time":1778176356543,"pid":24628,"hostname":"Innocentius","requestId":"c4e5f1f6-8311-47a1-ba97-919789ad4df5","url":"http://localhost:3000/api/analytics","method":"POST","msg":"API success","duration":150,"query":{}}
{"level":30,"time":1778176356544,"pid":24628,"hostname":"Innocentius","requestId":"f65226e3-804e-4af2-b7f5-68bb32300c26","url":"http://localhost:3000/api/analytics","method":"POST","msg":"API success","duration":150,"query":{}}
{"level":30,"time":1778176356788,"pid":24628,"hostname":"Innocentius","requestId":"6dc46c8d-4d87-4c20-ab02-82fd06288f01","url":"http://localhost:3000/api/measurements/new","method":"GET","msg":"API success","duration":50,"query":{}}
{"level":30,"time":1778176356789,"pid":24628,"hostname":"Innocentius","requestId":"b708cfd7-dcc3-452e-bade-f7fe86bf5782","url":"http://localhost:3000/api/measurements/new","method":"GET","msg":"API success","duration":100,"query":{}}
{"level":30,"time":1778176368759,"pid":24628,"hostname":"Innocentius","requestId":"66ec9dbd-da49-4044-a3ec-074085ff4dc2","url":"http://localhost:3000/api/analytics","method":"POST","msg":"analytics event","event":"session_end","sessionId":"7ef22187-ac78-4b6d-9549-0465b535ca70"}
{"level":30,"time":1778176368760,"pid":24628,"hostname":"Innocentius","requestId":"66ec9dbd-da49-4044-a3ec-074085ff4dc2","url":"http://localhost:3000/api/analytics","method":"POST","msg":"API success","duration":150,"query":{}}
{"level":30,"time":1778176368956,"pid":24628,"hostname":"Innocentius","requestId":"d2a00dcf-69e9-423c-b810-243f729e1e76","url":"http://localhost:3000/api/stations/all","method":"GET","msg":"API success","duration":0,"query":{}}
{"level":30,"time":1778176369019,"pid":24628,"hostname":"Innocentius","requestId":"14f338c6-e24e-4081-af74-8a83c5b47f1a","url":"http://localhost:3000/api/measurements/new","method":"GET","msg":"API success","duration":50,"query":{}}
{"level":30,"time":1778176370889,"pid":24628,"hostname":"Innocentius","requestId":"24a9d7eb-3c74-4c51-9525-dcad29fad372","url":"http://localhost:3000/api/analytics","method":"POST","msg":"analytics event","event":"page_load_timing","sessionId":"7ef22187-ac78-4b6d-9549-0465b535ca70"}
{"level":30,"time":1778176370889,"pid":24628,"hostname":"Innocentius","requestId":"03cc3007-ce6d-40d8-9bd2-545f6b3edd69","url":"http://localhost:3000/api/analytics","method":"POST","msg":"analytics event","event":"page_view","sessionId":"7ef22187-ac78-4b6d-9549-0465b535ca70"}
{"level":30,"time":1778176370891,"pid":24628,"hostname":"Innocentius","requestId":"24a9d7eb-3c74-4c51-9525-dcad29fad372","url":"http://localhost:3000/api/analytics","method":"POST","msg":"API success","duration":150,"query":{}}
{"level":30,"time":1778176370892,"pid":24628,"hostname":"Innocentius","requestId":"03cc3007-ce6d-40d8-9bd2-545f6b3edd69","url":"http://localhost:3000/api/analytics","method":"POST","msg":"API success","duration":150,"query":{}}
{"level":30,"time":1778176371113,"pid":24628,"hostname":"Innocentius","requestId":"a7adf370-c24b-4157-b42c-4c039e4c35cd","url":"http://localhost:3000/api/measurements/new","method":"GET","msg":"API success","duration":50,"query":{}}
{"level":30,"time":1778176371115,"pid":24628,"hostname":"Innocentius","requestId":"aa6a8c3f-b3d4-4e55-9d0a-84d0574dfced","url":"http://localhost:3000/api/measurements/new","method":"GET","msg":"API success","duration":100,"query":{}}
{"level":30,"time":1778176372389,"pid":24628,"hostname":"Innocentius","requestId":"fafef1f3-674f-4d56-bd61-510685b3178d","url":"http://localhost:3000/api/stations/all","method":"GET","msg":"API success","duration":0,"query":{}}
{"level":30,"time":1778176372458,"pid":24628,"hostname":"Innocentius","requestId":"380783c6-cca5-43f3-a478-4fb806c41989","url":"http://localhost:3000/api/measurements/new","method":"GET","msg":"API success","duration":0,"query":{}}
{"level":30,"time":1778176372602,"pid":24628,"hostname":"Innocentius","requestId":"c34f95bc-0543-401f-94b0-ee299a415227","url":"http://localhost:3000/api/analytics","method":"POST","msg":"analytics event","event":"session_end","sessionId":"7ef22187-ac78-4b6d-9549-0465b535ca70"}
{"level":30,"time":1778176372604,"pid":24628,"hostname":"Innocentius","requestId":"c34f95bc-0543-401f-94b0-ee299a415227","url":"http://localhost:3000/api/analytics","method":"POST","msg":"API success","duration":100,"query":{}}
{"level":30,"time":1778176374111,"pid":24628,"hostname":"Innocentius","requestId":"e6675103-ba09-4380-926c-490942b0efae","url":"http://localhost:3000/api/analytics","method":"POST","msg":"analytics event","event":"page_load_timing","sessionId":"7ef22187-ac78-4b6d-9549-0465b535ca70"}
{"level":30,"time":1778176374111,"pid":24628,"hostname":"Innocentius","requestId":"a119edbb-9877-4d73-b12c-97997194725f","url":"http://localhost:3000/api/analytics","method":"POST","msg":"analytics event","event":"page_view","sessionId":"7ef22187-ac78-4b6d-9549-0465b535ca70"}
{"level":30,"time":1778176374113,"pid":24628,"hostname":"Innocentius","requestId":"e6675103-ba09-4380-926c-490942b0efae","url":"http://localhost:3000/api/analytics","method":"POST","msg":"API success","duration":100,"query":{}}
{"level":30,"time":1778176374114,"pid":24628,"hostname":"Innocentius","requestId":"a119edbb-9877-4d73-b12c-97997194725f","url":"http://localhost:3000/api/analytics","method":"POST","msg":"API success","duration":150,"query":{}}
{"level":30,"time":1778176374395,"pid":24628,"hostname":"Innocentius","requestId":"78224fe5-3fd7-425a-b7fb-9dcb5772a778","url":"http://localhost:3000/api/measurements/new","method":"GET","msg":"API success","duration":0,"query":{}}
{"level":30,"time":1778176374397,"pid":24628,"hostname":"Innocentius","requestId":"10907880-2e0a-464b-bd34-41ea4478a93e","url":"http://localhost:3000/api/measurements/new","method":"GET","msg":"API success","duration":50,"query":{}}
{"level":30,"time":1778176544595,"pid":24628,"hostname":"Innocentius","requestId":"162d2b88-4f39-410a-91c2-134d7a1bab11","url":"http://localhost:3000/api/analytics","method":"POST","msg":"analytics event","event":"session_end","sessionId":"7ef22187-ac78-4b6d-9549-0465b535ca70"}
{"level":30,"time":1778176544597,"pid":24628,"hostname":"Innocentius","requestId":"162d2b88-4f39-410a-91c2-134d7a1bab11","url":"http://localhost:3000/api/analytics","method":"POST","msg":"API success","duration":100,"query":{}}
{"level":30,"time":1778176558462,"pid":24628,"hostname":"Innocentius","requestId":"c43de2a4-3180-468c-8736-9fe97ceb7396","url":"http://localhost:3000/api/analytics","method":"POST","msg":"analytics event","event":"session_end","sessionId":"7ef22187-ac78-4b6d-9549-0465b535ca70"}
{"level":30,"time":1778176558464,"pid":24628,"hostname":"Innocentius","requestId":"c43de2a4-3180-468c-8736-9fe97ceb7396","url":"http://localhost:3000/api/analytics","method":"POST","msg":"API success","duration":100,"query":{}}
{"level":30,"time":1778176590570,"pid":24628,"hostname":"Innocentius","requestId":"00615079-8a3b-4bbf-b526-291b67b44578","url":"http://localhost:3000/api/analytics","method":"POST","msg":"analytics event","event":"session_end","sessionId":"7ef22187-ac78-4b6d-9549-0465b535ca70"}
{"level":30,"time":1778176590572,"pid":24628,"hostname":"Innocentius","requestId":"00615079-8a3b-4bbf-b526-291b67b44578","url":"http://localhost:3000/api/analytics","method":"POST","msg":"API success","duration":50,"query":{}}
{"level":30,"time":1778176785763,"pid":24628,"hostname":"Innocentius","requestId":"92728c7f-d02c-4539-be58-54142cef8f8d","url":"http://localhost:3000/api/measurements/new","method":"GET","msg":"API success","duration":0,"query":{}}
{"level":30,"time":1778176785774,"pid":24628,"hostname":"Innocentius","requestId":"85674d8b-d37e-4335-aa56-f761d5a0a4cf","url":"http://localhost:3000/api/analytics","method":"POST","msg":"analytics event","event":"error_boundary_triggered","sessionId":"7ef22187-ac78-4b6d-9549-0465b535ca70"}
{"level":30,"time":1778176785774,"pid":24628,"hostname":"Innocentius","requestId":"be314dbb-4077-4a65-9d78-ae04b08d6041","url":"http://localhost:3000/api/analytics","method":"POST","msg":"analytics event","event":"error_boundary_triggered","sessionId":"7ef22187-ac78-4b6d-9549-0465b535ca70"}
{"level":30,"time":1778176785774,"pid":24628,"hostname":"Innocentius","requestId":"0c5155b3-25f9-4cb9-a1ad-1d6efc8cc0e8","url":"http://localhost:3000/api/analytics","method":"POST","msg":"analytics event","event":"error_boundary_triggered","sessionId":"7ef22187-ac78-4b6d-9549-0465b535ca70"}
{"level":30,"time":1778176785774,"pid":24628,"hostname":"Innocentius","requestId":"94c92573-f467-4a03-95e5-3730c3437612","url":"http://localhost:3000/api/analytics","method":"POST","msg":"analytics event","event":"error_boundary_triggered","sessionId":"7ef22187-ac78-4b6d-9549-0465b535ca70"}
{"level":40,"time":1778176785776,"pid":24628,"hostname":"Innocentius","requestId":"85674d8b-d37e-4335-aa56-f761d5a0a4cf","url":"http://localhost:3000/api/analytics","method":"POST","msg":"Slow request","duration":800}
{"level":30,"time":1778176785776,"pid":24628,"hostname":"Innocentius","requestId":"85674d8b-d37e-4335-aa56-f761d5a0a4cf","url":"http://localhost:3000/api/analytics","method":"POST","msg":"API success","duration":800,"query":{}}
{"level":40,"time":1778176785777,"pid":24628,"hostname":"Innocentius","requestId":"be314dbb-4077-4a65-9d78-ae04b08d6041","url":"http://localhost:3000/api/analytics","method":"POST","msg":"Slow request","duration":850}
{"level":30,"time":1778176785777,"pid":24628,"hostname":"Innocentius","requestId":"be314dbb-4077-4a65-9d78-ae04b08d6041","url":"http://localhost:3000/api/analytics","method":"POST","msg":"API success","duration":850,"query":{}}
{"level":40,"time":1778176785779,"pid":24628,"hostname":"Innocentius","requestId":"0c5155b3-25f9-4cb9-a1ad-1d6efc8cc0e8","url":"http://localhost:3000/api/analytics","method":"POST","msg":"Slow request","duration":900}
{"level":30,"time":1778176785779,"pid":24628,"hostname":"Innocentius","requestId":"0c5155b3-25f9-4cb9-a1ad-1d6efc8cc0e8","url":"http://localhost:3000/api/analytics","method":"POST","msg":"API success","duration":900,"query":{}}
{"level":40,"time":1778176785780,"pid":24628,"hostname":"Innocentius","requestId":"94c92573-f467-4a03-95e5-3730c3437612","url":"http://localhost:3000/api/analytics","method":"POST","msg":"Slow request","duration":900}
{"level":30,"time":1778176785780,"pid":24628,"hostname":"Innocentius","requestId":"94c92573-f467-4a03-95e5-3730c3437612","url":"http://localhost:3000/api/analytics","method":"POST","msg":"API success","duration":900,"query":{}}
{"level":30,"time":1778176806616,"pid":24628,"hostname":"Innocentius","requestId":"6bdd5cb1-2c28-4a6f-9b2c-125587bc428f","url":"http://localhost:3000/api/analytics","method":"POST","msg":"analytics event","event":"session_end","sessionId":"7ef22187-ac78-4b6d-9549-0465b535ca70"}
{"level":30,"time":1778176806617,"pid":24628,"hostname":"Innocentius","requestId":"6bdd5cb1-2c28-4a6f-9b2c-125587bc428f","url":"http://localhost:3000/api/analytics","method":"POST","msg":"API success","duration":100,"query":{}}
{"level":30,"time":1778176815883,"pid":24628,"hostname":"Innocentius","requestId":"81e5f5fe-bef5-49b7-b187-72d5ce706f56","url":"http://localhost:3000/api/stations/all","method":"GET","msg":"API success","duration":50,"query":{}}
{"level":30,"time":1778176816024,"pid":24628,"hostname":"Innocentius","requestId":"d3f0671f-d05a-48c8-89d6-4050580ae7da","url":"http://localhost:3000/api/measurements/new","method":"GET","msg":"API success","duration":50,"query":{}}
{"level":30,"time":1778176816718,"pid":24628,"hostname":"Innocentius","requestId":"7ac91225-086a-4c50-a542-39ff473706ca","url":"http://localhost:3000/api/analytics","method":"POST","msg":"analytics event","event":"session_end","sessionId":"7ef22187-ac78-4b6d-9549-0465b535ca70"}
{"level":30,"time":1778176816719,"pid":24628,"hostname":"Innocentius","requestId":"7ac91225-086a-4c50-a542-39ff473706ca","url":"http://localhost:3000/api/analytics","method":"POST","msg":"API success","duration":50,"query":{}}
{"level":30,"time":1778176817706,"pid":24628,"hostname":"Innocentius","requestId":"d5a45105-d371-4f8c-86fa-531030d68105","url":"http://localhost:3000/api/analytics","method":"POST","msg":"analytics event","event":"page_load_timing","sessionId":"7ef22187-ac78-4b6d-9549-0465b535ca70"}
{"level":30,"time":1778176817706,"pid":24628,"hostname":"Innocentius","requestId":"4f7481c7-c7ea-4dc7-87aa-969c4442f964","url":"http://localhost:3000/api/analytics","method":"POST","msg":"analytics event","event":"page_view","sessionId":"7ef22187-ac78-4b6d-9549-0465b535ca70"}
{"level":30,"time":1778176817707,"pid":24628,"hostname":"Innocentius","requestId":"d5a45105-d371-4f8c-86fa-531030d68105","url":"http://localhost:3000/api/analytics","method":"POST","msg":"API success","duration":150,"query":{}}
{"level":30,"time":1778176817709,"pid":24628,"hostname":"Innocentius","requestId":"4f7481c7-c7ea-4dc7-87aa-969c4442f964","url":"http://localhost:3000/api/analytics","method":"POST","msg":"API success","duration":200,"query":{}}
{"level":30,"time":1778176817873,"pid":24628,"hostname":"Innocentius","requestId":"67920997-8cee-473d-ac0f-53721fc4c101","url":"http://localhost:3000/api/measurements/new","method":"GET","msg":"API success","duration":50,"query":{}}
{"level":30,"time":1778176817875,"pid":24628,"hostname":"Innocentius","requestId":"3fdff81a-aa84-48f4-8b20-2f4cfaa88bd4","url":"http://localhost:3000/api/measurements/new","method":"GET","msg":"API success","duration":100,"query":{}}
{"level":30,"time":1778176819555,"pid":24628,"hostname":"Innocentius","requestId":"f1461493-4d74-4e3c-9d2d-2fa77483fa15","url":"http://localhost:3000/api/analytics","method":"POST","msg":"analytics event","event":"session_end","sessionId":"7ef22187-ac78-4b6d-9549-0465b535ca70"}
{"level":30,"time":1778176819557,"pid":24628,"hostname":"Innocentius","requestId":"f1461493-4d74-4e3c-9d2d-2fa77483fa15","url":"http://localhost:3000/api/analytics","method":"POST","msg":"API success","duration":50,"query":{}}
{"level":30,"time":1778176954523,"pid":24628,"hostname":"Innocentius","requestId":"00748797-4ef4-4d15-82f6-9bf6323de02d","url":"http://localhost:3000/api/measurements/new","method":"GET","msg":"API success","duration":50,"query":{}}
{"level":30,"time":1778176954539,"pid":24628,"hostname":"Innocentius","requestId":"bbc4a136-c02f-4a0b-ad97-3452f1fafebc","url":"http://localhost:3000/api/analytics","method":"POST","msg":"analytics event","event":"error_boundary_triggered","sessionId":"7ef22187-ac78-4b6d-9549-0465b535ca70"}
{"level":30,"time":1778176954540,"pid":24628,"hostname":"Innocentius","requestId":"cb2d1f2e-df73-4cb3-aa8c-364b6de45a8e","url":"http://localhost:3000/api/analytics","method":"POST","msg":"analytics event","event":"error_boundary_triggered","sessionId":"7ef22187-ac78-4b6d-9549-0465b535ca70"}
{"level":30,"time":1778176954540,"pid":24628,"hostname":"Innocentius","requestId":"43b9ee46-349d-4a62-8d24-92d29ff32d16","url":"http://localhost:3000/api/analytics","method":"POST","msg":"analytics event","event":"error_boundary_triggered","sessionId":"7ef22187-ac78-4b6d-9549-0465b535ca70"}
{"level":30,"time":1778176954540,"pid":24628,"hostname":"Innocentius","requestId":"5ff5bb37-1490-46b1-821f-2d004cacb4c3","url":"http://localhost:3000/api/analytics","method":"POST","msg":"analytics event","event":"error_boundary_triggered","sessionId":"7ef22187-ac78-4b6d-9549-0465b535ca70"}
{"level":40,"time":1778176954542,"pid":24628,"hostname":"Innocentius","requestId":"bbc4a136-c02f-4a0b-ad97-3452f1fafebc","url":"http://localhost:3000/api/analytics","method":"POST","msg":"Slow request","duration":1250}
{"level":30,"time":1778176954542,"pid":24628,"hostname":"Innocentius","requestId":"bbc4a136-c02f-4a0b-ad97-3452f1fafebc","url":"http://localhost:3000/api/analytics","method":"POST","msg":"API success","duration":1250,"query":{}}
{"level":40,"time":1778176954544,"pid":24628,"hostname":"Innocentius","requestId":"cb2d1f2e-df73-4cb3-aa8c-364b6de45a8e","url":"http://localhost:3000/api/analytics","method":"POST","msg":"Slow request","duration":1300}
{"level":30,"time":1778176954544,"pid":24628,"hostname":"Innocentius","requestId":"cb2d1f2e-df73-4cb3-aa8c-364b6de45a8e","url":"http://localhost:3000/api/analytics","method":"POST","msg":"API success","duration":1300,"query":{}}
{"level":40,"time":1778176954547,"pid":24628,"hostname":"Innocentius","requestId":"43b9ee46-349d-4a62-8d24-92d29ff32d16","url":"http://localhost:3000/api/analytics","method":"POST","msg":"Slow request","duration":1350}
{"level":30,"time":1778176954547,"pid":24628,"hostname":"Innocentius","requestId":"43b9ee46-349d-4a62-8d24-92d29ff32d16","url":"http://localhost:3000/api/analytics","method":"POST","msg":"API success","duration":1350,"query":{}}
{"level":40,"time":1778176954553,"pid":24628,"hostname":"Innocentius","requestId":"5ff5bb37-1490-46b1-821f-2d004cacb4c3","url":"http://localhost:3000/api/analytics","method":"POST","msg":"Slow request","duration":1450}
{"level":30,"time":1778176954553,"pid":24628,"hostname":"Innocentius","requestId":"5ff5bb37-1490-46b1-821f-2d004cacb4c3","url":"http://localhost:3000/api/analytics","method":"POST","msg":"API success","duration":1450,"query":{}}
{"level":30,"time":1778176959672,"pid":24628,"hostname":"Innocentius","requestId":"55cc2ef6-ff7e-4139-8b80-10f979092707","url":"http://localhost:3000/api/stations/all","method":"GET","msg":"API success","duration":0,"query":{}}
{"level":30,"time":1778176959768,"pid":24628,"hostname":"Innocentius","requestId":"2b2f30b0-cdab-43bc-995b-9776c64f7ca4","url":"http://localhost:3000/api/measurements/new","method":"GET","msg":"API success","duration":50,"query":{}}
{"level":30,"time":1778176959976,"pid":24628,"hostname":"Innocentius","requestId":"96a7f45a-1cd7-438a-8761-1f71e299b498","url":"http://localhost:3000/api/analytics","method":"POST","msg":"analytics event","event":"session_end","sessionId":"7ef22187-ac78-4b6d-9549-0465b535ca70"}
{"level":30,"time":1778176959977,"pid":24628,"hostname":"Innocentius","requestId":"96a7f45a-1cd7-438a-8761-1f71e299b498","url":"http://localhost:3000/api/analytics","method":"POST","msg":"API success","duration":150,"query":{}}
{"level":30,"time":1778176960879,"pid":24628,"hostname":"Innocentius","requestId":"9dfd73e4-486d-4c35-8201-5856e9219c85","url":"http://localhost:3000/api/analytics","method":"POST","msg":"analytics event","event":"page_load_timing","sessionId":"7ef22187-ac78-4b6d-9549-0465b535ca70"}
{"level":30,"time":1778176960880,"pid":24628,"hostname":"Innocentius","requestId":"703aedc9-bf12-4852-87c6-dbf7213cf16e","url":"http://localhost:3000/api/analytics","method":"POST","msg":"analytics event","event":"page_view","sessionId":"7ef22187-ac78-4b6d-9549-0465b535ca70"}
{"level":30,"time":1778176960881,"pid":24628,"hostname":"Innocentius","requestId":"9dfd73e4-486d-4c35-8201-5856e9219c85","url":"http://localhost:3000/api/analytics","method":"POST","msg":"API success","duration":150,"query":{}}
{"level":30,"time":1778176960882,"pid":24628,"hostname":"Innocentius","requestId":"703aedc9-bf12-4852-87c6-dbf7213cf16e","url":"http://localhost:3000/api/analytics","method":"POST","msg":"API success","duration":150,"query":{}}
{"level":30,"time":1778176961063,"pid":24628,"hostname":"Innocentius","requestId":"3f1f4173-884e-4e6a-9860-a6ee8a225c00","url":"http://localhost:3000/api/measurements/new","method":"GET","msg":"API success","duration":50,"query":{}}
{"level":30,"time":1778176961065,"pid":24628,"hostname":"Innocentius","requestId":"aefaba3f-f3fc-4b77-9bf8-b1c5654cd067","url":"http://localhost:3000/api/measurements/new","method":"GET","msg":"API success","duration":100,"query":{}}
{"level":30,"time":1778176965286,"pid":24628,"hostname":"Innocentius","requestId":"8fd057bc-9d9f-4a23-be03-3ae4d3d646f4","url":"http://localhost:3000/api/analytics","method":"POST","msg":"analytics event","event":"map_station_selected","sessionId":"7ef22187-ac78-4b6d-9549-0465b535ca70"}
{"level":30,"time":1778176965288,"pid":24628,"hostname":"Innocentius","requestId":"8fd057bc-9d9f-4a23-be03-3ae4d3d646f4","url":"http://localhost:3000/api/analytics","method":"POST","msg":"API success","duration":150,"query":{}}
{"level":30,"time":1778176966115,"pid":24628,"hostname":"Innocentius","requestId":"b314a9a1-fb31-4d6f-baa3-5a6d852f823d","url":"http://localhost:3000/api/measurements?stationId=3","method":"GET","msg":"API success","duration":50,"query":{"stationId":"3"}}
{"level":30,"time":1778176966185,"pid":24628,"hostname":"Innocentius","requestId":"64c212cd-4e44-4905-87d3-50eefff2277d","url":"http://localhost:3000/api/measurements?stationId=3","method":"GET","msg":"API success","duration":0,"query":{"stationId":"3"}}
{"level":30,"time":1778177018368,"pid":24628,"hostname":"Innocentius","requestId":"cc051225-73eb-423d-9841-cc1e07e9bf43","url":"http://localhost:3000/api/analytics","method":"POST","msg":"analytics event","event":"session_end","sessionId":"7ef22187-ac78-4b6d-9549-0465b535ca70"}
{"level":30,"time":1778177018370,"pid":24628,"hostname":"Innocentius","requestId":"cc051225-73eb-423d-9841-cc1e07e9bf43","url":"http://localhost:3000/api/analytics","method":"POST","msg":"API success","duration":50,"query":{}}
{"level":30,"time":1778177032197,"pid":24628,"hostname":"Innocentius","requestId":"13317fa3-8102-4d1d-bff9-148a67e695dc","url":"http://localhost:3000/api/measurements/new","method":"GET","msg":"API success","duration":100,"query":{}}
{"level":30,"time":1778177032208,"pid":24628,"hostname":"Innocentius","requestId":"744ec1b8-4760-48db-abbb-8da48e35ea6f","url":"http://localhost:3000/api/analytics","method":"POST","msg":"analytics event","event":"error_boundary_triggered","sessionId":"7ef22187-ac78-4b6d-9549-0465b535ca70"}
{"level":30,"time":1778177032208,"pid":24628,"hostname":"Innocentius","requestId":"71e04076-dd26-4748-ac03-bfab83fd95f2","url":"http://localhost:3000/api/analytics","method":"POST","msg":"analytics event","event":"error_boundary_triggered","sessionId":"7ef22187-ac78-4b6d-9549-0465b535ca70"}
{"level":30,"time":1778177032208,"pid":24628,"hostname":"Innocentius","requestId":"9408e5d7-2ec5-4215-b33b-36a49eeb272d","url":"http://localhost:3000/api/analytics","method":"POST","msg":"analytics event","event":"error_boundary_triggered","sessionId":"7ef22187-ac78-4b6d-9549-0465b535ca70"}
{"level":30,"time":1778177032208,"pid":24628,"hostname":"Innocentius","requestId":"00fbc49b-03c3-490b-9e6b-247db5a595e2","url":"http://localhost:3000/api/analytics","method":"POST","msg":"analytics event","event":"error_boundary_triggered","sessionId":"7ef22187-ac78-4b6d-9549-0465b535ca70"}
{"level":40,"time":1778177032209,"pid":24628,"hostname":"Innocentius","requestId":"744ec1b8-4760-48db-abbb-8da48e35ea6f","url":"http://localhost:3000/api/analytics","method":"POST","msg":"Slow request","duration":750}
{"level":30,"time":1778177032209,"pid":24628,"hostname":"Innocentius","requestId":"744ec1b8-4760-48db-abbb-8da48e35ea6f","url":"http://localhost:3000/api/analytics","method":"POST","msg":"API success","duration":750,"query":{}}
{"level":40,"time":1778177032211,"pid":24628,"hostname":"Innocentius","requestId":"71e04076-dd26-4748-ac03-bfab83fd95f2","url":"http://localhost:3000/api/analytics","method":"POST","msg":"Slow request","duration":800}
{"level":30,"time":1778177032211,"pid":24628,"hostname":"Innocentius","requestId":"71e04076-dd26-4748-ac03-bfab83fd95f2","url":"http://localhost:3000/api/analytics","method":"POST","msg":"API success","duration":800,"query":{}}
{"level":40,"time":1778177032212,"pid":24628,"hostname":"Innocentius","requestId":"9408e5d7-2ec5-4215-b33b-36a49eeb272d","url":"http://localhost:3000/api/analytics","method":"POST","msg":"Slow request","duration":800}
{"level":30,"time":1778177032213,"pid":24628,"hostname":"Innocentius","requestId":"9408e5d7-2ec5-4215-b33b-36a49eeb272d","url":"http://localhost:3000/api/analytics","method":"POST","msg":"API success","duration":800,"query":{}}
{"level":40,"time":1778177032214,"pid":24628,"hostname":"Innocentius","requestId":"00fbc49b-03c3-490b-9e6b-247db5a595e2","url":"http://localhost:3000/api/analytics","method":"POST","msg":"Slow request","duration":850}
{"level":30,"time":1778177032214,"pid":24628,"hostname":"Innocentius","requestId":"00fbc49b-03c3-490b-9e6b-247db5a595e2","url":"http://localhost:3000/api/analytics","method":"POST","msg":"API success","duration":850,"query":{}}
{"level":30,"time":1778177061174,"pid":24628,"hostname":"Innocentius","requestId":"9b86e7bc-f824-40ff-9fae-258445651c6a","url":"http://localhost:3000/api/measurements/new","method":"GET","msg":"API success","duration":0,"query":{}}
{"level":30,"time":1778177061176,"pid":24628,"hostname":"Innocentius","requestId":"cfda939f-0ddd-40fd-9f57-ae6ff498cc16","url":"http://localhost:3000/api/measurements/new","method":"GET","msg":"API success","duration":100,"query":{}}
{"level":30,"time":1778177070363,"pid":24628,"hostname":"Innocentius","requestId":"3b64595a-19cd-4f67-9081-9de3a211ac50","url":"http://localhost:3000/api/analytics","method":"POST","msg":"analytics event","event":"session_end","sessionId":"7ef22187-ac78-4b6d-9549-0465b535ca70"}
{"level":30,"time":1778177070364,"pid":24628,"hostname":"Innocentius","requestId":"3b64595a-19cd-4f67-9081-9de3a211ac50","url":"http://localhost:3000/api/analytics","method":"POST","msg":"API success","duration":100,"query":{}}
{"level":30,"time":1778177072710,"pid":24628,"hostname":"Innocentius","requestId":"de58197f-64a1-476d-b24f-a462c47543d8","url":"http://localhost:3000/api/stations/all","method":"GET","msg":"API success","duration":50,"query":{}}
{"level":30,"time":1778177072814,"pid":24628,"hostname":"Innocentius","requestId":"96dbe8ca-56fa-4377-9e32-54b381eb7f2a","url":"http://localhost:3000/api/measurements/new","method":"GET","msg":"API success","duration":50,"query":{}}
{"level":30,"time":1778177074647,"pid":24628,"hostname":"Innocentius","requestId":"a39a12c1-1034-42bd-977c-aca2ae088142","url":"http://localhost:3000/api/analytics","method":"POST","msg":"analytics event","event":"page_load_timing","sessionId":"7ef22187-ac78-4b6d-9549-0465b535ca70"}
{"level":30,"time":1778177074647,"pid":24628,"hostname":"Innocentius","requestId":"89832040-b8a9-4397-99b3-9319d3ff1026","url":"http://localhost:3000/api/analytics","method":"POST","msg":"analytics event","event":"page_view","sessionId":"7ef22187-ac78-4b6d-9549-0465b535ca70"}
{"level":30,"time":1778177074649,"pid":24628,"hostname":"Innocentius","requestId":"a39a12c1-1034-42bd-977c-aca2ae088142","url":"http://localhost:3000/api/analytics","method":"POST","msg":"API success","duration":100,"query":{}}
{"level":30,"time":1778177074650,"pid":24628,"hostname":"Innocentius","requestId":"89832040-b8a9-4397-99b3-9319d3ff1026","url":"http://localhost:3000/api/analytics","method":"POST","msg":"API success","duration":150,"query":{}}
{"level":30,"time":1778177074905,"pid":24628,"hostname":"Innocentius","requestId":"7c39a143-ae2a-4d0b-8e41-626ca7091607","url":"http://localhost:3000/api/measurements/new","method":"GET","msg":"API success","duration":0,"query":{}}
{"level":30,"time":1778177074907,"pid":24628,"hostname":"Innocentius","requestId":"312d03b4-b48e-4110-ac32-f5816a42fe5e","url":"http://localhost:3000/api/measurements/new","method":"GET","msg":"API success","duration":100,"query":{}}
{"level":30,"time":1778177084021,"pid":24628,"hostname":"Innocentius","requestId":"0f7c7dd2-c454-4952-b2f9-364cb1e3e9bb","url":"http://localhost:3000/api/analytics","method":"POST","msg":"analytics event","event":"session_end","sessionId":"7ef22187-ac78-4b6d-9549-0465b535ca70"}
{"level":30,"time":1778177084022,"pid":24628,"hostname":"Innocentius","requestId":"0f7c7dd2-c454-4952-b2f9-364cb1e3e9bb","url":"http://localhost:3000/api/analytics","method":"POST","msg":"API success","duration":150,"query":{}}
{"level":30,"time":1778177084233,"pid":24628,"hostname":"Innocentius","requestId":"6e69f38c-f6d4-4700-b1e2-d2c27d103c23","url":"http://localhost:3000/api/stations/all","method":"GET","msg":"API success","duration":0,"query":{}}
{"level":30,"time":1778177084294,"pid":24628,"hostname":"Innocentius","requestId":"1ad766cf-d9fb-4f4b-8e5f-6c77da43d5f4","url":"http://localhost:3000/api/measurements/new","method":"GET","msg":"API success","duration":0,"query":{}}
{"level":30,"time":1778177085653,"pid":24628,"hostname":"Innocentius","requestId":"a7dcb3ce-264a-4dfb-b48c-d68d29920cf3","url":"http://localhost:3000/api/analytics","method":"POST","msg":"analytics event","event":"page_load_timing","sessionId":"7ef22187-ac78-4b6d-9549-0465b535ca70"}
{"level":30,"time":1778177085653,"pid":24628,"hostname":"Innocentius","requestId":"5145d579-b28d-44eb-97d1-c41fb8151d53","url":"http://localhost:3000/api/analytics","method":"POST","msg":"analytics event","event":"page_view","sessionId":"7ef22187-ac78-4b6d-9549-0465b535ca70"}
{"level":30,"time":1778177085654,"pid":24628,"hostname":"Innocentius","requestId":"a7dcb3ce-264a-4dfb-b48c-d68d29920cf3","url":"http://localhost:3000/api/analytics","method":"POST","msg":"API success","duration":150,"query":{}}
{"level":30,"time":1778177085655,"pid":24628,"hostname":"Innocentius","requestId":"5145d579-b28d-44eb-97d1-c41fb8151d53","url":"http://localhost:3000/api/analytics","method":"POST","msg":"API success","duration":150,"query":{}}
{"level":30,"time":1778177085856,"pid":24628,"hostname":"Innocentius","requestId":"48805307-2473-4b5f-b294-32ff3ae220c4","url":"http://localhost:3000/api/measurements/new","method":"GET","msg":"API success","duration":0,"query":{}}
{"level":30,"time":1778177085858,"pid":24628,"hostname":"Innocentius","requestId":"7deeec4e-4301-4512-be7b-4123bacf960b","url":"http://localhost:3000/api/measurements/new","method":"GET","msg":"API success","duration":100,"query":{}}
{"level":30,"time":1778177086852,"pid":24628,"hostname":"Innocentius","requestId":"67e4d3a7-ce05-4e1a-859c-595bf25a0e9f","url":"http://localhost:3000/api/stations/all","method":"GET","msg":"API success","duration":50,"query":{}}
{"level":30,"time":1778177086913,"pid":24628,"hostname":"Innocentius","requestId":"4cf9688d-3ee9-4948-a43e-f4c0580d613e","url":"http://localhost:3000/api/measurements/new","method":"GET","msg":"API success","duration":0,"query":{}}
{"level":30,"time":1778177087054,"pid":24628,"hostname":"Innocentius","requestId":"25f29c89-cfe7-4900-8150-a189f8555d0c","url":"http://localhost:3000/api/analytics","method":"POST","msg":"analytics event","event":"session_end","sessionId":"7ef22187-ac78-4b6d-9549-0465b535ca70"}
{"level":30,"time":1778177087055,"pid":24628,"hostname":"Innocentius","requestId":"25f29c89-cfe7-4900-8150-a189f8555d0c","url":"http://localhost:3000/api/analytics","method":"POST","msg":"API success","duration":50,"query":{}}
{"level":30,"time":1778177088327,"pid":24628,"hostname":"Innocentius","requestId":"f4a5e2c0-b24a-4358-950e-8a552a2f402b","url":"http://localhost:3000/api/analytics","method":"POST","msg":"analytics event","event":"page_load_timing","sessionId":"7ef22187-ac78-4b6d-9549-0465b535ca70"}
{"level":30,"time":1778177088327,"pid":24628,"hostname":"Innocentius","requestId":"9bd6cb35-93eb-4313-bebc-538543636b31","url":"http://localhost:3000/api/analytics","method":"POST","msg":"analytics event","event":"page_view","sessionId":"7ef22187-ac78-4b6d-9549-0465b535ca70"}
{"level":30,"time":1778177088329,"pid":24628,"hostname":"Innocentius","requestId":"f4a5e2c0-b24a-4358-950e-8a552a2f402b","url":"http://localhost:3000/api/analytics","method":"POST","msg":"API success","duration":100,"query":{}}
{"level":30,"time":1778177088331,"pid":24628,"hostname":"Innocentius","requestId":"9bd6cb35-93eb-4313-bebc-538543636b31","url":"http://localhost:3000/api/analytics","method":"POST","msg":"API success","duration":150,"query":{}}
{"level":30,"time":1778177088512,"pid":24628,"hostname":"Innocentius","requestId":"9e8bb96c-62df-461b-8dbd-9a8752ece221","url":"http://localhost:3000/api/measurements/new","method":"GET","msg":"API success","duration":50,"query":{}}
{"level":30,"time":1778177088514,"pid":24628,"hostname":"Innocentius","requestId":"d571f605-0708-4504-9b31-043d89e3bda7","url":"http://localhost:3000/api/measurements/new","method":"GET","msg":"API success","duration":100,"query":{}}
{"level":30,"time":1778177109890,"pid":24628,"hostname":"Innocentius","requestId":"24cd2327-f726-41e0-ae5b-05ab05669957","url":"http://localhost:3000/api/analytics","method":"POST","msg":"analytics event","event":"session_end","sessionId":"7ef22187-ac78-4b6d-9549-0465b535ca70"}
{"level":30,"time":1778177109892,"pid":24628,"hostname":"Innocentius","requestId":"24cd2327-f726-41e0-ae5b-05ab05669957","url":"http://localhost:3000/api/analytics","method":"POST","msg":"API success","duration":50,"query":{}}
{"level":30,"time":1778177123088,"pid":24628,"hostname":"Innocentius","requestId":"2e86370a-2b1c-415f-95cf-791591369ed2","url":"http://localhost:3000/api/analytics","method":"POST","msg":"analytics event","event":"session_end","sessionId":"7ef22187-ac78-4b6d-9549-0465b535ca70"}
{"level":30,"time":1778177123090,"pid":24628,"hostname":"Innocentius","requestId":"2e86370a-2b1c-415f-95cf-791591369ed2","url":"http://localhost:3000/api/analytics","method":"POST","msg":"API success","duration":50,"query":{}}
{"level":30,"time":1778177151756,"pid":24628,"hostname":"Innocentius","requestId":"7ddd05aa-5a64-4628-a776-69133def5816","url":"http://localhost:3000/api/analytics","method":"POST","msg":"analytics event","event":"session_end","sessionId":"7ef22187-ac78-4b6d-9549-0465b535ca70"}
{"level":30,"time":1778177151757,"pid":24628,"hostname":"Innocentius","requestId":"7ddd05aa-5a64-4628-a776-69133def5816","url":"http://localhost:3000/api/analytics","method":"POST","msg":"API success","duration":100,"query":{}}
{"level":30,"time":1778177190434,"pid":24628,"hostname":"Innocentius","requestId":"4cf4c38a-faa8-4bad-860a-a83daf57b6b7","url":"http://localhost:3000/api/analytics","method":"POST","msg":"analytics event","event":"session_end","sessionId":"7ef22187-ac78-4b6d-9549-0465b535ca70"}
{"level":30,"time":1778177190437,"pid":24628,"hostname":"Innocentius","requestId":"4cf4c38a-faa8-4bad-860a-a83daf57b6b7","url":"http://localhost:3000/api/analytics","method":"POST","msg":"API success","duration":200,"query":{}}
{"level":30,"time":1778177198178,"pid":24628,"hostname":"Innocentius","requestId":"f1e36461-0d2f-483c-aa3e-2aa8e79c073e","url":"http://localhost:3000/api/analytics","method":"POST","msg":"analytics event","event":"session_end","sessionId":"7ef22187-ac78-4b6d-9549-0465b535ca70"}
{"level":30,"time":1778177198180,"pid":24628,"hostname":"Innocentius","requestId":"f1e36461-0d2f-483c-aa3e-2aa8e79c073e","url":"http://localhost:3000/api/analytics","method":"POST","msg":"API success","duration":100,"query":{}}
{"level":30,"time":1778177329968,"pid":24628,"hostname":"Innocentius","requestId":"b47f702a-e615-4fe7-bee0-2885089dac98","url":"http://localhost:3000/api/stations/1","method":"GET","msg":"API success","duration":0,"query":{}}
{"level":30,"time":1778177332602,"pid":24628,"hostname":"Innocentius","requestId":"095ad136-61ce-4ce9-9b4a-c3724a4e0040","url":"http://localhost:3000/api/measurements?stationId=1","method":"GET","msg":"API success","duration":50,"query":{"stationId":"1"}}
{"level":30,"time":1778177332613,"pid":24628,"hostname":"Innocentius","requestId":"f882b94e-2677-4d9d-97a3-1054b58f81bc","url":"http://localhost:3000/api/analytics","method":"POST","msg":"analytics event","event":"page_view","sessionId":"7ef22187-ac78-4b6d-9549-0465b535ca70"}
{"level":30,"time":1778177332613,"pid":24628,"hostname":"Innocentius","requestId":"c3a26246-1e6f-4032-b05f-246d309740d7","url":"http://localhost:3000/api/analytics","method":"POST","msg":"analytics event","event":"station_detail_viewed","sessionId":"7ef22187-ac78-4b6d-9549-0465b535ca70"}
{"level":30,"time":1778177332613,"pid":24628,"hostname":"Innocentius","requestId":"61672d83-bb34-4d70-8a62-ec3d76d000ed","url":"http://localhost:3000/api/analytics","method":"POST","msg":"analytics event","event":"station_detail_viewed","sessionId":"7ef22187-ac78-4b6d-9549-0465b535ca70"}
{"level":40,"time":1778177332614,"pid":24628,"hostname":"Innocentius","requestId":"f882b94e-2677-4d9d-97a3-1054b58f81bc","url":"http://localhost:3000/api/analytics","method":"POST","msg":"Slow request","duration":900}
{"level":30,"time":1778177332614,"pid":24628,"hostname":"Innocentius","requestId":"f882b94e-2677-4d9d-97a3-1054b58f81bc","url":"http://localhost:3000/api/analytics","method":"POST","msg":"API success","duration":900,"query":{}}
{"level":40,"time":1778177332617,"pid":24628,"hostname":"Innocentius","requestId":"c3a26246-1e6f-4032-b05f-246d309740d7","url":"http://localhost:3000/api/analytics","method":"POST","msg":"Slow request","duration":900}
{"level":30,"time":1778177332617,"pid":24628,"hostname":"Innocentius","requestId":"c3a26246-1e6f-4032-b05f-246d309740d7","url":"http://localhost:3000/api/analytics","method":"POST","msg":"API success","duration":900,"query":{}}
{"level":40,"time":1778177332620,"pid":24628,"hostname":"Innocentius","requestId":"61672d83-bb34-4d70-8a62-ec3d76d000ed","url":"http://localhost:3000/api/analytics","method":"POST","msg":"Slow request","duration":1000}
{"level":30,"time":1778177332621,"pid":24628,"hostname":"Innocentius","requestId":"61672d83-bb34-4d70-8a62-ec3d76d000ed","url":"http://localhost:3000/api/analytics","method":"POST","msg":"API success","duration":1000,"query":{}}
{"level":30,"time":1778177332714,"pid":24628,"hostname":"Innocentius","requestId":"589a9e3b-4b36-4bfa-8e72-8a09f9ee4d18","url":"http://localhost:3000/api/measurements?stationId=1","method":"GET","msg":"API success","duration":0,"query":{"stationId":"1"}}
{"level":30,"time":1778177342395,"pid":24628,"hostname":"Innocentius","requestId":"fa692603-e66b-4bc7-b2ed-3e0525dc5a27","url":"http://localhost:3000/api/analytics","method":"POST","msg":"analytics event","event":"session_end","sessionId":"7ef22187-ac78-4b6d-9549-0465b535ca70"}
{"level":30,"time":1778177342397,"pid":24628,"hostname":"Innocentius","requestId":"fa692603-e66b-4bc7-b2ed-3e0525dc5a27","url":"http://localhost:3000/api/analytics","method":"POST","msg":"API success","duration":150,"query":{}}
{"level":30,"time":1778177343839,"pid":24628,"hostname":"Innocentius","requestId":"8b6d5295-80e7-4c72-8c0a-4ae0f7529730","url":"http://localhost:3000/api/stations/1","method":"GET","msg":"API success","duration":0,"query":{}}
{"level":30,"time":1778177346390,"pid":24628,"hostname":"Innocentius","requestId":"742c0469-f598-410f-80cc-af803c739173","url":"http://localhost:3000/api/analytics","method":"POST","msg":"analytics event","event":"page_load_timing","sessionId":"7ef22187-ac78-4b6d-9549-0465b535ca70"}
{"level":30,"time":1778177346390,"pid":24628,"hostname":"Innocentius","requestId":"a658ef7a-6c14-4c67-b9d3-f4e3e4f7028f","url":"http://localhost:3000/api/analytics","method":"POST","msg":"analytics event","event":"page_view","sessionId":"7ef22187-ac78-4b6d-9549-0465b535ca70"}
{"level":30,"time":1778177346391,"pid":24628,"hostname":"Innocentius","requestId":"742c0469-f598-410f-80cc-af803c739173","url":"http://localhost:3000/api/analytics","method":"POST","msg":"API success","duration":150,"query":{}}
{"level":30,"time":1778177346393,"pid":24628,"hostname":"Innocentius","requestId":"a658ef7a-6c14-4c67-b9d3-f4e3e4f7028f","url":"http://localhost:3000/api/analytics","method":"POST","msg":"API success","duration":150,"query":{}}
{"level":30,"time":1778177346439,"pid":24628,"hostname":"Innocentius","requestId":"b66d2ced-f7cf-4c4a-9039-453d6e4e22c4","url":"http://localhost:3000/api/analytics","method":"POST","msg":"analytics event","event":"station_detail_viewed","sessionId":"7ef22187-ac78-4b6d-9549-0465b535ca70"}
{"level":30,"time":1778177346441,"pid":24628,"hostname":"Innocentius","requestId":"b66d2ced-f7cf-4c4a-9039-453d6e4e22c4","url":"http://localhost:3000/api/analytics","method":"POST","msg":"API success","duration":50,"query":{}}
{"level":30,"time":1778177346459,"pid":24628,"hostname":"Innocentius","requestId":"2c369d9d-5cf8-46e9-945c-d0a5f1bd6b4a","url":"http://localhost:3000/api/measurements?stationId=1","method":"GET","msg":"API success","duration":0,"query":{"stationId":"1"}}
{"level":30,"time":1778177356591,"pid":24628,"hostname":"Innocentius","requestId":"416ffe50-4e99-4e58-9438-db3d5407bca4","url":"http://localhost:3000/api/analytics","method":"POST","msg":"analytics event","event":"session_end","sessionId":"7ef22187-ac78-4b6d-9549-0465b535ca70"}
{"level":30,"time":1778177356592,"pid":24628,"hostname":"Innocentius","requestId":"416ffe50-4e99-4e58-9438-db3d5407bca4","url":"http://localhost:3000/api/analytics","method":"POST","msg":"API success","duration":200,"query":{}}
{"level":30,"time":1778177356870,"pid":24628,"hostname":"Innocentius","requestId":"b60be9b7-dd18-4729-aa3d-121d4e070e34","url":"http://localhost:3000/api/stations/1","method":"GET","msg":"API success","duration":50,"query":{}}
{"level":30,"time":1778177358532,"pid":24628,"hostname":"Innocentius","requestId":"ccb8eed5-5059-4c6e-b2a4-0acce386fd9b","url":"http://localhost:3000/api/measurements?stationId=1","method":"GET","msg":"API success","duration":0,"query":{"stationId":"1"}}
{"level":30,"time":1778177358581,"pid":24628,"hostname":"Innocentius","requestId":"fc7677bf-313c-434d-acc2-3056af959d54","url":"http://localhost:3000/api/analytics","method":"POST","msg":"analytics event","event":"page_load_timing","sessionId":"7ef22187-ac78-4b6d-9549-0465b535ca70"}
{"level":30,"time":1778177358581,"pid":24628,"hostname":"Innocentius","requestId":"e0fe6ca0-3c0c-4c01-833b-28a53e612d30","url":"http://localhost:3000/api/analytics","method":"POST","msg":"analytics event","event":"page_view","sessionId":"7ef22187-ac78-4b6d-9549-0465b535ca70"}
{"level":30,"time":1778177358581,"pid":24628,"hostname":"Innocentius","requestId":"7d3c3e0f-7a60-498c-9d10-f040de213293","url":"http://localhost:3000/api/analytics","method":"POST","msg":"analytics event","event":"station_detail_viewed","sessionId":"7ef22187-ac78-4b6d-9549-0465b535ca70"}
{"level":30,"time":1778177358582,"pid":24628,"hostname":"Innocentius","requestId":"fc7677bf-313c-434d-acc2-3056af959d54","url":"http://localhost:3000/api/analytics","method":"POST","msg":"API success","duration":250,"query":{}}
{"level":30,"time":1778177358583,"pid":24628,"hostname":"Innocentius","requestId":"e0fe6ca0-3c0c-4c01-833b-28a53e612d30","url":"http://localhost:3000/api/analytics","method":"POST","msg":"API success","duration":200,"query":{}}
{"level":30,"time":1778177358585,"pid":24628,"hostname":"Innocentius","requestId":"7d3c3e0f-7a60-498c-9d10-f040de213293","url":"http://localhost:3000/api/analytics","method":"POST","msg":"API success","duration":250,"query":{}}
{"level":30,"time":1778177359989,"pid":24628,"hostname":"Innocentius","requestId":"3c91f430-6e8b-4167-87a9-45199a7015ed","url":"http://localhost:3000/api/stations/1","method":"GET","msg":"API success","duration":0,"query":{}}
{"level":30,"time":1778177360221,"pid":24628,"hostname":"Innocentius","requestId":"dc4d0278-6539-4a82-9af2-125bd0a1aaca","url":"http://localhost:3000/api/analytics","method":"POST","msg":"analytics event","event":"session_end","sessionId":"7ef22187-ac78-4b6d-9549-0465b535ca70"}
{"level":30,"time":1778177360222,"pid":24628,"hostname":"Innocentius","requestId":"dc4d0278-6539-4a82-9af2-125bd0a1aaca","url":"http://localhost:3000/api/analytics","method":"POST","msg":"API success","duration":50,"query":{}}
{"level":30,"time":1778177362017,"pid":24628,"hostname":"Innocentius","requestId":"bd73dabc-71a8-4d36-8ba5-0f3c4d19f355","url":"http://localhost:3000/api/measurements?stationId=1","method":"GET","msg":"API success","duration":0,"query":{"stationId":"1"}}
{"level":30,"time":1778177362063,"pid":24628,"hostname":"Innocentius","requestId":"1c2774b7-2ae8-4daa-9082-bd06d9c34136","url":"http://localhost:3000/api/analytics","method":"POST","msg":"analytics event","event":"page_load_timing","sessionId":"7ef22187-ac78-4b6d-9549-0465b535ca70"}
{"level":30,"time":1778177362063,"pid":24628,"hostname":"Innocentius","requestId":"5039571f-e70d-4e97-9217-1e517b569a35","url":"http://localhost:3000/api/analytics","method":"POST","msg":"analytics event","event":"page_view","sessionId":"7ef22187-ac78-4b6d-9549-0465b535ca70"}
{"level":30,"time":1778177362063,"pid":24628,"hostname":"Innocentius","requestId":"b770d201-b4de-4c35-b257-72ee44f87eaa","url":"http://localhost:3000/api/analytics","method":"POST","msg":"analytics event","event":"station_detail_viewed","sessionId":"7ef22187-ac78-4b6d-9549-0465b535ca70"}
{"level":30,"time":1778177362064,"pid":24628,"hostname":"Innocentius","requestId":"1c2774b7-2ae8-4daa-9082-bd06d9c34136","url":"http://localhost:3000/api/analytics","method":"POST","msg":"API success","duration":200,"query":{}}
{"level":30,"time":1778177362065,"pid":24628,"hostname":"Innocentius","requestId":"5039571f-e70d-4e97-9217-1e517b569a35","url":"http://localhost:3000/api/analytics","method":"POST","msg":"API success","duration":200,"query":{}}
{"level":30,"time":1778177362067,"pid":24628,"hostname":"Innocentius","requestId":"b770d201-b4de-4c35-b257-72ee44f87eaa","url":"http://localhost:3000/api/analytics","method":"POST","msg":"API success","duration":250,"query":{}}
{"level":30,"time":1778177368081,"pid":24628,"hostname":"Innocentius","requestId":"8e4b2fbb-d00b-4329-87ad-8419165fffe6","url":"http://localhost:3000/api/analytics","method":"POST","msg":"analytics event","event":"session_end","sessionId":"7ef22187-ac78-4b6d-9549-0465b535ca70"}
{"level":30,"time":1778177368082,"pid":24628,"hostname":"Innocentius","requestId":"8e4b2fbb-d00b-4329-87ad-8419165fffe6","url":"http://localhost:3000/api/analytics","method":"POST","msg":"API success","duration":100,"query":{}}
{"level":30,"time":1778177416590,"pid":24628,"hostname":"Innocentius","requestId":"fcd2a930-1811-4e04-a1f5-bc089e092598","url":"http://localhost:3000/api/stations/1","method":"GET","msg":"API success","duration":0,"query":{}}
{"level":30,"time":1778177416764,"pid":24628,"hostname":"Innocentius","requestId":"ded7ccf8-616b-48a3-8518-14bbf4801908","url":"http://localhost:3000/api/analytics","method":"POST","msg":"analytics event","event":"session_end","sessionId":"7ef22187-ac78-4b6d-9549-0465b535ca70"}
{"level":30,"time":1778177416765,"pid":24628,"hostname":"Innocentius","requestId":"ded7ccf8-616b-48a3-8518-14bbf4801908","url":"http://localhost:3000/api/analytics","method":"POST","msg":"API success","duration":100,"query":{}}
{"level":30,"time":1778177417724,"pid":24628,"hostname":"Innocentius","requestId":"77841722-954d-4621-beb1-850d70f7dfe6","url":"http://localhost:3000/api/measurements?stationId=1","method":"GET","msg":"API success","duration":0,"query":{"stationId":"1"}}
{"level":30,"time":1778177417769,"pid":24628,"hostname":"Innocentius","requestId":"d1d5fe47-e07d-4df6-9179-a2600a081259","url":"http://localhost:3000/api/analytics","method":"POST","msg":"analytics event","event":"page_load_timing","sessionId":"7ef22187-ac78-4b6d-9549-0465b535ca70"}
{"level":30,"time":1778177417769,"pid":24628,"hostname":"Innocentius","requestId":"d92385a2-9b98-4cfd-933e-b88e9c163adf","url":"http://localhost:3000/api/analytics","method":"POST","msg":"analytics event","event":"page_view","sessionId":"7ef22187-ac78-4b6d-9549-0465b535ca70"}
{"level":30,"time":1778177417769,"pid":24628,"hostname":"Innocentius","requestId":"02ebf184-29bc-45ed-a895-b05b1c90c259","url":"http://localhost:3000/api/analytics","method":"POST","msg":"analytics event","event":"station_detail_viewed","sessionId":"7ef22187-ac78-4b6d-9549-0465b535ca70"}
{"level":30,"time":1778177417770,"pid":24628,"hostname":"Innocentius","requestId":"d1d5fe47-e07d-4df6-9179-a2600a081259","url":"http://localhost:3000/api/analytics","method":"POST","msg":"API success","duration":200,"query":{}}
{"level":30,"time":1778177417771,"pid":24628,"hostname":"Innocentius","requestId":"d92385a2-9b98-4cfd-933e-b88e9c163adf","url":"http://localhost:3000/api/analytics","method":"POST","msg":"API success","duration":200,"query":{}}
{"level":30,"time":1778177417772,"pid":24628,"hostname":"Innocentius","requestId":"02ebf184-29bc-45ed-a895-b05b1c90c259","url":"http://localhost:3000/api/analytics","method":"POST","msg":"API success","duration":200,"query":{}}
{"level":30,"time":1778177423913,"pid":24628,"hostname":"Innocentius","requestId":"6aa66ac1-150f-45bb-86f5-f96773fe639a","url":"http://localhost:3000/api/analytics","method":"POST","msg":"analytics event","event":"session_end","sessionId":"7ef22187-ac78-4b6d-9549-0465b535ca70"}
{"level":30,"time":1778177423914,"pid":24628,"hostname":"Innocentius","requestId":"6aa66ac1-150f-45bb-86f5-f96773fe639a","url":"http://localhost:3000/api/analytics","method":"POST","msg":"API success","duration":50,"query":{}}
{"level":30,"time":1778177425241,"pid":24628,"hostname":"Innocentius","requestId":"d40af145-adbf-42b0-9f8a-fb89479d2d0f","url":"http://localhost:3000/api/stations/1","method":"GET","msg":"API success","duration":0,"query":{}}
{"level":30,"time":1778177427253,"pid":24628,"hostname":"Innocentius","requestId":"800ea47e-d84e-46de-a5f5-e9d966be4b1b","url":"http://localhost:3000/api/analytics","method":"POST","msg":"analytics event","event":"page_load_timing","sessionId":"7ef22187-ac78-4b6d-9549-0465b535ca70"}
{"level":30,"time":1778177427253,"pid":24628,"hostname":"Innocentius","requestId":"2b86e9b8-c949-4d91-b7ce-1c9edf3fe48b","url":"http://localhost:3000/api/analytics","method":"POST","msg":"analytics event","event":"page_view","sessionId":"7ef22187-ac78-4b6d-9549-0465b535ca70"}
{"level":30,"time":1778177427255,"pid":24628,"hostname":"Innocentius","requestId":"800ea47e-d84e-46de-a5f5-e9d966be4b1b","url":"http://localhost:3000/api/analytics","method":"POST","msg":"API success","duration":100,"query":{}}
{"level":30,"time":1778177427257,"pid":24628,"hostname":"Innocentius","requestId":"2b86e9b8-c949-4d91-b7ce-1c9edf3fe48b","url":"http://localhost:3000/api/analytics","method":"POST","msg":"API success","duration":200,"query":{}}
{"level":30,"time":1778177427281,"pid":24628,"hostname":"Innocentius","requestId":"93247f83-fb8f-41bd-9358-2a64adacf44b","url":"http://localhost:3000/api/measurements?stationId=1","method":"GET","msg":"API success","duration":0,"query":{"stationId":"1"}}
{"level":30,"time":1778177427297,"pid":24628,"hostname":"Innocentius","requestId":"cdf178a8-2567-492c-9e1c-ce877892459a","url":"http://localhost:3000/api/analytics","method":"POST","msg":"analytics event","event":"station_detail_viewed","sessionId":"7ef22187-ac78-4b6d-9549-0465b535ca70"}
{"level":30,"time":1778177427299,"pid":24628,"hostname":"Innocentius","requestId":"cdf178a8-2567-492c-9e1c-ce877892459a","url":"http://localhost:3000/api/analytics","method":"POST","msg":"API success","duration":50,"query":{}}
{"level":30,"time":1778177436120,"pid":24628,"hostname":"Innocentius","requestId":"31444d2d-5a4a-4e8b-85c8-d377c7f4921e","url":"http://localhost:3000/api/analytics","method":"POST","msg":"analytics event","event":"session_end","sessionId":"7ef22187-ac78-4b6d-9549-0465b535ca70"}
{"level":30,"time":1778177436122,"pid":24628,"hostname":"Innocentius","requestId":"31444d2d-5a4a-4e8b-85c8-d377c7f4921e","url":"http://localhost:3000/api/analytics","method":"POST","msg":"API success","duration":150,"query":{}}
{"level":30,"time":1778177436397,"pid":24628,"hostname":"Innocentius","requestId":"be17f870-bda6-439b-ba20-cd439aabe7b5","url":"http://localhost:3000/api/stations/1","method":"GET","msg":"API success","duration":50,"query":{}}
{"level":30,"time":1778177438153,"pid":24628,"hostname":"Innocentius","requestId":"8302db46-f091-4cd2-adac-3a4f786d71c8","url":"http://localhost:3000/api/measurements?stationId=1","method":"GET","msg":"API success","duration":0,"query":{"stationId":"1"}}
{"level":30,"time":1778177438187,"pid":24628,"hostname":"Innocentius","requestId":"de4a5a07-7695-4f0e-a294-4b6f12c5b641","url":"http://localhost:3000/api/analytics","method":"POST","msg":"analytics event","event":"page_load_timing","sessionId":"7ef22187-ac78-4b6d-9549-0465b535ca70"}
{"level":30,"time":1778177438187,"pid":24628,"hostname":"Innocentius","requestId":"086c9dc5-a433-44d5-b53e-0d0e6ccd9029","url":"http://localhost:3000/api/analytics","method":"POST","msg":"analytics event","event":"page_view","sessionId":"7ef22187-ac78-4b6d-9549-0465b535ca70"}
{"level":30,"time":1778177438187,"pid":24628,"hostname":"Innocentius","requestId":"86b255cd-cbc7-4faf-b13a-0006ba13c53d","url":"http://localhost:3000/api/analytics","method":"POST","msg":"analytics event","event":"station_detail_viewed","sessionId":"7ef22187-ac78-4b6d-9549-0465b535ca70"}
{"level":30,"time":1778177438188,"pid":24628,"hostname":"Innocentius","requestId":"de4a5a07-7695-4f0e-a294-4b6f12c5b641","url":"http://localhost:3000/api/analytics","method":"POST","msg":"API success","duration":300,"query":{}}
{"level":30,"time":1778177438190,"pid":24628,"hostname":"Innocentius","requestId":"086c9dc5-a433-44d5-b53e-0d0e6ccd9029","url":"http://localhost:3000/api/analytics","method":"POST","msg":"API success","duration":250,"query":{}}
{"level":30,"time":1778177438191,"pid":24628,"hostname":"Innocentius","requestId":"86b255cd-cbc7-4faf-b13a-0006ba13c53d","url":"http://localhost:3000/api/analytics","method":"POST","msg":"API success","duration":250,"query":{}}
{"level":30,"time":1778177440259,"pid":24628,"hostname":"Innocentius","requestId":"1490a55f-b495-4176-bb24-840b12673ec6","url":"http://localhost:3000/api/stations/1","method":"GET","msg":"API success","duration":0,"query":{}}
{"level":30,"time":1778177440407,"pid":24628,"hostname":"Innocentius","requestId":"732c0f21-cfdd-458a-9969-26a91d9c6869","url":"http://localhost:3000/api/analytics","method":"POST","msg":"analytics event","event":"session_end","sessionId":"7ef22187-ac78-4b6d-9549-0465b535ca70"}
{"level":30,"time":1778177440408,"pid":24628,"hostname":"Innocentius","requestId":"732c0f21-cfdd-458a-9969-26a91d9c6869","url":"http://localhost:3000/api/analytics","method":"POST","msg":"API success","duration":100,"query":{}}
{"level":30,"time":1778177441837,"pid":24628,"hostname":"Innocentius","requestId":"f1ef4203-2eff-490d-92f3-8a20e4bafec5","url":"http://localhost:3000/api/measurements?stationId=1","method":"GET","msg":"API success","duration":50,"query":{"stationId":"1"}}
{"level":30,"time":1778177441874,"pid":24628,"hostname":"Innocentius","requestId":"1dd4cd37-371f-47de-8f7b-aa80ede2f0cc","url":"http://localhost:3000/api/analytics","method":"POST","msg":"analytics event","event":"page_load_timing","sessionId":"7ef22187-ac78-4b6d-9549-0465b535ca70"}
{"level":30,"time":1778177441874,"pid":24628,"hostname":"Innocentius","requestId":"d4e501be-3934-499e-bbe9-4697161e7789","url":"http://localhost:3000/api/analytics","method":"POST","msg":"analytics event","event":"page_view","sessionId":"7ef22187-ac78-4b6d-9549-0465b535ca70"}
{"level":30,"time":1778177441874,"pid":24628,"hostname":"Innocentius","requestId":"15925def-9b72-4aad-b77a-27a4abbcfd61","url":"http://localhost:3000/api/analytics","method":"POST","msg":"analytics event","event":"station_detail_viewed","sessionId":"7ef22187-ac78-4b6d-9549-0465b535ca70"}
{"level":30,"time":1778177441875,"pid":24628,"hostname":"Innocentius","requestId":"1dd4cd37-371f-47de-8f7b-aa80ede2f0cc","url":"http://localhost:3000/api/analytics","method":"POST","msg":"API success","duration":150,"query":{}}
{"level":30,"time":1778177441877,"pid":24628,"hostname":"Innocentius","requestId":"d4e501be-3934-499e-bbe9-4697161e7789","url":"http://localhost:3000/api/analytics","method":"POST","msg":"API success","duration":200,"query":{}}
{"level":30,"time":1778177441878,"pid":24628,"hostname":"Innocentius","requestId":"15925def-9b72-4aad-b77a-27a4abbcfd61","url":"http://localhost:3000/api/analytics","method":"POST","msg":"API success","duration":200,"query":{}}
{"level":30,"time":1778177480586,"pid":24628,"hostname":"Innocentius","requestId":"07c4af9c-fc1d-475d-ba14-a33295f377d4","url":"http://localhost:3000/api/analytics","method":"POST","msg":"analytics event","event":"session_end","sessionId":"7ef22187-ac78-4b6d-9549-0465b535ca70"}
{"level":30,"time":1778177480588,"pid":24628,"hostname":"Innocentius","requestId":"07c4af9c-fc1d-475d-ba14-a33295f377d4","url":"http://localhost:3000/api/analytics","method":"POST","msg":"API success","duration":50,"query":{}}
{"level":30,"time":1778177641150,"pid":24628,"hostname":"Innocentius","requestId":"7a863019-b8e7-4fff-94ad-c340525eb28a","url":"http://localhost:3000/api/stations/1","method":"GET","msg":"API success","duration":250,"query":{}}
{"level":30,"time":1778177641157,"pid":24628,"hostname":"Innocentius","requestId":"998f5cfa-7bd2-42dc-950f-6f008694e10c","url":"http://localhost:3000/api/stations/1","method":"GET","msg":"API success","duration":400,"query":{}}
{"level":30,"time":1778177641585,"pid":24628,"hostname":"Innocentius","requestId":"4cbb9829-6277-4c9f-a9a4-de2ff43f4a55","url":"http://localhost:3000/api/stations/1","method":"GET","msg":"API success","duration":50,"query":{}}
{"level":30,"time":1778177641586,"pid":24628,"hostname":"Innocentius","requestId":"d944e41d-6b1b-4d18-8615-c5d528b89be2","url":"http://localhost:3000/api/stations/1","method":"GET","msg":"API success","duration":50,"query":{}}
{"level":30,"time":1778177641751,"pid":24628,"hostname":"Innocentius","requestId":"088a44ff-3a6c-432c-8f4c-c442784c087c","url":"http://localhost:3000/api/stations/1","method":"GET","msg":"API success","duration":0,"query":{}}
{"level":30,"time":1778177645149,"pid":24628,"hostname":"Innocentius","requestId":"90ab78ec-b18e-4fcf-aa68-1c554269c275","url":"http://localhost:3000/api/measurements?stationId=1","method":"GET","msg":"API success","duration":100,"query":{"stationId":"1"}}
{"level":30,"time":1778177645172,"pid":24628,"hostname":"Innocentius","requestId":"0c4143f6-4310-48b1-841b-d2ae90274ff9","url":"http://localhost:3000/api/analytics","method":"POST","msg":"analytics event","event":"page_load_timing","sessionId":"7ef22187-ac78-4b6d-9549-0465b535ca70"}
{"level":30,"time":1778177645172,"pid":24628,"hostname":"Innocentius","requestId":"ae49b91c-58b5-4a62-ba53-f5114e1c802b","url":"http://localhost:3000/api/analytics","method":"POST","msg":"analytics event","event":"station_detail_viewed","sessionId":"7ef22187-ac78-4b6d-9549-0465b535ca70"}
{"level":30,"time":1778177645172,"pid":24628,"hostname":"Innocentius","requestId":"a3196ca6-2cc8-4017-a5b9-3291918640f9","url":"http://localhost:3000/api/analytics","method":"POST","msg":"analytics event","event":"page_view","sessionId":"7ef22187-ac78-4b6d-9549-0465b535ca70"}
{"level":40,"time":1778177645176,"pid":24628,"hostname":"Innocentius","requestId":"0c4143f6-4310-48b1-841b-d2ae90274ff9","url":"http://localhost:3000/api/analytics","method":"POST","msg":"Slow request","duration":1600}
{"level":30,"time":1778177645176,"pid":24628,"hostname":"Innocentius","requestId":"0c4143f6-4310-48b1-841b-d2ae90274ff9","url":"http://localhost:3000/api/analytics","method":"POST","msg":"API success","duration":1600,"query":{}}
{"level":40,"time":1778177645179,"pid":24628,"hostname":"Innocentius","requestId":"ae49b91c-58b5-4a62-ba53-f5114e1c802b","url":"http://localhost:3000/api/analytics","method":"POST","msg":"Slow request","duration":1700}
{"level":30,"time":1778177645179,"pid":24628,"hostname":"Innocentius","requestId":"ae49b91c-58b5-4a62-ba53-f5114e1c802b","url":"http://localhost:3000/api/analytics","method":"POST","msg":"API success","duration":1700,"query":{}}
{"level":40,"time":1778177645182,"pid":24628,"hostname":"Innocentius","requestId":"a3196ca6-2cc8-4017-a5b9-3291918640f9","url":"http://localhost:3000/api/analytics","method":"POST","msg":"Slow request","duration":1700}
{"level":30,"time":1778177645182,"pid":24628,"hostname":"Innocentius","requestId":"a3196ca6-2cc8-4017-a5b9-3291918640f9","url":"http://localhost:3000/api/analytics","method":"POST","msg":"API success","duration":1700,"query":{}}
{"level":30,"time":1778177657403,"pid":24628,"hostname":"Innocentius","requestId":"0348d4b2-465c-47d5-8df7-c2da81dfc69c","url":"http://localhost:3000/api/analytics","method":"POST","msg":"analytics event","event":"session_end","sessionId":"7ef22187-ac78-4b6d-9549-0465b535ca70"}
{"level":30,"time":1778177657405,"pid":24628,"hostname":"Innocentius","requestId":"0348d4b2-465c-47d5-8df7-c2da81dfc69c","url":"http://localhost:3000/api/analytics","method":"POST","msg":"API success","duration":50,"query":{}}
{"level":30,"time":1778177658892,"pid":24628,"hostname":"Innocentius","requestId":"8c46e08e-a0d4-45c2-9ec9-024a5ed72b31","url":"http://localhost:3000/api/stations/1","method":"GET","msg":"API success","duration":0,"query":{}}
{"level":30,"time":1778177661042,"pid":24628,"hostname":"Innocentius","requestId":"d9062af2-186b-471d-a222-b57dbb8bcfd4","url":"http://localhost:3000/api/analytics","method":"POST","msg":"analytics event","event":"page_load_timing","sessionId":"7ef22187-ac78-4b6d-9549-0465b535ca70"}
{"level":30,"time":1778177661042,"pid":24628,"hostname":"Innocentius","requestId":"84afd0c1-596a-4fa7-b3e9-fdf28359ec7d","url":"http://localhost:3000/api/analytics","method":"POST","msg":"analytics event","event":"page_view","sessionId":"7ef22187-ac78-4b6d-9549-0465b535ca70"}
{"level":30,"time":1778177661043,"pid":24628,"hostname":"Innocentius","requestId":"d9062af2-186b-471d-a222-b57dbb8bcfd4","url":"http://localhost:3000/api/analytics","method":"POST","msg":"API success","duration":150,"query":{}}
{"level":30,"time":1778177661046,"pid":24628,"hostname":"Innocentius","requestId":"84afd0c1-596a-4fa7-b3e9-fdf28359ec7d","url":"http://localhost:3000/api/analytics","method":"POST","msg":"API success","duration":150,"query":{}}
{"level":30,"time":1778177661087,"pid":24628,"hostname":"Innocentius","requestId":"a46a7ddb-1e23-40ff-809c-e18a37d92056","url":"http://localhost:3000/api/measurements?stationId=1","method":"GET","msg":"API success","duration":50,"query":{"stationId":"1"}}
{"level":30,"time":1778177661110,"pid":24628,"hostname":"Innocentius","requestId":"0e1d106b-5ee5-4b58-a8cd-c875e39cfb55","url":"http://localhost:3000/api/analytics","method":"POST","msg":"analytics event","event":"station_detail_viewed","sessionId":"7ef22187-ac78-4b6d-9549-0465b535ca70"}
{"level":30,"time":1778177661115,"pid":24628,"hostname":"Innocentius","requestId":"0e1d106b-5ee5-4b58-a8cd-c875e39cfb55","url":"http://localhost:3000/api/analytics","method":"POST","msg":"API success","duration":50,"query":{}}
{"level":30,"time":1778177672449,"pid":24628,"hostname":"Innocentius","requestId":"cd2f486c-f9e8-4f82-978e-1bb08e768a0e","url":"http://localhost:3000/api/analytics","method":"POST","msg":"analytics event","event":"session_end","sessionId":"7ef22187-ac78-4b6d-9549-0465b535ca70"}
{"level":30,"time":1778177672451,"pid":24628,"hostname":"Innocentius","requestId":"cd2f486c-f9e8-4f82-978e-1bb08e768a0e","url":"http://localhost:3000/api/analytics","method":"POST","msg":"API success","duration":150,"query":{}}
{"level":30,"time":1778177672717,"pid":24628,"hostname":"Innocentius","requestId":"0efea95e-d4be-4d82-866a-c9ce2f9d75db","url":"http://localhost:3000/api/stations/1","method":"GET","msg":"API success","duration":0,"query":{}}
{"level":30,"time":1778177674539,"pid":24628,"hostname":"Innocentius","requestId":"fd39f3e9-b8ff-4bfe-8fd0-6a5262003fa0","url":"http://localhost:3000/api/measurements?stationId=1","method":"GET","msg":"API success","duration":0,"query":{"stationId":"1"}}
{"level":30,"time":1778177674584,"pid":24628,"hostname":"Innocentius","requestId":"e29db317-90b8-4c98-b997-23ad30c7c150","url":"http://localhost:3000/api/analytics","method":"POST","msg":"analytics event","event":"page_load_timing","sessionId":"7ef22187-ac78-4b6d-9549-0465b535ca70"}
{"level":30,"time":1778177674584,"pid":24628,"hostname":"Innocentius","requestId":"0cce27db-748f-4406-8360-d635d8f35073","url":"http://localhost:3000/api/analytics","method":"POST","msg":"analytics event","event":"page_view","sessionId":"7ef22187-ac78-4b6d-9549-0465b535ca70"}
{"level":30,"time":1778177674584,"pid":24628,"hostname":"Innocentius","requestId":"46a680c8-ab26-45c5-ab98-746ae467fb99","url":"http://localhost:3000/api/analytics","method":"POST","msg":"analytics event","event":"station_detail_viewed","sessionId":"7ef22187-ac78-4b6d-9549-0465b535ca70"}
{"level":30,"time":1778177674585,"pid":24628,"hostname":"Innocentius","requestId":"e29db317-90b8-4c98-b997-23ad30c7c150","url":"http://localhost:3000/api/analytics","method":"POST","msg":"API success","duration":500,"query":{}}
{"level":40,"time":1778177674587,"pid":24628,"hostname":"Innocentius","requestId":"0cce27db-748f-4406-8360-d635d8f35073","url":"http://localhost:3000/api/analytics","method":"POST","msg":"Slow request","duration":550}
{"level":30,"time":1778177674588,"pid":24628,"hostname":"Innocentius","requestId":"0cce27db-748f-4406-8360-d635d8f35073","url":"http://localhost:3000/api/analytics","method":"POST","msg":"API success","duration":550,"query":{}}
{"level":30,"time":1778177674592,"pid":24628,"hostname":"Innocentius","requestId":"46a680c8-ab26-45c5-ab98-746ae467fb99","url":"http://localhost:3000/api/analytics","method":"POST","msg":"API success","duration":350,"query":{}}
{"level":30,"time":1778177675865,"pid":24628,"hostname":"Innocentius","requestId":"3fce0fbe-8856-4a91-8075-3c4bbbe21025","url":"http://localhost:3000/api/stations/1","method":"GET","msg":"API success","duration":0,"query":{}}
{"level":30,"time":1778177676031,"pid":24628,"hostname":"Innocentius","requestId":"a1fbaccc-5aa7-484e-a260-f2718751dc99","url":"http://localhost:3000/api/analytics","method":"POST","msg":"analytics event","event":"session_end","sessionId":"7ef22187-ac78-4b6d-9549-0465b535ca70"}
{"level":30,"time":1778177676032,"pid":24628,"hostname":"Innocentius","requestId":"a1fbaccc-5aa7-484e-a260-f2718751dc99","url":"http://localhost:3000/api/analytics","method":"POST","msg":"API success","duration":50,"query":{}}
{"level":30,"time":1778177677472,"pid":24628,"hostname":"Innocentius","requestId":"d440f78b-be1b-4e32-a3fb-8b596534b648","url":"http://localhost:3000/api/measurements?stationId=1","method":"GET","msg":"API success","duration":0,"query":{"stationId":"1"}}
{"level":30,"time":1778177677518,"pid":24628,"hostname":"Innocentius","requestId":"c6645dde-7680-4192-a0f0-54052be36078","url":"http://localhost:3000/api/analytics","method":"POST","msg":"analytics event","event":"page_load_timing","sessionId":"7ef22187-ac78-4b6d-9549-0465b535ca70"}
{"level":30,"time":1778177677518,"pid":24628,"hostname":"Innocentius","requestId":"9e0e4d93-2cfa-4776-a571-f4ba82634177","url":"http://localhost:3000/api/analytics","method":"POST","msg":"analytics event","event":"page_view","sessionId":"7ef22187-ac78-4b6d-9549-0465b535ca70"}
{"level":30,"time":1778177677518,"pid":24628,"hostname":"Innocentius","requestId":"412a28b9-78c4-4436-857f-496ffe1e0a99","url":"http://localhost:3000/api/analytics","method":"POST","msg":"analytics event","event":"station_detail_viewed","sessionId":"7ef22187-ac78-4b6d-9549-0465b535ca70"}
{"level":30,"time":1778177677519,"pid":24628,"hostname":"Innocentius","requestId":"c6645dde-7680-4192-a0f0-54052be36078","url":"http://localhost:3000/api/analytics","method":"POST","msg":"API success","duration":150,"query":{}}
{"level":30,"time":1778177677520,"pid":24628,"hostname":"Innocentius","requestId":"9e0e4d93-2cfa-4776-a571-f4ba82634177","url":"http://localhost:3000/api/analytics","method":"POST","msg":"API success","duration":150,"query":{}}
{"level":30,"time":1778177677522,"pid":24628,"hostname":"Innocentius","requestId":"412a28b9-78c4-4436-857f-496ffe1e0a99","url":"http://localhost:3000/api/analytics","method":"POST","msg":"API success","duration":200,"query":{}}
{"level":30,"time":1778177739125,"pid":24628,"hostname":"Innocentius","requestId":"e7d691d3-1f0d-4665-96f5-09ff33cab8f0","url":"http://localhost:3000/api/analytics","method":"POST","msg":"analytics event","event":"session_end","sessionId":"7ef22187-ac78-4b6d-9549-0465b535ca70"}
{"level":30,"time":1778177739127,"pid":24628,"hostname":"Innocentius","requestId":"e7d691d3-1f0d-4665-96f5-09ff33cab8f0","url":"http://localhost:3000/api/analytics","method":"POST","msg":"API success","duration":100,"query":{}}
{"level":30,"time":1778177750549,"pid":24628,"hostname":"Innocentius","requestId":"6b5cef50-adc0-4bde-b5f1-d95a1d001212","url":"http://localhost:3000/api/analytics","method":"POST","msg":"analytics event","event":"page_view","sessionId":"7ef22187-ac78-4b6d-9549-0465b535ca70"}
{"level":30,"time":1778177750551,"pid":24628,"hostname":"Innocentius","requestId":"6b5cef50-adc0-4bde-b5f1-d95a1d001212","url":"http://localhost:3000/api/analytics","method":"POST","msg":"API success","duration":100,"query":{}}
{"level":30,"time":1778177753131,"pid":24628,"hostname":"Innocentius","requestId":"00dffb13-1b3c-42ac-8e8c-c9c53e53494d","url":"http://localhost:3000/api/analytics","method":"POST","msg":"analytics event","event":"session_end","sessionId":"7ef22187-ac78-4b6d-9549-0465b535ca70"}
{"level":30,"time":1778177753133,"pid":24628,"hostname":"Innocentius","requestId":"00dffb13-1b3c-42ac-8e8c-c9c53e53494d","url":"http://localhost:3000/api/analytics","method":"POST","msg":"API success","duration":100,"query":{}}
{"level":30,"time":1778177755882,"pid":24628,"hostname":"Innocentius","requestId":"2c4245dc-82ad-4437-9221-6d45d74a520b","url":"http://localhost:3000/api/analytics","method":"POST","msg":"analytics event","event":"page_load_timing","sessionId":"7ef22187-ac78-4b6d-9549-0465b535ca70"}
{"level":30,"time":1778177755882,"pid":24628,"hostname":"Innocentius","requestId":"c5a9e345-8d33-4301-bf5c-ee00a8391b8a","url":"http://localhost:3000/api/analytics","method":"POST","msg":"analytics event","event":"page_view","sessionId":"7ef22187-ac78-4b6d-9549-0465b535ca70"}
{"level":30,"time":1778177755883,"pid":24628,"hostname":"Innocentius","requestId":"2c4245dc-82ad-4437-9221-6d45d74a520b","url":"http://localhost:3000/api/analytics","method":"POST","msg":"API success","duration":100,"query":{}}
{"level":30,"time":1778177755885,"pid":24628,"hostname":"Innocentius","requestId":"c5a9e345-8d33-4301-bf5c-ee00a8391b8a","url":"http://localhost:3000/api/analytics","method":"POST","msg":"API success","duration":150,"query":{}}
{"level":30,"time":1778177763966,"pid":24628,"hostname":"Innocentius","requestId":"afc3d01a-44d0-478d-b375-a19105502c1c","url":"http://localhost:3000/api/analytics","method":"POST","msg":"analytics event","event":"session_end","sessionId":"7ef22187-ac78-4b6d-9549-0465b535ca70"}
{"level":30,"time":1778177763969,"pid":24628,"hostname":"Innocentius","requestId":"afc3d01a-44d0-478d-b375-a19105502c1c","url":"http://localhost:3000/api/analytics","method":"POST","msg":"API success","duration":150,"query":{}}
{"level":30,"time":1778177765554,"pid":24628,"hostname":"Innocentius","requestId":"53282c50-ce18-483c-8720-eaf29e122e4b","url":"http://localhost:3000/api/analytics","method":"POST","msg":"analytics event","event":"page_load_timing","sessionId":"7ef22187-ac78-4b6d-9549-0465b535ca70"}
{"level":30,"time":1778177765554,"pid":24628,"hostname":"Innocentius","requestId":"f462d83a-8ce3-4722-9d9e-d3017964c88f","url":"http://localhost:3000/api/analytics","method":"POST","msg":"analytics event","event":"page_view","sessionId":"7ef22187-ac78-4b6d-9549-0465b535ca70"}
{"level":30,"time":1778177765555,"pid":24628,"hostname":"Innocentius","requestId":"53282c50-ce18-483c-8720-eaf29e122e4b","url":"http://localhost:3000/api/analytics","method":"POST","msg":"API success","duration":150,"query":{}}
{"level":30,"time":1778177765556,"pid":24628,"hostname":"Innocentius","requestId":"f462d83a-8ce3-4722-9d9e-d3017964c88f","url":"http://localhost:3000/api/analytics","method":"POST","msg":"API success","duration":150,"query":{}}
{"level":30,"time":1778177766242,"pid":24628,"hostname":"Innocentius","requestId":"c68b8aa6-cd2f-4317-bbc9-bfbcf28415f9","url":"http://localhost:3000/api/analytics","method":"POST","msg":"analytics event","event":"session_end","sessionId":"7ef22187-ac78-4b6d-9549-0465b535ca70"}
{"level":30,"time":1778177766244,"pid":24628,"hostname":"Innocentius","requestId":"c68b8aa6-cd2f-4317-bbc9-bfbcf28415f9","url":"http://localhost:3000/api/analytics","method":"POST","msg":"API success","duration":50,"query":{}}
{"level":30,"time":1778177767404,"pid":24628,"hostname":"Innocentius","requestId":"56deb74c-067d-43eb-a54a-7d6c640d8296","url":"http://localhost:3000/api/analytics","method":"POST","msg":"analytics event","event":"page_load_timing","sessionId":"7ef22187-ac78-4b6d-9549-0465b535ca70"}
{"level":30,"time":1778177767404,"pid":24628,"hostname":"Innocentius","requestId":"324a6a38-9a93-468c-b666-b66a261d856d","url":"http://localhost:3000/api/analytics","method":"POST","msg":"analytics event","event":"page_view","sessionId":"7ef22187-ac78-4b6d-9549-0465b535ca70"}
{"level":30,"time":1778177767405,"pid":24628,"hostname":"Innocentius","requestId":"56deb74c-067d-43eb-a54a-7d6c640d8296","url":"http://localhost:3000/api/analytics","method":"POST","msg":"API success","duration":100,"query":{}}
{"level":30,"time":1778177767407,"pid":24628,"hostname":"Innocentius","requestId":"324a6a38-9a93-468c-b666-b66a261d856d","url":"http://localhost:3000/api/analytics","method":"POST","msg":"API success","duration":100,"query":{}}
{"level":30,"time":1778177783127,"pid":24628,"hostname":"Innocentius","requestId":"42eca5de-9171-4706-ae45-af9f8e34aefd","url":"http://localhost:3000/api/stations?page=1","method":"GET","msg":"API success","duration":0,"query":{"page":"1"}}
{"level":30,"time":1778177784635,"pid":24628,"hostname":"Innocentius","requestId":"5e86199a-24ff-4063-8a7e-da300abc779a","url":"http://localhost:3000/api/measurements/new","method":"GET","msg":"API success","duration":0,"query":{}}
{"level":30,"time":1778177785168,"pid":24628,"hostname":"Innocentius","requestId":"15b83048-7a6d-497e-82d0-4c92b05e0757","url":"http://localhost:3000/api/analytics","method":"POST","msg":"analytics event","event":"page_view","sessionId":"7ef22187-ac78-4b6d-9549-0465b535ca70"}
{"level":30,"time":1778177785169,"pid":24628,"hostname":"Innocentius","requestId":"15b83048-7a6d-497e-82d0-4c92b05e0757","url":"http://localhost:3000/api/analytics","method":"POST","msg":"API success","duration":100,"query":{}}
{"level":30,"time":1778177789769,"pid":24628,"hostname":"Innocentius","requestId":"a9307df2-d327-43b3-856c-5e9cdd6c26f6","url":"http://localhost:3000/api/analytics","method":"POST","msg":"analytics event","event":"session_end","sessionId":"7ef22187-ac78-4b6d-9549-0465b535ca70"}
{"level":30,"time":1778177789771,"pid":24628,"hostname":"Innocentius","requestId":"a9307df2-d327-43b3-856c-5e9cdd6c26f6","url":"http://localhost:3000/api/analytics","method":"POST","msg":"API success","duration":100,"query":{}}
{"level":30,"time":1778177791088,"pid":24628,"hostname":"Innocentius","requestId":"6aaa8ec5-40b8-48f5-8181-681615e60cd6","url":"http://localhost:3000/api/stations?page=1","method":"GET","msg":"API success","duration":50,"query":{"page":"1"}}
{"level":30,"time":1778177791145,"pid":24628,"hostname":"Innocentius","requestId":"8190200e-cd52-433f-b1d2-065c1b4b4c4f","url":"http://localhost:3000/api/measurements/new","method":"GET","msg":"API success","duration":0,"query":{}}
{"level":30,"time":1778177793259,"pid":24628,"hostname":"Innocentius","requestId":"e8cd98a3-8486-4c72-8763-e09fe64b0136","url":"http://localhost:3000/api/analytics","method":"POST","msg":"analytics event","event":"page_load_timing","sessionId":"7ef22187-ac78-4b6d-9549-0465b535ca70"}
{"level":30,"time":1778177793259,"pid":24628,"hostname":"Innocentius","requestId":"730d3455-7dc1-400c-92a9-88a3f4a35633","url":"http://localhost:3000/api/analytics","method":"POST","msg":"analytics event","event":"page_view","sessionId":"7ef22187-ac78-4b6d-9549-0465b535ca70"}
{"level":30,"time":1778177793260,"pid":24628,"hostname":"Innocentius","requestId":"e8cd98a3-8486-4c72-8763-e09fe64b0136","url":"http://localhost:3000/api/analytics","method":"POST","msg":"API success","duration":100,"query":{}}
{"level":30,"time":1778177793262,"pid":24628,"hostname":"Innocentius","requestId":"730d3455-7dc1-400c-92a9-88a3f4a35633","url":"http://localhost:3000/api/analytics","method":"POST","msg":"API success","duration":150,"query":{}}
{"level":30,"time":1778177796002,"pid":24628,"hostname":"Innocentius","requestId":"0cfb57f9-9426-46a5-98a1-53ea0226cf87","url":"http://localhost:3000/api/analytics","method":"POST","msg":"analytics event","event":"session_end","sessionId":"7ef22187-ac78-4b6d-9549-0465b535ca70"}
{"level":30,"time":1778177796005,"pid":24628,"hostname":"Innocentius","requestId":"0cfb57f9-9426-46a5-98a1-53ea0226cf87","url":"http://localhost:3000/api/analytics","method":"POST","msg":"API success","duration":50,"query":{}}
{"level":30,"time":1778177808583,"pid":24628,"hostname":"Innocentius","requestId":"86dcae10-6bd9-4530-a82c-8a13ffde696e","url":"http://localhost:3000/api/analytics","method":"POST","msg":"analytics event","event":"session_end","sessionId":"7ef22187-ac78-4b6d-9549-0465b535ca70"}
{"level":30,"time":1778177808584,"pid":24628,"hostname":"Innocentius","requestId":"86dcae10-6bd9-4530-a82c-8a13ffde696e","url":"http://localhost:3000/api/analytics","method":"POST","msg":"API success","duration":150,"query":{}}
{"level":30,"time":1778177808796,"pid":24628,"hostname":"Innocentius","requestId":"358cd9e5-32b2-479d-a5d6-ee451ff6258f","url":"http://localhost:3000/api/stations?page=1","method":"GET","msg":"API success","duration":0,"query":{"page":"1"}}
{"level":30,"time":1778177808916,"pid":24628,"hostname":"Innocentius","requestId":"6bb52a36-e48b-4342-bf7f-edb7b8d06901","url":"http://localhost:3000/api/measurements/new","method":"GET","msg":"API success","duration":0,"query":{}}
{"level":30,"time":1778177810485,"pid":24628,"hostname":"Innocentius","requestId":"82ebbe6a-c261-4e58-8bb4-0e0b415e339d","url":"http://localhost:3000/api/analytics","method":"POST","msg":"analytics event","event":"page_load_timing","sessionId":"7ef22187-ac78-4b6d-9549-0465b535ca70"}
{"level":30,"time":1778177810485,"pid":24628,"hostname":"Innocentius","requestId":"c690d015-5e11-4a06-a12c-d1dc842a5266","url":"http://localhost:3000/api/analytics","method":"POST","msg":"analytics event","event":"page_view","sessionId":"7ef22187-ac78-4b6d-9549-0465b535ca70"}
{"level":30,"time":1778177810486,"pid":24628,"hostname":"Innocentius","requestId":"82ebbe6a-c261-4e58-8bb4-0e0b415e339d","url":"http://localhost:3000/api/analytics","method":"POST","msg":"API success","duration":100,"query":{}}
{"level":30,"time":1778177810488,"pid":24628,"hostname":"Innocentius","requestId":"c690d015-5e11-4a06-a12c-d1dc842a5266","url":"http://localhost:3000/api/analytics","method":"POST","msg":"API success","duration":150,"query":{}}
{"level":30,"time":1778177811816,"pid":24628,"hostname":"Innocentius","requestId":"f4b8c6ff-fbcb-4f0b-9e4f-8de304c7a423","url":"http://localhost:3000/api/stations?page=1","method":"GET","msg":"API success","duration":50,"query":{"page":"1"}}
{"level":30,"time":1778177811869,"pid":24628,"hostname":"Innocentius","requestId":"5aefa876-4670-41d3-92ed-c587f6e7c4d5","url":"http://localhost:3000/api/measurements/new","method":"GET","msg":"API success","duration":0,"query":{}}
{"level":30,"time":1778177812001,"pid":24628,"hostname":"Innocentius","requestId":"25f860e1-e8b9-4e57-ba02-4fce6cecb81a","url":"http://localhost:3000/api/analytics","method":"POST","msg":"analytics event","event":"session_end","sessionId":"7ef22187-ac78-4b6d-9549-0465b535ca70"}
{"level":30,"time":1778177812002,"pid":24628,"hostname":"Innocentius","requestId":"25f860e1-e8b9-4e57-ba02-4fce6cecb81a","url":"http://localhost:3000/api/analytics","method":"POST","msg":"API success","duration":50,"query":{}}
{"level":30,"time":1778177813454,"pid":24628,"hostname":"Innocentius","requestId":"402a4060-8e69-4bba-8657-73b1494d7f10","url":"http://localhost:3000/api/analytics","method":"POST","msg":"analytics event","event":"page_load_timing","sessionId":"7ef22187-ac78-4b6d-9549-0465b535ca70"}
{"level":30,"time":1778177813454,"pid":24628,"hostname":"Innocentius","requestId":"a1de9d3d-a692-463c-ab70-023258eef178","url":"http://localhost:3000/api/analytics","method":"POST","msg":"analytics event","event":"page_view","sessionId":"7ef22187-ac78-4b6d-9549-0465b535ca70"}
{"level":30,"time":1778177813455,"pid":24628,"hostname":"Innocentius","requestId":"402a4060-8e69-4bba-8657-73b1494d7f10","url":"http://localhost:3000/api/analytics","method":"POST","msg":"API success","duration":150,"query":{}}
{"level":30,"time":1778177813456,"pid":24628,"hostname":"Innocentius","requestId":"a1de9d3d-a692-463c-ab70-023258eef178","url":"http://localhost:3000/api/analytics","method":"POST","msg":"API success","duration":150,"query":{}}
{"level":30,"time":1778177818290,"pid":24628,"hostname":"Innocentius","requestId":"5a5dff46-d4e8-4ba5-ab1d-e449f86a17e5","url":"http://localhost:3000/api/stations/3","method":"GET","msg":"API success","duration":50,"query":{}}
{"level":30,"time":1778177818518,"pid":24628,"hostname":"Innocentius","requestId":"2d960587-7a83-44f6-9831-f7fa49faabe6","url":"http://localhost:3000/api/analytics","method":"POST","msg":"analytics event","event":"page_view","sessionId":"7ef22187-ac78-4b6d-9549-0465b535ca70"}
{"level":30,"time":1778177818518,"pid":24628,"hostname":"Innocentius","requestId":"5c1c4a6f-cc1e-4e6e-ab68-ea70d29ca342","url":"http://localhost:3000/api/analytics","method":"POST","msg":"analytics event","event":"station_detail_viewed","sessionId":"7ef22187-ac78-4b6d-9549-0465b535ca70"}
{"level":30,"time":1778177818518,"pid":24628,"hostname":"Innocentius","requestId":"0eb685ac-2df2-4ea2-9963-c22f737c33ea","url":"http://localhost:3000/api/analytics","method":"POST","msg":"analytics event","event":"station_detail_viewed","sessionId":"7ef22187-ac78-4b6d-9549-0465b535ca70"}
{"level":30,"time":1778177818519,"pid":24628,"hostname":"Innocentius","requestId":"2d960587-7a83-44f6-9831-f7fa49faabe6","url":"http://localhost:3000/api/analytics","method":"POST","msg":"API success","duration":300,"query":{}}
{"level":30,"time":1778177818521,"pid":24628,"hostname":"Innocentius","requestId":"5c1c4a6f-cc1e-4e6e-ab68-ea70d29ca342","url":"http://localhost:3000/api/analytics","method":"POST","msg":"API success","duration":300,"query":{}}
{"level":30,"time":1778177818522,"pid":24628,"hostname":"Innocentius","requestId":"0eb685ac-2df2-4ea2-9963-c22f737c33ea","url":"http://localhost:3000/api/analytics","method":"POST","msg":"API success","duration":250,"query":{}}
{"level":30,"time":1778177820383,"pid":24628,"hostname":"Innocentius","requestId":"79a111d5-8bd9-4b18-a1c7-5a513f0901ee","url":"http://localhost:3000/api/measurements?stationId=3","method":"GET","msg":"API success","duration":50,"query":{"stationId":"3"}}
{"level":30,"time":1778177820491,"pid":24628,"hostname":"Innocentius","requestId":"316feb38-cd5f-49c1-a242-0ed7dfec2f6e","url":"http://localhost:3000/api/measurements?stationId=3","method":"GET","msg":"API success","duration":50,"query":{"stationId":"3"}}
{"level":30,"time":1778177824483,"pid":24628,"hostname":"Innocentius","requestId":"12d24490-a922-4e7c-b52c-3d78ea83b513","url":"http://localhost:3000/api/analytics","method":"POST","msg":"analytics event","event":"session_end","sessionId":"7ef22187-ac78-4b6d-9549-0465b535ca70"}
{"level":30,"time":1778177824485,"pid":24628,"hostname":"Innocentius","requestId":"12d24490-a922-4e7c-b52c-3d78ea83b513","url":"http://localhost:3000/api/analytics","method":"POST","msg":"API success","duration":100,"query":{}}
{"level":30,"time":1778177825860,"pid":24628,"hostname":"Innocentius","requestId":"3a90e567-ee5f-4432-bd74-4b8147026574","url":"http://localhost:3000/api/stations/3","method":"GET","msg":"API success","duration":50,"query":{}}
{"level":30,"time":1778177828151,"pid":24628,"hostname":"Innocentius","requestId":"0199e09f-a457-4ca5-af1a-ad0f0bf94ff3","url":"http://localhost:3000/api/analytics","method":"POST","msg":"analytics event","event":"page_load_timing","sessionId":"7ef22187-ac78-4b6d-9549-0465b535ca70"}
{"level":30,"time":1778177828151,"pid":24628,"hostname":"Innocentius","requestId":"3a046036-3a68-450f-8fe3-8bd666ee9b17","url":"http://localhost:3000/api/analytics","method":"POST","msg":"analytics event","event":"page_view","sessionId":"7ef22187-ac78-4b6d-9549-0465b535ca70"}
{"level":30,"time":1778177828153,"pid":24628,"hostname":"Innocentius","requestId":"0199e09f-a457-4ca5-af1a-ad0f0bf94ff3","url":"http://localhost:3000/api/analytics","method":"POST","msg":"API success","duration":150,"query":{}}
{"level":30,"time":1778177828156,"pid":24628,"hostname":"Innocentius","requestId":"3a046036-3a68-450f-8fe3-8bd666ee9b17","url":"http://localhost:3000/api/analytics","method":"POST","msg":"API success","duration":250,"query":{}}
{"level":30,"time":1778177828181,"pid":24628,"hostname":"Innocentius","requestId":"8f2488a6-ac07-4071-92f3-699e6d7cb434","url":"http://localhost:3000/api/measurements?stationId=3","method":"GET","msg":"API success","duration":0,"query":{"stationId":"3"}}
{"level":30,"time":1778177828203,"pid":24628,"hostname":"Innocentius","requestId":"3bc379a2-4423-4e30-8ae7-6fcd7508a9de","url":"http://localhost:3000/api/analytics","method":"POST","msg":"analytics event","event":"station_detail_viewed","sessionId":"7ef22187-ac78-4b6d-9549-0465b535ca70"}
{"level":30,"time":1778177828207,"pid":24628,"hostname":"Innocentius","requestId":"3bc379a2-4423-4e30-8ae7-6fcd7508a9de","url":"http://localhost:3000/api/analytics","method":"POST","msg":"API success","duration":150,"query":{}}
{"level":30,"time":1778177836965,"pid":24628,"hostname":"Innocentius","requestId":"5fae610c-88ce-4693-ad1c-1803930c8b91","url":"http://localhost:3000/api/analytics","method":"POST","msg":"analytics event","event":"session_end","sessionId":"7ef22187-ac78-4b6d-9549-0465b535ca70"}
{"level":30,"time":1778177836967,"pid":24628,"hostname":"Innocentius","requestId":"5fae610c-88ce-4693-ad1c-1803930c8b91","url":"http://localhost:3000/api/analytics","method":"POST","msg":"API success","duration":100,"query":{}}
{"level":30,"time":1778177837278,"pid":24628,"hostname":"Innocentius","requestId":"334b4276-f001-45bd-9a72-cc931401eade","url":"http://localhost:3000/api/stations/3","method":"GET","msg":"API success","duration":0,"query":{}}
{"level":30,"time":1778177839060,"pid":24628,"hostname":"Innocentius","requestId":"1ed3224c-3024-4a1e-8e2f-479f1160d22c","url":"http://localhost:3000/api/measurements?stationId=3","method":"GET","msg":"API success","duration":0,"query":{"stationId":"3"}}
{"level":30,"time":1778177839115,"pid":24628,"hostname":"Innocentius","requestId":"4e81c177-5a70-442e-82d3-ca3e2f33ce8d","url":"http://localhost:3000/api/analytics","method":"POST","msg":"analytics event","event":"page_load_timing","sessionId":"7ef22187-ac78-4b6d-9549-0465b535ca70"}
{"level":30,"time":1778177839115,"pid":24628,"hostname":"Innocentius","requestId":"6a970c9b-a842-4caf-a013-a8672d64c5d8","url":"http://localhost:3000/api/analytics","method":"POST","msg":"analytics event","event":"page_view","sessionId":"7ef22187-ac78-4b6d-9549-0465b535ca70"}
{"level":30,"time":1778177839115,"pid":24628,"hostname":"Innocentius","requestId":"a2be1242-5ea3-4f36-bfc5-44f166e17f8b","url":"http://localhost:3000/api/analytics","method":"POST","msg":"analytics event","event":"station_detail_viewed","sessionId":"7ef22187-ac78-4b6d-9549-0465b535ca70"}
{"level":30,"time":1778177839117,"pid":24628,"hostname":"Innocentius","requestId":"4e81c177-5a70-442e-82d3-ca3e2f33ce8d","url":"http://localhost:3000/api/analytics","method":"POST","msg":"API success","duration":350,"query":{}}
{"level":30,"time":1778177839119,"pid":24628,"hostname":"Innocentius","requestId":"6a970c9b-a842-4caf-a013-a8672d64c5d8","url":"http://localhost:3000/api/analytics","method":"POST","msg":"API success","duration":300,"query":{}}
{"level":30,"time":1778177839121,"pid":24628,"hostname":"Innocentius","requestId":"a2be1242-5ea3-4f36-bfc5-44f166e17f8b","url":"http://localhost:3000/api/analytics","method":"POST","msg":"API success","duration":350,"query":{}}
{"level":30,"time":1778177840515,"pid":24628,"hostname":"Innocentius","requestId":"2d431f72-78df-4e13-83da-4954d409ba7f","url":"http://localhost:3000/api/stations/3","method":"GET","msg":"API success","duration":0,"query":{}}
{"level":30,"time":1778177840708,"pid":24628,"hostname":"Innocentius","requestId":"1ffe6928-de64-456f-986b-caa09079e135","url":"http://localhost:3000/api/analytics","method":"POST","msg":"analytics event","event":"session_end","sessionId":"7ef22187-ac78-4b6d-9549-0465b535ca70"}
{"level":30,"time":1778177840710,"pid":24628,"hostname":"Innocentius","requestId":"1ffe6928-de64-456f-986b-caa09079e135","url":"http://localhost:3000/api/analytics","method":"POST","msg":"API success","duration":100,"query":{}}
{"level":30,"time":1778177842342,"pid":24628,"hostname":"Innocentius","requestId":"438d29b2-ff85-4bdd-bad9-8301be8b35d3","url":"http://localhost:3000/api/measurements?stationId=3","method":"GET","msg":"API success","duration":0,"query":{"stationId":"3"}}
{"level":30,"time":1778177842390,"pid":24628,"hostname":"Innocentius","requestId":"f4b5a99b-fc82-4bb1-a07c-4955e3dc3319","url":"http://localhost:3000/api/analytics","method":"POST","msg":"analytics event","event":"page_load_timing","sessionId":"7ef22187-ac78-4b6d-9549-0465b535ca70"}
{"level":30,"time":1778177842390,"pid":24628,"hostname":"Innocentius","requestId":"6d246339-3d74-498d-a3e9-bb6885a288e2","url":"http://localhost:3000/api/analytics","method":"POST","msg":"analytics event","event":"page_view","sessionId":"7ef22187-ac78-4b6d-9549-0465b535ca70"}
{"level":30,"time":1778177842390,"pid":24628,"hostname":"Innocentius","requestId":"a3bcc630-9ec8-4188-85ae-197e20b21b52","url":"http://localhost:3000/api/analytics","method":"POST","msg":"analytics event","event":"station_detail_viewed","sessionId":"7ef22187-ac78-4b6d-9549-0465b535ca70"}
{"level":30,"time":1778177842391,"pid":24628,"hostname":"Innocentius","requestId":"f4b5a99b-fc82-4bb1-a07c-4955e3dc3319","url":"http://localhost:3000/api/analytics","method":"POST","msg":"API success","duration":250,"query":{}}
{"level":30,"time":1778177842393,"pid":24628,"hostname":"Innocentius","requestId":"6d246339-3d74-498d-a3e9-bb6885a288e2","url":"http://localhost:3000/api/analytics","method":"POST","msg":"API success","duration":300,"query":{}}
{"level":30,"time":1778177842394,"pid":24628,"hostname":"Innocentius","requestId":"a3bcc630-9ec8-4188-85ae-197e20b21b52","url":"http://localhost:3000/api/analytics","method":"POST","msg":"API success","duration":250,"query":{}}
{"level":30,"time":1778177845646,"pid":24628,"hostname":"Innocentius","requestId":"fe337f42-33a9-4d7e-94a3-8cc0ac5fb335","url":"http://localhost:3000/api/analytics","method":"POST","msg":"analytics event","event":"session_end","sessionId":"7ef22187-ac78-4b6d-9549-0465b535ca70"}
{"level":30,"time":1778177845648,"pid":24628,"hostname":"Innocentius","requestId":"fe337f42-33a9-4d7e-94a3-8cc0ac5fb335","url":"http://localhost:3000/api/analytics","method":"POST","msg":"API success","duration":50,"query":{}}
{"level":30,"time":1778177877859,"pid":24628,"hostname":"Innocentius","requestId":"3b08f9ad-025c-47e1-a744-847cb38311ba","url":"http://localhost:3000/api/stations/all","method":"GET","msg":"API success","duration":50,"query":{}}
{"level":30,"time":1778177878989,"pid":24628,"hostname":"Innocentius","requestId":"b80bc96f-a5e0-4e98-a6a8-495cc4f89620","url":"http://localhost:3000/api/measurements/new","method":"GET","msg":"API success","duration":50,"query":{}}
{"level":30,"time":1778177879255,"pid":24628,"hostname":"Innocentius","requestId":"3dfab251-c110-42d1-bd2a-2613e4de4798","url":"http://localhost:3000/api/analytics","method":"POST","msg":"analytics event","event":"page_view","sessionId":"7ef22187-ac78-4b6d-9549-0465b535ca70"}
{"level":30,"time":1778177879257,"pid":24628,"hostname":"Innocentius","requestId":"3dfab251-c110-42d1-bd2a-2613e4de4798","url":"http://localhost:3000/api/analytics","method":"POST","msg":"API success","duration":100,"query":{}}
{"level":30,"time":1778177879505,"pid":24628,"hostname":"Innocentius","requestId":"8326027c-7094-4a86-b344-e8a56c59b5c2","url":"http://localhost:3000/api/measurements/new","method":"GET","msg":"API success","duration":50,"query":{}}
{"level":30,"time":1778177879507,"pid":24628,"hostname":"Innocentius","requestId":"b1a39fde-75b6-4b37-9fad-90c6aa0ac436","url":"http://localhost:3000/api/measurements/new","method":"GET","msg":"API success","duration":100,"query":{}}
{"level":30,"time":1778177880595,"pid":24628,"hostname":"Innocentius","requestId":"4c12184a-ec9f-491f-b4c2-fc33c813bd41","url":"http://localhost:3000/api/analytics","method":"POST","msg":"analytics event","event":"map_zoom_changed","sessionId":"7ef22187-ac78-4b6d-9549-0465b535ca70"}
{"level":30,"time":1778177880597,"pid":24628,"hostname":"Innocentius","requestId":"4c12184a-ec9f-491f-b4c2-fc33c813bd41","url":"http://localhost:3000/api/analytics","method":"POST","msg":"API success","duration":100,"query":{}}
{"level":30,"time":1778177882342,"pid":24628,"hostname":"Innocentius","requestId":"85e69237-61b6-464b-9e84-389810a40dd5","url":"http://localhost:3000/api/analytics","method":"POST","msg":"analytics event","event":"map_station_selected","sessionId":"7ef22187-ac78-4b6d-9549-0465b535ca70"}
{"level":30,"time":1778177882344,"pid":24628,"hostname":"Innocentius","requestId":"85e69237-61b6-464b-9e84-389810a40dd5","url":"http://localhost:3000/api/analytics","method":"POST","msg":"API success","duration":100,"query":{}}
{"level":30,"time":1778177882387,"pid":24628,"hostname":"Innocentius","requestId":"bfdd233a-3dd0-4237-82f7-3acd74e62acc","url":"http://localhost:3000/api/measurements?stationId=3","method":"GET","msg":"API success","duration":0,"query":{"stationId":"3"}}
{"level":30,"time":1778177882427,"pid":24628,"hostname":"Innocentius","requestId":"e67797aa-2159-40d3-9b52-436463d15809","url":"http://localhost:3000/api/measurements?stationId=3","method":"GET","msg":"API success","duration":0,"query":{"stationId":"3"}}
{"level":30,"time":1778177886145,"pid":24628,"hostname":"Innocentius","requestId":"108b03c7-6043-4432-b05d-72ba8553ea07","url":"http://localhost:3000/api/analytics","method":"POST","msg":"analytics event","event":"session_end","sessionId":"7ef22187-ac78-4b6d-9549-0465b535ca70"}
{"level":30,"time":1778177886147,"pid":24628,"hostname":"Innocentius","requestId":"108b03c7-6043-4432-b05d-72ba8553ea07","url":"http://localhost:3000/api/analytics","method":"POST","msg":"API success","duration":100,"query":{}}
{"level":30,"time":1778177887448,"pid":24628,"hostname":"Innocentius","requestId":"d4b2dd8f-2c1a-447d-aa5b-979af54296ea","url":"http://localhost:3000/api/stations/all","method":"GET","msg":"API success","duration":0,"query":{}}
{"level":30,"time":1778177887505,"pid":24628,"hostname":"Innocentius","requestId":"ade7256e-2456-47f0-85cd-3c81c4ce2dcb","url":"http://localhost:3000/api/measurements/new","method":"GET","msg":"API success","duration":0,"query":{}}
{"level":30,"time":1778177889165,"pid":24628,"hostname":"Innocentius","requestId":"98fa764b-6d25-4a1f-bd8e-e3781d7ae190","url":"http://localhost:3000/api/analytics","method":"POST","msg":"analytics event","event":"page_load_timing","sessionId":"7ef22187-ac78-4b6d-9549-0465b535ca70"}
{"level":30,"time":1778177889165,"pid":24628,"hostname":"Innocentius","requestId":"6298cf12-d87c-4ee9-90d0-b8c8033ea823","url":"http://localhost:3000/api/analytics","method":"POST","msg":"analytics event","event":"page_view","sessionId":"7ef22187-ac78-4b6d-9549-0465b535ca70"}
{"level":30,"time":1778177889166,"pid":24628,"hostname":"Innocentius","requestId":"98fa764b-6d25-4a1f-bd8e-e3781d7ae190","url":"http://localhost:3000/api/analytics","method":"POST","msg":"API success","duration":100,"query":{}}
{"level":30,"time":1778177889168,"pid":24628,"hostname":"Innocentius","requestId":"6298cf12-d87c-4ee9-90d0-b8c8033ea823","url":"http://localhost:3000/api/analytics","method":"POST","msg":"API success","duration":150,"query":{}}
{"level":30,"time":1778177889417,"pid":24628,"hostname":"Innocentius","requestId":"1b8a1ab6-861e-466d-9385-ae36ceb31d8a","url":"http://localhost:3000/api/measurements/new","method":"GET","msg":"API success","duration":0,"query":{}}
{"level":30,"time":1778177889418,"pid":24628,"hostname":"Innocentius","requestId":"be8db121-27a6-454d-98a3-060314bee2f6","url":"http://localhost:3000/api/measurements/new","method":"GET","msg":"API success","duration":100,"query":{}}
{"level":30,"time":1778177897034,"pid":24628,"hostname":"Innocentius","requestId":"2c38d26b-56ac-4ecf-92f9-3caf52de5def","url":"http://localhost:3000/api/analytics","method":"POST","msg":"analytics event","event":"session_end","sessionId":"7ef22187-ac78-4b6d-9549-0465b535ca70"}
{"level":30,"time":1778177897036,"pid":24628,"hostname":"Innocentius","requestId":"2c38d26b-56ac-4ecf-92f9-3caf52de5def","url":"http://localhost:3000/api/analytics","method":"POST","msg":"API success","duration":50,"query":{}}
{"level":30,"time":1778177897239,"pid":24628,"hostname":"Innocentius","requestId":"0c94d6eb-7d7a-4cf2-aec5-71396d838dfa","url":"http://localhost:3000/api/stations/all","method":"GET","msg":"API success","duration":0,"query":{}}
{"level":30,"time":1778177897295,"pid":24628,"hostname":"Innocentius","requestId":"7ed97d56-934e-47c7-809d-764c242e2678","url":"http://localhost:3000/api/measurements/new","method":"GET","msg":"API success","duration":0,"query":{}}
{"level":30,"time":1778177898720,"pid":24628,"hostname":"Innocentius","requestId":"5b5b58ae-7f87-443b-b4a4-7edad8dc727e","url":"http://localhost:3000/api/analytics","method":"POST","msg":"analytics event","event":"page_load_timing","sessionId":"7ef22187-ac78-4b6d-9549-0465b535ca70"}
{"level":30,"time":1778177898720,"pid":24628,"hostname":"Innocentius","requestId":"cf905eaf-3b52-43e7-8a7c-a1e6230d911f","url":"http://localhost:3000/api/analytics","method":"POST","msg":"analytics event","event":"page_view","sessionId":"7ef22187-ac78-4b6d-9549-0465b535ca70"}
{"level":30,"time":1778177898722,"pid":24628,"hostname":"Innocentius","requestId":"5b5b58ae-7f87-443b-b4a4-7edad8dc727e","url":"http://localhost:3000/api/analytics","method":"POST","msg":"API success","duration":150,"query":{}}
{"level":30,"time":1778177898724,"pid":24628,"hostname":"Innocentius","requestId":"cf905eaf-3b52-43e7-8a7c-a1e6230d911f","url":"http://localhost:3000/api/analytics","method":"POST","msg":"API success","duration":200,"query":{}}
{"level":30,"time":1778177899411,"pid":24628,"hostname":"Innocentius","requestId":"15a284c8-bb49-45f0-82aa-391489882c85","url":"http://localhost:3000/api/measurements/new","method":"GET","msg":"API success","duration":100,"query":{}}
{"level":30,"time":1778177899412,"pid":24628,"hostname":"Innocentius","requestId":"14d5275d-44b6-4e83-a1ff-ecc631e6b551","url":"http://localhost:3000/api/measurements/new","method":"GET","msg":"API success","duration":100,"query":{}}
{"level":30,"time":1778177899670,"pid":24628,"hostname":"Innocentius","requestId":"b4a633be-4478-453d-9170-076da34240ff","url":"http://localhost:3000/api/stations/all","method":"GET","msg":"API success","duration":0,"query":{}}
{"level":30,"time":1778177899747,"pid":24628,"hostname":"Innocentius","requestId":"a5ae591b-b369-4424-b639-5e8af78f889c","url":"http://localhost:3000/api/measurements/new","method":"GET","msg":"API success","duration":50,"query":{}}
{"level":30,"time":1778177899921,"pid":24628,"hostname":"Innocentius","requestId":"c96a57f9-b608-49a3-9e46-2f107906fd19","url":"http://localhost:3000/api/analytics","method":"POST","msg":"analytics event","event":"session_end","sessionId":"7ef22187-ac78-4b6d-9549-0465b535ca70"}
{"level":30,"time":1778177899922,"pid":24628,"hostname":"Innocentius","requestId":"c96a57f9-b608-49a3-9e46-2f107906fd19","url":"http://localhost:3000/api/analytics","method":"POST","msg":"API success","duration":50,"query":{}}
{"level":30,"time":1778177901262,"pid":24628,"hostname":"Innocentius","requestId":"f418f813-37db-4305-a7f5-9d39032fa1d3","url":"http://localhost:3000/api/analytics","method":"POST","msg":"analytics event","event":"page_load_timing","sessionId":"7ef22187-ac78-4b6d-9549-0465b535ca70"}
{"level":30,"time":1778177901262,"pid":24628,"hostname":"Innocentius","requestId":"852853d1-46bb-488c-a13e-b5c596ce1c69","url":"http://localhost:3000/api/analytics","method":"POST","msg":"analytics event","event":"page_view","sessionId":"7ef22187-ac78-4b6d-9549-0465b535ca70"}
{"level":30,"time":1778177901264,"pid":24628,"hostname":"Innocentius","requestId":"f418f813-37db-4305-a7f5-9d39032fa1d3","url":"http://localhost:3000/api/analytics","method":"POST","msg":"API success","duration":100,"query":{}}
{"level":30,"time":1778177901265,"pid":24628,"hostname":"Innocentius","requestId":"852853d1-46bb-488c-a13e-b5c596ce1c69","url":"http://localhost:3000/api/analytics","method":"POST","msg":"API success","duration":150,"query":{}}
{"level":30,"time":1778177901484,"pid":24628,"hostname":"Innocentius","requestId":"b60ebf25-153d-4181-b6e4-d0f74dd008a7","url":"http://localhost:3000/api/measurements/new","method":"GET","msg":"API success","duration":0,"query":{}}
{"level":30,"time":1778177901487,"pid":24628,"hostname":"Innocentius","requestId":"d78c1a3d-9159-45c8-a218-90a97ec2e632","url":"http://localhost:3000/api/measurements/new","method":"GET","msg":"API success","duration":150,"query":{}}
{"level":30,"time":1778177906366,"pid":24628,"hostname":"Innocentius","requestId":"7f5e819c-99dc-452b-ad69-6af572de2ee1","url":"http://localhost:3000/api/analytics","method":"POST","msg":"analytics event","event":"map_station_selected","sessionId":"7ef22187-ac78-4b6d-9549-0465b535ca70"}
{"level":30,"time":1778177906369,"pid":24628,"hostname":"Innocentius","requestId":"7f5e819c-99dc-452b-ad69-6af572de2ee1","url":"http://localhost:3000/api/analytics","method":"POST","msg":"API success","duration":100,"query":{}}
{"level":30,"time":1778177906400,"pid":24628,"hostname":"Innocentius","requestId":"275712c8-2896-4088-98d3-0521b3b28033","url":"http://localhost:3000/api/measurements?stationId=6","method":"GET","msg":"API success","duration":0,"query":{"stationId":"6"}}
{"level":30,"time":1778177906447,"pid":24628,"hostname":"Innocentius","requestId":"6714866b-38e4-4cfc-acb2-09792865f892","url":"http://localhost:3000/api/measurements?stationId=6","method":"GET","msg":"API success","duration":0,"query":{"stationId":"6"}}
{"level":30,"time":1778177910944,"pid":24628,"hostname":"Innocentius","requestId":"c601a1f2-080f-41ef-82ef-e5cecc394cf2","url":"http://localhost:3000/api/analytics","method":"POST","msg":"analytics event","event":"session_end","sessionId":"7ef22187-ac78-4b6d-9549-0465b535ca70"}
{"level":30,"time":1778177910945,"pid":24628,"hostname":"Innocentius","requestId":"c601a1f2-080f-41ef-82ef-e5cecc394cf2","url":"http://localhost:3000/api/analytics","method":"POST","msg":"API success","duration":150,"query":{}}
{"level":30,"time":1778178051554,"pid":24628,"hostname":"Innocentius","requestId":"6b7059bb-2ce4-46d9-93d0-bda8cfc7e78d","url":"http://localhost:3000/api/stations/2","method":"GET","msg":"API success","duration":50,"query":{}}
{"level":30,"time":1778178051727,"pid":24628,"hostname":"Innocentius","requestId":"25182a1f-46a0-4a3c-a937-119ac95713bb","url":"http://localhost:3000/api/measurements?stationId=2","method":"GET","msg":"API success","duration":0,"query":{"stationId":"2"}}
{"level":30,"time":1778178051771,"pid":24628,"hostname":"Innocentius","requestId":"e7c1e635-e90b-436a-961c-b272dd7f3865","url":"http://localhost:3000/api/analytics","method":"POST","msg":"analytics event","event":"page_view","sessionId":"7ef22187-ac78-4b6d-9549-0465b535ca70"}
{"level":30,"time":1778178051771,"pid":24628,"hostname":"Innocentius","requestId":"11e55c6c-bfba-4a1b-9643-8482c4dc7416","url":"http://localhost:3000/api/analytics","method":"POST","msg":"analytics event","event":"station_detail_viewed","sessionId":"7ef22187-ac78-4b6d-9549-0465b535ca70"}
{"level":30,"time":1778178051771,"pid":24628,"hostname":"Innocentius","requestId":"ae029c1f-f9fe-4a65-9e4f-8174ca36f2aa","url":"http://localhost:3000/api/analytics","method":"POST","msg":"analytics event","event":"station_detail_viewed","sessionId":"7ef22187-ac78-4b6d-9549-0465b535ca70"}
{"level":30,"time":1778178051773,"pid":24628,"hostname":"Innocentius","requestId":"e7c1e635-e90b-436a-961c-b272dd7f3865","url":"http://localhost:3000/api/analytics","method":"POST","msg":"API success","duration":350,"query":{}}
{"level":30,"time":1778178051774,"pid":24628,"hostname":"Innocentius","requestId":"11e55c6c-bfba-4a1b-9643-8482c4dc7416","url":"http://localhost:3000/api/analytics","method":"POST","msg":"API success","duration":350,"query":{}}
{"level":30,"time":1778178051776,"pid":24628,"hostname":"Innocentius","requestId":"ae029c1f-f9fe-4a65-9e4f-8174ca36f2aa","url":"http://localhost:3000/api/analytics","method":"POST","msg":"API success","duration":400,"query":{}}
{"level":30,"time":1778178051839,"pid":24628,"hostname":"Innocentius","requestId":"63fff2b3-f3d2-4cb0-a8f6-fbb00e6ab01c","url":"http://localhost:3000/api/measurements?stationId=2","method":"GET","msg":"API success","duration":50,"query":{"stationId":"2"}}
{"level":30,"time":1778178057206,"pid":24628,"hostname":"Innocentius","requestId":"a2734716-7eec-4b17-8c06-0fa24d7ef97e","url":"http://localhost:3000/api/analytics","method":"POST","msg":"analytics event","event":"session_end","sessionId":"7ef22187-ac78-4b6d-9549-0465b535ca70"}
{"level":30,"time":1778178057207,"pid":24628,"hostname":"Innocentius","requestId":"a2734716-7eec-4b17-8c06-0fa24d7ef97e","url":"http://localhost:3000/api/analytics","method":"POST","msg":"API success","duration":150,"query":{}}
{"level":30,"time":1778178058479,"pid":24628,"hostname":"Innocentius","requestId":"40f45587-39ef-4b96-9ec9-efa03940484d","url":"http://localhost:3000/api/stations/2","method":"GET","msg":"API success","duration":0,"query":{}}
{"level":30,"time":1778178060248,"pid":24628,"hostname":"Innocentius","requestId":"727b3aca-2245-4066-93c7-efc76bbe6d4d","url":"http://localhost:3000/api/analytics","method":"POST","msg":"analytics event","event":"page_load_timing","sessionId":"7ef22187-ac78-4b6d-9549-0465b535ca70"}
{"level":30,"time":1778178060248,"pid":24628,"hostname":"Innocentius","requestId":"4dbfc33f-4597-4270-a8c4-b301ea81d73b","url":"http://localhost:3000/api/analytics","method":"POST","msg":"analytics event","event":"page_view","sessionId":"7ef22187-ac78-4b6d-9549-0465b535ca70"}
{"level":30,"time":1778178060249,"pid":24628,"hostname":"Innocentius","requestId":"727b3aca-2245-4066-93c7-efc76bbe6d4d","url":"http://localhost:3000/api/analytics","method":"POST","msg":"API success","duration":50,"query":{}}
{"level":30,"time":1778178060251,"pid":24628,"hostname":"Innocentius","requestId":"4dbfc33f-4597-4270-a8c4-b301ea81d73b","url":"http://localhost:3000/api/analytics","method":"POST","msg":"API success","duration":150,"query":{}}
{"level":30,"time":1778178060274,"pid":24628,"hostname":"Innocentius","requestId":"bb944e03-2abd-4f18-a1b2-1785f591a334","url":"http://localhost:3000/api/measurements?stationId=2","method":"GET","msg":"API success","duration":0,"query":{"stationId":"2"}}
{"level":30,"time":1778178060291,"pid":24628,"hostname":"Innocentius","requestId":"f5a5a766-5ad1-4d22-afeb-d9a99c6e9dc2","url":"http://localhost:3000/api/analytics","method":"POST","msg":"analytics event","event":"station_detail_viewed","sessionId":"7ef22187-ac78-4b6d-9549-0465b535ca70"}
{"level":30,"time":1778178060292,"pid":24628,"hostname":"Innocentius","requestId":"f5a5a766-5ad1-4d22-afeb-d9a99c6e9dc2","url":"http://localhost:3000/api/analytics","method":"POST","msg":"API success","duration":50,"query":{}}
{"level":30,"time":1778178069049,"pid":24628,"hostname":"Innocentius","requestId":"6ed163b5-43be-4c87-8d11-8c9afdc64f7d","url":"http://localhost:3000/api/analytics","method":"POST","msg":"analytics event","event":"session_end","sessionId":"7ef22187-ac78-4b6d-9549-0465b535ca70"}
{"level":30,"time":1778178069050,"pid":24628,"hostname":"Innocentius","requestId":"6ed163b5-43be-4c87-8d11-8c9afdc64f7d","url":"http://localhost:3000/api/analytics","method":"POST","msg":"API success","duration":50,"query":{}}
{"level":30,"time":1778178069312,"pid":24628,"hostname":"Innocentius","requestId":"1e39ad48-f530-4231-82b1-e2476b6aa334","url":"http://localhost:3000/api/stations/2","method":"GET","msg":"API success","duration":0,"query":{}}
{"level":30,"time":1778178071112,"pid":24628,"hostname":"Innocentius","requestId":"ee43bded-23b4-42a9-b6f7-c9fdc2f44777","url":"http://localhost:3000/api/measurements?stationId=2","method":"GET","msg":"API success","duration":50,"query":{"stationId":"2"}}
{"level":30,"time":1778178071157,"pid":24628,"hostname":"Innocentius","requestId":"9d437399-fa1f-4dde-81ea-84a134d848a2","url":"http://localhost:3000/api/analytics","method":"POST","msg":"analytics event","event":"page_load_timing","sessionId":"7ef22187-ac78-4b6d-9549-0465b535ca70"}
{"level":30,"time":1778178071157,"pid":24628,"hostname":"Innocentius","requestId":"bfb9da06-5ccb-4002-bd9f-dce031d6dc3d","url":"http://localhost:3000/api/analytics","method":"POST","msg":"analytics event","event":"page_view","sessionId":"7ef22187-ac78-4b6d-9549-0465b535ca70"}
{"level":30,"time":1778178071157,"pid":24628,"hostname":"Innocentius","requestId":"64d9684c-696e-44c3-bd2e-58b2257def3e","url":"http://localhost:3000/api/analytics","method":"POST","msg":"analytics event","event":"station_detail_viewed","sessionId":"7ef22187-ac78-4b6d-9549-0465b535ca70"}
{"level":30,"time":1778178071159,"pid":24628,"hostname":"Innocentius","requestId":"9d437399-fa1f-4dde-81ea-84a134d848a2","url":"http://localhost:3000/api/analytics","method":"POST","msg":"API success","duration":350,"query":{}}
{"level":30,"time":1778178071160,"pid":24628,"hostname":"Innocentius","requestId":"bfb9da06-5ccb-4002-bd9f-dce031d6dc3d","url":"http://localhost:3000/api/analytics","method":"POST","msg":"API success","duration":350,"query":{}}
{"level":30,"time":1778178071161,"pid":24628,"hostname":"Innocentius","requestId":"64d9684c-696e-44c3-bd2e-58b2257def3e","url":"http://localhost:3000/api/analytics","method":"POST","msg":"API success","duration":350,"query":{}}
{"level":30,"time":1778178072441,"pid":24628,"hostname":"Innocentius","requestId":"eab8805b-56f8-4c35-bcd4-4f91eda84e1d","url":"http://localhost:3000/api/stations/2","method":"GET","msg":"API success","duration":50,"query":{}}
{"level":30,"time":1778178072630,"pid":24628,"hostname":"Innocentius","requestId":"5e84cf2a-2474-4879-8722-20a108f563e0","url":"http://localhost:3000/api/analytics","method":"POST","msg":"analytics event","event":"session_end","sessionId":"7ef22187-ac78-4b6d-9549-0465b535ca70"}
{"level":30,"time":1778178072631,"pid":24628,"hostname":"Innocentius","requestId":"5e84cf2a-2474-4879-8722-20a108f563e0","url":"http://localhost:3000/api/analytics","method":"POST","msg":"API success","duration":50,"query":{}}
{"level":30,"time":1778178074124,"pid":24628,"hostname":"Innocentius","requestId":"86779bdf-e8ff-419f-87e6-9e7673637904","url":"http://localhost:3000/api/measurements?stationId=2","method":"GET","msg":"API success","duration":50,"query":{"stationId":"2"}}
{"level":30,"time":1778178074168,"pid":24628,"hostname":"Innocentius","requestId":"82cd88f6-4836-46d0-9735-16381930c075","url":"http://localhost:3000/api/analytics","method":"POST","msg":"analytics event","event":"page_load_timing","sessionId":"7ef22187-ac78-4b6d-9549-0465b535ca70"}
{"level":30,"time":1778178074168,"pid":24628,"hostname":"Innocentius","requestId":"1dde6bde-5668-4a59-af28-e2d0a3bfa786","url":"http://localhost:3000/api/analytics","method":"POST","msg":"analytics event","event":"page_view","sessionId":"7ef22187-ac78-4b6d-9549-0465b535ca70"}
{"level":30,"time":1778178074168,"pid":24628,"hostname":"Innocentius","requestId":"5e19919a-2d53-4b4f-a0b5-9a2c8f7419e6","url":"http://localhost:3000/api/analytics","method":"POST","msg":"analytics event","event":"station_detail_viewed","sessionId":"7ef22187-ac78-4b6d-9549-0465b535ca70"}
{"level":30,"time":1778178074170,"pid":24628,"hostname":"Innocentius","requestId":"82cd88f6-4836-46d0-9735-16381930c075","url":"http://localhost:3000/api/analytics","method":"POST","msg":"API success","duration":100,"query":{}}
{"level":30,"time":1778178074172,"pid":24628,"hostname":"Innocentius","requestId":"1dde6bde-5668-4a59-af28-e2d0a3bfa786","url":"http://localhost:3000/api/analytics","method":"POST","msg":"API success","duration":150,"query":{}}
{"level":30,"time":1778178074173,"pid":24628,"hostname":"Innocentius","requestId":"5e19919a-2d53-4b4f-a0b5-9a2c8f7419e6","url":"http://localhost:3000/api/analytics","method":"POST","msg":"API success","duration":200,"query":{}}
{"level":30,"time":1778178091098,"pid":24628,"hostname":"Innocentius","requestId":"56122774-0a33-45c9-b483-f197ef89952b","url":"http://localhost:3000/api/stations/all","method":"GET","msg":"API success","duration":50,"query":{}}
{"level":30,"time":1778178091153,"pid":24628,"hostname":"Innocentius","requestId":"9dc310dc-587a-492b-916b-df949b347842","url":"http://localhost:3000/api/measurements/new","method":"GET","msg":"API success","duration":0,"query":{}}
{"level":30,"time":1778178091302,"pid":24628,"hostname":"Innocentius","requestId":"b7e49378-513b-414c-b5cd-51f989523858","url":"http://localhost:3000/api/analytics","method":"POST","msg":"analytics event","event":"page_view","sessionId":"7ef22187-ac78-4b6d-9549-0465b535ca70"}
{"level":30,"time":1778178091303,"pid":24628,"hostname":"Innocentius","requestId":"b7e49378-513b-414c-b5cd-51f989523858","url":"http://localhost:3000/api/analytics","method":"POST","msg":"API success","duration":50,"query":{}}
{"level":30,"time":1778178091606,"pid":24628,"hostname":"Innocentius","requestId":"6f8a83b8-766b-408d-8eea-31cbd4b043b6","url":"http://localhost:3000/api/measurements/new","method":"GET","msg":"API success","duration":0,"query":{}}
{"level":30,"time":1778178091607,"pid":24628,"hostname":"Innocentius","requestId":"e88aaa91-e60f-41e0-8974-eb45e6df691c","url":"http://localhost:3000/api/measurements/new","method":"GET","msg":"API success","duration":100,"query":{}}
{"level":30,"time":1778178094988,"pid":24628,"hostname":"Innocentius","requestId":"0932c76a-be0c-4835-8f0a-757326913f05","url":"http://localhost:3000/api/analytics","method":"POST","msg":"analytics event","event":"map_station_selected","sessionId":"7ef22187-ac78-4b6d-9549-0465b535ca70"}
{"level":30,"time":1778178094989,"pid":24628,"hostname":"Innocentius","requestId":"0932c76a-be0c-4835-8f0a-757326913f05","url":"http://localhost:3000/api/analytics","method":"POST","msg":"API success","duration":100,"query":{}}
{"level":30,"time":1778178095024,"pid":24628,"hostname":"Innocentius","requestId":"e169b8c2-1759-495c-a663-d9d0984d5c7b","url":"http://localhost:3000/api/measurements?stationId=3","method":"GET","msg":"API success","duration":50,"query":{"stationId":"3"}}
{"level":30,"time":1778178095070,"pid":24628,"hostname":"Innocentius","requestId":"516a7577-1016-4b1e-8fe9-df5c11371cbc","url":"http://localhost:3000/api/measurements?stationId=3","method":"GET","msg":"API success","duration":0,"query":{"stationId":"3"}}
{"level":30,"time":1778178101435,"pid":24628,"hostname":"Innocentius","requestId":"fa61b349-8df9-4ca5-aac4-18523d070f7b","url":"http://localhost:3000/api/analytics","method":"POST","msg":"analytics event","event":"session_end","sessionId":"7ef22187-ac78-4b6d-9549-0465b535ca70"}
{"level":30,"time":1778178101436,"pid":24628,"hostname":"Innocentius","requestId":"fa61b349-8df9-4ca5-aac4-18523d070f7b","url":"http://localhost:3000/api/analytics","method":"POST","msg":"API success","duration":100,"query":{}}
{"level":30,"time":1778178102746,"pid":24628,"hostname":"Innocentius","requestId":"eacf91b5-c377-4097-b64a-fec6e4a50882","url":"http://localhost:3000/api/stations/all","method":"GET","msg":"API success","duration":0,"query":{}}
{"level":30,"time":1778178102781,"pid":24628,"hostname":"Innocentius","requestId":"bef91456-b757-4503-a1f2-4b8649ce2b07","url":"http://localhost:3000/api/measurements/new","method":"GET","msg":"API success","duration":0,"query":{}}
{"level":30,"time":1778178105031,"pid":24628,"hostname":"Innocentius","requestId":"542f5849-34c1-48ef-8fcd-79395361d41e","url":"http://localhost:3000/api/analytics","method":"POST","msg":"analytics event","event":"page_load_timing","sessionId":"7ef22187-ac78-4b6d-9549-0465b535ca70"}
{"level":30,"time":1778178105031,"pid":24628,"hostname":"Innocentius","requestId":"b82a8307-7911-4606-af14-7f1f769f7537","url":"http://localhost:3000/api/analytics","method":"POST","msg":"analytics event","event":"page_view","sessionId":"7ef22187-ac78-4b6d-9549-0465b535ca70"}
{"level":30,"time":1778178105032,"pid":24628,"hostname":"Innocentius","requestId":"542f5849-34c1-48ef-8fcd-79395361d41e","url":"http://localhost:3000/api/analytics","method":"POST","msg":"API success","duration":100,"query":{}}
{"level":30,"time":1778178105034,"pid":24628,"hostname":"Innocentius","requestId":"b82a8307-7911-4606-af14-7f1f769f7537","url":"http://localhost:3000/api/analytics","method":"POST","msg":"API success","duration":150,"query":{}}
{"level":30,"time":1778178105317,"pid":24628,"hostname":"Innocentius","requestId":"94404952-26fd-4de7-8110-589a5270adc7","url":"http://localhost:3000/api/measurements/new","method":"GET","msg":"API success","duration":0,"query":{}}
{"level":30,"time":1778178105331,"pid":24628,"hostname":"Innocentius","requestId":"4da1f191-4608-407a-b6b1-7ffa042895cd","url":"http://localhost:3000/api/measurements/new","method":"GET","msg":"API success","duration":0,"query":{}}
{"level":30,"time":1778178109109,"pid":24628,"hostname":"Innocentius","requestId":"011a4adc-b4dc-4c21-bacb-58a522d6261e","url":"http://localhost:3000/api/analytics","method":"POST","msg":"analytics event","event":"session_end","sessionId":"7ef22187-ac78-4b6d-9549-0465b535ca70"}
{"level":30,"time":1778178109112,"pid":24628,"hostname":"Innocentius","requestId":"011a4adc-b4dc-4c21-bacb-58a522d6261e","url":"http://localhost:3000/api/analytics","method":"POST","msg":"API success","duration":100,"query":{}}
{"level":30,"time":1778178117266,"pid":24628,"hostname":"Innocentius","requestId":"d1849b54-e009-4c0a-a857-2b36130f5db6","url":"http://localhost:3000/api/analytics","method":"POST","msg":"analytics event","event":"session_end","sessionId":"7ef22187-ac78-4b6d-9549-0465b535ca70"}
{"level":30,"time":1778178117267,"pid":24628,"hostname":"Innocentius","requestId":"d1849b54-e009-4c0a-a857-2b36130f5db6","url":"http://localhost:3000/api/analytics","method":"POST","msg":"API success","duration":150,"query":{}}
{"level":30,"time":1778178117499,"pid":24628,"hostname":"Innocentius","requestId":"d748d708-c2f4-450b-a5a0-5d62c8d622d4","url":"http://localhost:3000/api/stations/all","method":"GET","msg":"API success","duration":0,"query":{}}
{"level":30,"time":1778178117546,"pid":24628,"hostname":"Innocentius","requestId":"a3a46366-6c00-4fbb-95c5-513faac13c2f","url":"http://localhost:3000/api/measurements/new","method":"GET","msg":"API success","duration":0,"query":{}}
{"level":30,"time":1778178119127,"pid":24628,"hostname":"Innocentius","requestId":"c1e1c621-6215-4d55-be3a-ce6958ba8564","url":"http://localhost:3000/api/analytics","method":"POST","msg":"analytics event","event":"page_load_timing","sessionId":"7ef22187-ac78-4b6d-9549-0465b535ca70"}
{"level":30,"time":1778178119127,"pid":24628,"hostname":"Innocentius","requestId":"0cc4e9b2-869f-40cf-ab91-a2cb45de0e9d","url":"http://localhost:3000/api/analytics","method":"POST","msg":"analytics event","event":"page_view","sessionId":"7ef22187-ac78-4b6d-9549-0465b535ca70"}
{"level":30,"time":1778178119130,"pid":24628,"hostname":"Innocentius","requestId":"c1e1c621-6215-4d55-be3a-ce6958ba8564","url":"http://localhost:3000/api/analytics","method":"POST","msg":"API success","duration":100,"query":{}}
{"level":30,"time":1778178119131,"pid":24628,"hostname":"Innocentius","requestId":"0cc4e9b2-869f-40cf-ab91-a2cb45de0e9d","url":"http://localhost:3000/api/analytics","method":"POST","msg":"API success","duration":200,"query":{}}
{"level":30,"time":1778178119884,"pid":24628,"hostname":"Innocentius","requestId":"79e2a3b1-e14e-4186-8233-b80a4d300c7b","url":"http://localhost:3000/api/measurements/new","method":"GET","msg":"API success","duration":0,"query":{}}
{"level":30,"time":1778178119885,"pid":24628,"hostname":"Innocentius","requestId":"f2171152-ca1a-4f8d-8c09-2b9567a9c465","url":"http://localhost:3000/api/measurements/new","method":"GET","msg":"API success","duration":50,"query":{}}
{"level":30,"time":1778178119923,"pid":24628,"hostname":"Innocentius","requestId":"148c68cb-075a-46df-b85c-02686b973097","url":"http://localhost:3000/api/stations/all","method":"GET","msg":"API success","duration":0,"query":{}}
{"level":30,"time":1778178119989,"pid":24628,"hostname":"Innocentius","requestId":"3d95e856-27f6-452e-ada1-fe0631d894f7","url":"http://localhost:3000/api/measurements/new","method":"GET","msg":"API success","duration":0,"query":{}}
{"level":30,"time":1778178120110,"pid":24628,"hostname":"Innocentius","requestId":"832acdcb-2991-447b-a8ae-10ab4f5d402a","url":"http://localhost:3000/api/analytics","method":"POST","msg":"analytics event","event":"session_end","sessionId":"7ef22187-ac78-4b6d-9549-0465b535ca70"}
{"level":30,"time":1778178120112,"pid":24628,"hostname":"Innocentius","requestId":"832acdcb-2991-447b-a8ae-10ab4f5d402a","url":"http://localhost:3000/api/analytics","method":"POST","msg":"API success","duration":50,"query":{}}
{"level":30,"time":1778178121431,"pid":24628,"hostname":"Innocentius","requestId":"5df6150b-86e3-46d3-b754-7d6b6633f4f7","url":"http://localhost:3000/api/analytics","method":"POST","msg":"analytics event","event":"page_load_timing","sessionId":"7ef22187-ac78-4b6d-9549-0465b535ca70"}
{"level":30,"time":1778178121431,"pid":24628,"hostname":"Innocentius","requestId":"260d4044-6760-4089-9994-ef4dce046244","url":"http://localhost:3000/api/analytics","method":"POST","msg":"analytics event","event":"page_view","sessionId":"7ef22187-ac78-4b6d-9549-0465b535ca70"}
{"level":30,"time":1778178121432,"pid":24628,"hostname":"Innocentius","requestId":"5df6150b-86e3-46d3-b754-7d6b6633f4f7","url":"http://localhost:3000/api/analytics","method":"POST","msg":"API success","duration":150,"query":{}}
{"level":30,"time":1778178121433,"pid":24628,"hostname":"Innocentius","requestId":"260d4044-6760-4089-9994-ef4dce046244","url":"http://localhost:3000/api/analytics","method":"POST","msg":"API success","duration":200,"query":{}}
{"level":30,"time":1778178121617,"pid":24628,"hostname":"Innocentius","requestId":"26733b67-2cdf-4e3d-88de-f715de287372","url":"http://localhost:3000/api/measurements/new","method":"GET","msg":"API success","duration":0,"query":{}}
{"level":30,"time":1778178121618,"pid":24628,"hostname":"Innocentius","requestId":"2126ef69-7b9f-47e8-b810-3eece4e5e311","url":"http://localhost:3000/api/measurements/new","method":"GET","msg":"API success","duration":50,"query":{}}
{"level":30,"time":1778178127820,"pid":24628,"hostname":"Innocentius","requestId":"16e25e47-43f5-4939-b894-fc9076b9123c","url":"http://localhost:3000/api/analytics","method":"POST","msg":"analytics event","event":"map_zoom_changed","sessionId":"7ef22187-ac78-4b6d-9549-0465b535ca70"}
{"level":30,"time":1778178127821,"pid":24628,"hostname":"Innocentius","requestId":"16e25e47-43f5-4939-b894-fc9076b9123c","url":"http://localhost:3000/api/analytics","method":"POST","msg":"API success","duration":50,"query":{}}
{"level":30,"time":1778178128174,"pid":24628,"hostname":"Innocentius","requestId":"60d28d6c-cb13-4cc8-9013-fea4ee0151d4","url":"http://localhost:3000/api/analytics","method":"POST","msg":"analytics event","event":"map_zoom_changed","sessionId":"7ef22187-ac78-4b6d-9549-0465b535ca70"}
{"level":30,"time":1778178128176,"pid":24628,"hostname":"Innocentius","requestId":"60d28d6c-cb13-4cc8-9013-fea4ee0151d4","url":"http://localhost:3000/api/analytics","method":"POST","msg":"API success","duration":100,"query":{}}
{"level":30,"time":1778178129181,"pid":24628,"hostname":"Innocentius","requestId":"ec9c3b25-626b-4a3e-b3f7-cb672be13899","url":"http://localhost:3000/api/analytics","method":"POST","msg":"analytics event","event":"map_station_selected","sessionId":"7ef22187-ac78-4b6d-9549-0465b535ca70"}
{"level":30,"time":1778178129183,"pid":24628,"hostname":"Innocentius","requestId":"ec9c3b25-626b-4a3e-b3f7-cb672be13899","url":"http://localhost:3000/api/analytics","method":"POST","msg":"API success","duration":50,"query":{}}
{"level":30,"time":1778178129219,"pid":24628,"hostname":"Innocentius","requestId":"472d78cb-d6f6-43ca-b16b-a52484659927","url":"http://localhost:3000/api/measurements?stationId=2","method":"GET","msg":"API success","duration":50,"query":{"stationId":"2"}}
{"level":30,"time":1778178129263,"pid":24628,"hostname":"Innocentius","requestId":"217a54b4-8ed8-4f2f-b14f-2ea673fb3078","url":"http://localhost:3000/api/measurements?stationId=2","method":"GET","msg":"API success","duration":0,"query":{"stationId":"2"}}
{"level":30,"time":1778178135311,"pid":24628,"hostname":"Innocentius","requestId":"4d8c6a27-2662-49de-bb1e-34186486bc8e","url":"http://localhost:3000/api/analytics","method":"POST","msg":"analytics event","event":"session_end","sessionId":"7ef22187-ac78-4b6d-9549-0465b535ca70"}
{"level":30,"time":1778178135312,"pid":24628,"hostname":"Innocentius","requestId":"4d8c6a27-2662-49de-bb1e-34186486bc8e","url":"http://localhost:3000/api/analytics","method":"POST","msg":"API success","duration":150,"query":{}}
{"level":30,"time":1778178136133,"pid":24628,"hostname":"Innocentius","requestId":"8a8e959d-b601-4a54-ac12-ae0a3b28a939","url":"http://localhost:3000/api/stations/all","method":"GET","msg":"API success","duration":0,"query":{}}
{"level":30,"time":1778178136188,"pid":24628,"hostname":"Innocentius","requestId":"15e1c6c1-ed7b-424c-bc6f-9af6d1efd177","url":"http://localhost:3000/api/measurements/new","method":"GET","msg":"API success","duration":50,"query":{}}
{"level":30,"time":1778178137808,"pid":24628,"hostname":"Innocentius","requestId":"0f835bdf-e8c3-4be0-8bb6-5fee6024776d","url":"http://localhost:3000/api/analytics","method":"POST","msg":"analytics event","event":"page_load_timing","sessionId":"7ef22187-ac78-4b6d-9549-0465b535ca70"}
{"level":30,"time":1778178137808,"pid":24628,"hostname":"Innocentius","requestId":"d0ef0b36-fe22-48b2-88e3-c79a0569bdcd","url":"http://localhost:3000/api/analytics","method":"POST","msg":"analytics event","event":"page_view","sessionId":"7ef22187-ac78-4b6d-9549-0465b535ca70"}
{"level":30,"time":1778178137810,"pid":24628,"hostname":"Innocentius","requestId":"0f835bdf-e8c3-4be0-8bb6-5fee6024776d","url":"http://localhost:3000/api/analytics","method":"POST","msg":"API success","duration":100,"query":{}}
{"level":30,"time":1778178137810,"pid":24628,"hostname":"Innocentius","requestId":"d0ef0b36-fe22-48b2-88e3-c79a0569bdcd","url":"http://localhost:3000/api/analytics","method":"POST","msg":"API success","duration":150,"query":{}}
{"level":30,"time":1778178138030,"pid":24628,"hostname":"Innocentius","requestId":"b52f2b0e-7f31-4e21-a272-1cff366aa600","url":"http://localhost:3000/api/measurements/new","method":"GET","msg":"API success","duration":0,"query":{}}
{"level":30,"time":1778178138031,"pid":24628,"hostname":"Innocentius","requestId":"698d249e-6198-4fd1-b288-17f661adb2ac","url":"http://localhost:3000/api/measurements/new","method":"GET","msg":"API success","duration":50,"query":{}}
{"level":30,"time":1778178145416,"pid":24628,"hostname":"Innocentius","requestId":"fa4c7e79-8ab4-419e-ba44-df94aa3caa97","url":"http://localhost:3000/api/analytics","method":"POST","msg":"analytics event","event":"session_end","sessionId":"7ef22187-ac78-4b6d-9549-0465b535ca70"}
{"level":30,"time":1778178145417,"pid":24628,"hostname":"Innocentius","requestId":"fa4c7e79-8ab4-419e-ba44-df94aa3caa97","url":"http://localhost:3000/api/analytics","method":"POST","msg":"API success","duration":100,"query":{}}
{"level":30,"time":1778178145618,"pid":24628,"hostname":"Innocentius","requestId":"d2224d1c-f745-4304-8df8-1bcc409952da","url":"http://localhost:3000/api/stations/all","method":"GET","msg":"API success","duration":0,"query":{}}
{"level":30,"time":1778178145665,"pid":24628,"hostname":"Innocentius","requestId":"a65856c4-21cd-4b18-bb15-187d6b455cc0","url":"http://localhost:3000/api/measurements/new","method":"GET","msg":"API success","duration":0,"query":{}}
{"level":30,"time":1778178147050,"pid":24628,"hostname":"Innocentius","requestId":"fbb0fcd5-a7f8-4050-9100-1627803ad04e","url":"http://localhost:3000/api/analytics","method":"POST","msg":"analytics event","event":"page_load_timing","sessionId":"7ef22187-ac78-4b6d-9549-0465b535ca70"}
{"level":30,"time":1778178147050,"pid":24628,"hostname":"Innocentius","requestId":"4b9c20a8-1115-49fb-8a40-b3650b2d5512","url":"http://localhost:3000/api/analytics","method":"POST","msg":"analytics event","event":"page_view","sessionId":"7ef22187-ac78-4b6d-9549-0465b535ca70"}
{"level":30,"time":1778178147051,"pid":24628,"hostname":"Innocentius","requestId":"fbb0fcd5-a7f8-4050-9100-1627803ad04e","url":"http://localhost:3000/api/analytics","method":"POST","msg":"API success","duration":200,"query":{}}
{"level":30,"time":1778178147052,"pid":24628,"hostname":"Innocentius","requestId":"4b9c20a8-1115-49fb-8a40-b3650b2d5512","url":"http://localhost:3000/api/analytics","method":"POST","msg":"API success","duration":150,"query":{}}
{"level":30,"time":1778178147807,"pid":24628,"hostname":"Innocentius","requestId":"a16f4f69-4ece-4a9b-b550-c3fc0ecdc215","url":"http://localhost:3000/api/measurements/new","method":"GET","msg":"API success","duration":50,"query":{}}
{"level":30,"time":1778178147809,"pid":24628,"hostname":"Innocentius","requestId":"829f4397-4831-44a6-9868-b01618ff0c4e","url":"http://localhost:3000/api/measurements/new","method":"GET","msg":"API success","duration":50,"query":{}}
{"level":30,"time":1778178147853,"pid":24628,"hostname":"Innocentius","requestId":"18fbb57c-d1b7-449f-bbf4-438276fe6ae0","url":"http://localhost:3000/api/stations/all","method":"GET","msg":"API success","duration":0,"query":{}}
{"level":30,"time":1778178147905,"pid":24628,"hostname":"Innocentius","requestId":"3b136b6e-31d5-4b61-a377-6be27b3bd5cf","url":"http://localhost:3000/api/measurements/new","method":"GET","msg":"API success","duration":0,"query":{}}
{"level":30,"time":1778178148018,"pid":24628,"hostname":"Innocentius","requestId":"1177b235-33c6-4fec-b1a7-9a113170ef05","url":"http://localhost:3000/api/analytics","method":"POST","msg":"analytics event","event":"session_end","sessionId":"7ef22187-ac78-4b6d-9549-0465b535ca70"}
{"level":30,"time":1778178148019,"pid":24628,"hostname":"Innocentius","requestId":"1177b235-33c6-4fec-b1a7-9a113170ef05","url":"http://localhost:3000/api/analytics","method":"POST","msg":"API success","duration":50,"query":{}}
{"level":30,"time":1778178149294,"pid":24628,"hostname":"Innocentius","requestId":"fe60dc9b-c1fb-4e0b-bd82-c39a7f070a38","url":"http://localhost:3000/api/analytics","method":"POST","msg":"analytics event","event":"page_load_timing","sessionId":"7ef22187-ac78-4b6d-9549-0465b535ca70"}
{"level":30,"time":1778178149294,"pid":24628,"hostname":"Innocentius","requestId":"79d2bac9-466c-4078-9d10-9b1ec833185d","url":"http://localhost:3000/api/analytics","method":"POST","msg":"analytics event","event":"page_view","sessionId":"7ef22187-ac78-4b6d-9549-0465b535ca70"}
{"level":30,"time":1778178149295,"pid":24628,"hostname":"Innocentius","requestId":"fe60dc9b-c1fb-4e0b-bd82-c39a7f070a38","url":"http://localhost:3000/api/analytics","method":"POST","msg":"API success","duration":100,"query":{}}
{"level":30,"time":1778178149297,"pid":24628,"hostname":"Innocentius","requestId":"79d2bac9-466c-4078-9d10-9b1ec833185d","url":"http://localhost:3000/api/analytics","method":"POST","msg":"API success","duration":150,"query":{}}
{"level":30,"time":1778178149469,"pid":24628,"hostname":"Innocentius","requestId":"85904ca5-b884-4325-9a59-f3493d4bfab7","url":"http://localhost:3000/api/measurements/new","method":"GET","msg":"API success","duration":50,"query":{}}
{"level":30,"time":1778178149471,"pid":24628,"hostname":"Innocentius","requestId":"1a4f69cd-041f-4a05-b369-064145412762","url":"http://localhost:3000/api/measurements/new","method":"GET","msg":"API success","duration":100,"query":{}}
{"level":30,"time":1778178156366,"pid":24628,"hostname":"Innocentius","requestId":"e2fd163a-b532-4c60-824a-fad5e6204f83","url":"http://localhost:3000/api/stations/1","method":"GET","msg":"API success","duration":0,"query":{}}
{"level":30,"time":1778178156503,"pid":24628,"hostname":"Innocentius","requestId":"8ca0b885-6b23-49c9-b375-cc9e6c8943a5","url":"http://localhost:3000/api/measurements?stationId=1","method":"GET","msg":"API success","duration":0,"query":{"stationId":"1"}}
{"level":30,"time":1778178156537,"pid":24628,"hostname":"Innocentius","requestId":"d446416b-1222-454e-b4fa-7c450e8e11db","url":"http://localhost:3000/api/analytics","method":"POST","msg":"analytics event","event":"page_view","sessionId":"7ef22187-ac78-4b6d-9549-0465b535ca70"}
{"level":30,"time":1778178156537,"pid":24628,"hostname":"Innocentius","requestId":"a92db2eb-ada6-465e-9fee-2807b4a33999","url":"http://localhost:3000/api/analytics","method":"POST","msg":"analytics event","event":"station_detail_viewed","sessionId":"7ef22187-ac78-4b6d-9549-0465b535ca70"}
{"level":30,"time":1778178156537,"pid":24628,"hostname":"Innocentius","requestId":"fc149eef-05b1-4742-a5e1-3cfda5a68bf7","url":"http://localhost:3000/api/analytics","method":"POST","msg":"analytics event","event":"station_detail_viewed","sessionId":"7ef22187-ac78-4b6d-9549-0465b535ca70"}
{"level":30,"time":1778178156539,"pid":24628,"hostname":"Innocentius","requestId":"d446416b-1222-454e-b4fa-7c450e8e11db","url":"http://localhost:3000/api/analytics","method":"POST","msg":"API success","duration":250,"query":{}}
{"level":30,"time":1778178156540,"pid":24628,"hostname":"Innocentius","requestId":"a92db2eb-ada6-465e-9fee-2807b4a33999","url":"http://localhost:3000/api/analytics","method":"POST","msg":"API success","duration":250,"query":{}}
{"level":30,"time":1778178156542,"pid":24628,"hostname":"Innocentius","requestId":"fc149eef-05b1-4742-a5e1-3cfda5a68bf7","url":"http://localhost:3000/api/analytics","method":"POST","msg":"API success","duration":300,"query":{}}
{"level":30,"time":1778178156603,"pid":24628,"hostname":"Innocentius","requestId":"e263d386-982a-4fdb-ad3c-35795578ae19","url":"http://localhost:3000/api/measurements?stationId=1","method":"GET","msg":"API success","duration":0,"query":{"stationId":"1"}}
{"level":30,"time":1778178160954,"pid":24628,"hostname":"Innocentius","requestId":"7eaa47fd-3df1-4920-9bc3-4c45dbe23c1c","url":"http://localhost:3000/api/analytics","method":"POST","msg":"analytics event","event":"session_end","sessionId":"7ef22187-ac78-4b6d-9549-0465b535ca70"}
{"level":30,"time":1778178160956,"pid":24628,"hostname":"Innocentius","requestId":"7eaa47fd-3df1-4920-9bc3-4c45dbe23c1c","url":"http://localhost:3000/api/analytics","method":"POST","msg":"API success","duration":100,"query":{}}
{"level":30,"time":1778178162205,"pid":24628,"hostname":"Innocentius","requestId":"a70d41c4-4029-4047-8347-5b38d6156e39","url":"http://localhost:3000/api/stations/1","method":"GET","msg":"API success","duration":0,"query":{}}
{"level":30,"time":1778178163898,"pid":24628,"hostname":"Innocentius","requestId":"8e11198d-c91f-43e1-84cd-3fffe6943cab","url":"http://localhost:3000/api/analytics","method":"POST","msg":"analytics event","event":"page_load_timing","sessionId":"7ef22187-ac78-4b6d-9549-0465b535ca70"}
{"level":30,"time":1778178163899,"pid":24628,"hostname":"Innocentius","requestId":"39615ac3-a66f-4cc6-828b-e952ac7db926","url":"http://localhost:3000/api/analytics","method":"POST","msg":"analytics event","event":"page_view","sessionId":"7ef22187-ac78-4b6d-9549-0465b535ca70"}
{"level":30,"time":1778178163900,"pid":24628,"hostname":"Innocentius","requestId":"8e11198d-c91f-43e1-84cd-3fffe6943cab","url":"http://localhost:3000/api/analytics","method":"POST","msg":"API success","duration":250,"query":{}}
{"level":30,"time":1778178163901,"pid":24628,"hostname":"Innocentius","requestId":"39615ac3-a66f-4cc6-828b-e952ac7db926","url":"http://localhost:3000/api/analytics","method":"POST","msg":"API success","duration":150,"query":{}}
{"level":30,"time":1778178163922,"pid":24628,"hostname":"Innocentius","requestId":"84e03fcb-c81b-4f57-b4f2-e30ee4ee64b8","url":"http://localhost:3000/api/analytics","method":"POST","msg":"analytics event","event":"station_detail_viewed","sessionId":"7ef22187-ac78-4b6d-9549-0465b535ca70"}
{"level":30,"time":1778178163923,"pid":24628,"hostname":"Innocentius","requestId":"84e03fcb-c81b-4f57-b4f2-e30ee4ee64b8","url":"http://localhost:3000/api/analytics","method":"POST","msg":"API success","duration":50,"query":{}}
{"level":30,"time":1778178163938,"pid":24628,"hostname":"Innocentius","requestId":"34db723a-8abd-47fd-b360-fd9cc90620f6","url":"http://localhost:3000/api/measurements?stationId=1","method":"GET","msg":"API success","duration":0,"query":{"stationId":"1"}}
{"level":30,"time":1778178172659,"pid":24628,"hostname":"Innocentius","requestId":"89d08b5d-4820-4fa7-9297-fa23e7675b69","url":"http://localhost:3000/api/analytics","method":"POST","msg":"analytics event","event":"session_end","sessionId":"7ef22187-ac78-4b6d-9549-0465b535ca70"}
{"level":30,"time":1778178172661,"pid":24628,"hostname":"Innocentius","requestId":"89d08b5d-4820-4fa7-9297-fa23e7675b69","url":"http://localhost:3000/api/analytics","method":"POST","msg":"API success","duration":100,"query":{}}
{"level":30,"time":1778178172908,"pid":24628,"hostname":"Innocentius","requestId":"8681077f-1539-4d46-8432-fecf9979fb08","url":"http://localhost:3000/api/stations/1","method":"GET","msg":"API success","duration":0,"query":{}}
{"level":30,"time":1778178174679,"pid":24628,"hostname":"Innocentius","requestId":"bac31701-8952-4ae9-a0d9-cf76dba6fabd","url":"http://localhost:3000/api/measurements?stationId=1","method":"GET","msg":"API success","duration":0,"query":{"stationId":"1"}}
{"level":30,"time":1778178174715,"pid":24628,"hostname":"Innocentius","requestId":"b0db0e36-7967-45af-97a6-c5fbda166d9d","url":"http://localhost:3000/api/analytics","method":"POST","msg":"analytics event","event":"page_load_timing","sessionId":"7ef22187-ac78-4b6d-9549-0465b535ca70"}
{"level":30,"time":1778178174715,"pid":24628,"hostname":"Innocentius","requestId":"456e271f-582c-43bc-ba46-22a6c618f3af","url":"http://localhost:3000/api/analytics","method":"POST","msg":"analytics event","event":"page_view","sessionId":"7ef22187-ac78-4b6d-9549-0465b535ca70"}
{"level":30,"time":1778178174715,"pid":24628,"hostname":"Innocentius","requestId":"cd2ddd53-7e05-4e01-8d14-d45b035dd621","url":"http://localhost:3000/api/analytics","method":"POST","msg":"analytics event","event":"station_detail_viewed","sessionId":"7ef22187-ac78-4b6d-9549-0465b535ca70"}
{"level":30,"time":1778178174716,"pid":24628,"hostname":"Innocentius","requestId":"b0db0e36-7967-45af-97a6-c5fbda166d9d","url":"http://localhost:3000/api/analytics","method":"POST","msg":"API success","duration":200,"query":{}}
{"level":30,"time":1778178174718,"pid":24628,"hostname":"Innocentius","requestId":"456e271f-582c-43bc-ba46-22a6c618f3af","url":"http://localhost:3000/api/analytics","method":"POST","msg":"API success","duration":250,"query":{}}
{"level":30,"time":1778178174720,"pid":24628,"hostname":"Innocentius","requestId":"cd2ddd53-7e05-4e01-8d14-d45b035dd621","url":"http://localhost:3000/api/analytics","method":"POST","msg":"API success","duration":300,"query":{}}
{"level":30,"time":1778178176076,"pid":24628,"hostname":"Innocentius","requestId":"7f8dc021-f0e9-49ad-8dd9-075c31c5e40a","url":"http://localhost:3000/api/stations/1","method":"GET","msg":"API success","duration":0,"query":{}}
{"level":30,"time":1778178176236,"pid":24628,"hostname":"Innocentius","requestId":"eefbcb4c-3f5a-488d-8b17-162bd33036d8","url":"http://localhost:3000/api/analytics","method":"POST","msg":"analytics event","event":"session_end","sessionId":"7ef22187-ac78-4b6d-9549-0465b535ca70"}
{"level":30,"time":1778178176238,"pid":24628,"hostname":"Innocentius","requestId":"eefbcb4c-3f5a-488d-8b17-162bd33036d8","url":"http://localhost:3000/api/analytics","method":"POST","msg":"API success","duration":50,"query":{}}
{"level":30,"time":1778178177803,"pid":24628,"hostname":"Innocentius","requestId":"38bb207a-9150-4241-849b-c5e8f180d3f8","url":"http://localhost:3000/api/measurements?stationId=1","method":"GET","msg":"API success","duration":50,"query":{"stationId":"1"}}
{"level":30,"time":1778178177839,"pid":24628,"hostname":"Innocentius","requestId":"e6a81d21-796c-4e2e-a0ad-d54f00b8737a","url":"http://localhost:3000/api/analytics","method":"POST","msg":"analytics event","event":"page_load_timing","sessionId":"7ef22187-ac78-4b6d-9549-0465b535ca70"}
{"level":30,"time":1778178177839,"pid":24628,"hostname":"Innocentius","requestId":"2b16b0c1-dfbf-40fb-9e4f-b6861bf43d51","url":"http://localhost:3000/api/analytics","method":"POST","msg":"analytics event","event":"page_view","sessionId":"7ef22187-ac78-4b6d-9549-0465b535ca70"}
{"level":30,"time":1778178177839,"pid":24628,"hostname":"Innocentius","requestId":"a014fbb3-93f1-48fd-8bcc-c15aa5503531","url":"http://localhost:3000/api/analytics","method":"POST","msg":"analytics event","event":"station_detail_viewed","sessionId":"7ef22187-ac78-4b6d-9549-0465b535ca70"}
{"level":30,"time":1778178177841,"pid":24628,"hostname":"Innocentius","requestId":"e6a81d21-796c-4e2e-a0ad-d54f00b8737a","url":"http://localhost:3000/api/analytics","method":"POST","msg":"API success","duration":200,"query":{}}
{"level":30,"time":1778178177842,"pid":24628,"hostname":"Innocentius","requestId":"2b16b0c1-dfbf-40fb-9e4f-b6861bf43d51","url":"http://localhost:3000/api/analytics","method":"POST","msg":"API success","duration":250,"query":{}}
{"level":30,"time":1778178177844,"pid":24628,"hostname":"Innocentius","requestId":"a014fbb3-93f1-48fd-8bcc-c15aa5503531","url":"http://localhost:3000/api/analytics","method":"POST","msg":"API success","duration":350,"query":{}}
{"level":30,"time":1778178182774,"pid":24628,"hostname":"Innocentius","requestId":"dbec1914-796e-4626-a0e7-30b1f331021d","url":"http://localhost:3000/api/analytics","method":"POST","msg":"analytics event","event":"session_end","sessionId":"7ef22187-ac78-4b6d-9549-0465b535ca70"}
{"level":30,"time":1778178182776,"pid":24628,"hostname":"Innocentius","requestId":"dbec1914-796e-4626-a0e7-30b1f331021d","url":"http://localhost:3000/api/analytics","method":"POST","msg":"API success","duration":50,"query":{}}
{"level":30,"time":1778178184030,"pid":24628,"hostname":"Innocentius","requestId":"3b7a8e70-6cb7-4811-af1b-7ecbad6fa8f9","url":"http://localhost:3000/api/stations/1","method":"GET","msg":"API success","duration":0,"query":{}}
{"level":30,"time":1778178186699,"pid":24628,"hostname":"Innocentius","requestId":"fccce3db-21cc-4cb5-9361-27909d378882","url":"http://localhost:3000/api/analytics","method":"POST","msg":"analytics event","event":"page_load_timing","sessionId":"7ef22187-ac78-4b6d-9549-0465b535ca70"}
{"level":30,"time":1778178186699,"pid":24628,"hostname":"Innocentius","requestId":"1a73617a-3a25-4143-b616-736e854562a9","url":"http://localhost:3000/api/analytics","method":"POST","msg":"analytics event","event":"page_view","sessionId":"7ef22187-ac78-4b6d-9549-0465b535ca70"}
{"level":30,"time":1778178186701,"pid":24628,"hostname":"Innocentius","requestId":"fccce3db-21cc-4cb5-9361-27909d378882","url":"http://localhost:3000/api/analytics","method":"POST","msg":"API success","duration":150,"query":{}}
{"level":30,"time":1778178186704,"pid":24628,"hostname":"Innocentius","requestId":"1a73617a-3a25-4143-b616-736e854562a9","url":"http://localhost:3000/api/analytics","method":"POST","msg":"API success","duration":250,"query":{}}
{"level":30,"time":1778178186741,"pid":24628,"hostname":"Innocentius","requestId":"8c674c40-157c-4534-a291-48c9d5187d93","url":"http://localhost:3000/api/analytics","method":"POST","msg":"analytics event","event":"station_detail_viewed","sessionId":"7ef22187-ac78-4b6d-9549-0465b535ca70"}
{"level":30,"time":1778178186742,"pid":24628,"hostname":"Innocentius","requestId":"8c674c40-157c-4534-a291-48c9d5187d93","url":"http://localhost:3000/api/analytics","method":"POST","msg":"API success","duration":100,"query":{}}
{"level":30,"time":1778178186763,"pid":24628,"hostname":"Innocentius","requestId":"cabe0f34-f772-44a9-bf2e-c6df63067620","url":"http://localhost:3000/api/measurements?stationId=1","method":"GET","msg":"API success","duration":0,"query":{"stationId":"1"}}
{"level":30,"time":1778178195899,"pid":24628,"hostname":"Innocentius","requestId":"bd518b0c-9c31-4e51-9a93-8de51192dd66","url":"http://localhost:3000/api/analytics","method":"POST","msg":"analytics event","event":"session_end","sessionId":"7ef22187-ac78-4b6d-9549-0465b535ca70"}
{"level":30,"time":1778178195900,"pid":24628,"hostname":"Innocentius","requestId":"bd518b0c-9c31-4e51-9a93-8de51192dd66","url":"http://localhost:3000/api/analytics","method":"POST","msg":"API success","duration":100,"query":{}}
{"level":30,"time":1778178196194,"pid":24628,"hostname":"Innocentius","requestId":"fd1b1c41-3188-4a69-bdda-3410208ca74e","url":"http://localhost:3000/api/stations/1","method":"GET","msg":"API success","duration":0,"query":{}}
{"level":30,"time":1778178198032,"pid":24628,"hostname":"Innocentius","requestId":"b0f219ef-7bd4-4e8c-a99a-4c266ace3a88","url":"http://localhost:3000/api/measurements?stationId=1","method":"GET","msg":"API success","duration":50,"query":{"stationId":"1"}}
{"level":30,"time":1778178198063,"pid":24628,"hostname":"Innocentius","requestId":"683b1765-0999-4ff2-abe2-544c19ade697","url":"http://localhost:3000/api/analytics","method":"POST","msg":"analytics event","event":"page_load_timing","sessionId":"7ef22187-ac78-4b6d-9549-0465b535ca70"}
{"level":30,"time":1778178198063,"pid":24628,"hostname":"Innocentius","requestId":"16fa453b-92ca-44a2-8bb6-a4336bfbd485","url":"http://localhost:3000/api/analytics","method":"POST","msg":"analytics event","event":"page_view","sessionId":"7ef22187-ac78-4b6d-9549-0465b535ca70"}
{"level":30,"time":1778178198063,"pid":24628,"hostname":"Innocentius","requestId":"8309a9e2-567e-409b-ba91-570e23650de8","url":"http://localhost:3000/api/analytics","method":"POST","msg":"analytics event","event":"station_detail_viewed","sessionId":"7ef22187-ac78-4b6d-9549-0465b535ca70"}
{"level":30,"time":1778178198064,"pid":24628,"hostname":"Innocentius","requestId":"683b1765-0999-4ff2-abe2-544c19ade697","url":"http://localhost:3000/api/analytics","method":"POST","msg":"API success","duration":250,"query":{}}
{"level":30,"time":1778178198066,"pid":24628,"hostname":"Innocentius","requestId":"16fa453b-92ca-44a2-8bb6-a4336bfbd485","url":"http://localhost:3000/api/analytics","method":"POST","msg":"API success","duration":300,"query":{}}
{"level":30,"time":1778178198068,"pid":24628,"hostname":"Innocentius","requestId":"8309a9e2-567e-409b-ba91-570e23650de8","url":"http://localhost:3000/api/analytics","method":"POST","msg":"API success","duration":300,"query":{}}
{"level":30,"time":1778178199674,"pid":24628,"hostname":"Innocentius","requestId":"b61192c6-44ad-487a-9558-69f7f5e4ef00","url":"http://localhost:3000/api/stations/1","method":"GET","msg":"API success","duration":50,"query":{}}
{"level":30,"time":1778178199866,"pid":24628,"hostname":"Innocentius","requestId":"a767407f-f0f5-4bad-ae23-3d6594bc5c74","url":"http://localhost:3000/api/analytics","method":"POST","msg":"analytics event","event":"session_end","sessionId":"7ef22187-ac78-4b6d-9549-0465b535ca70"}
{"level":30,"time":1778178199867,"pid":24628,"hostname":"Innocentius","requestId":"a767407f-f0f5-4bad-ae23-3d6594bc5c74","url":"http://localhost:3000/api/analytics","method":"POST","msg":"API success","duration":100,"query":{}}
{"level":30,"time":1778178201255,"pid":24628,"hostname":"Innocentius","requestId":"d16cd26d-758b-41c2-97a8-64b93b929c4b","url":"http://localhost:3000/api/measurements?stationId=1","method":"GET","msg":"API success","duration":50,"query":{"stationId":"1"}}
{"level":30,"time":1778178201291,"pid":24628,"hostname":"Innocentius","requestId":"68f16fd0-452f-481b-8e09-c02ee1f91170","url":"http://localhost:3000/api/analytics","method":"POST","msg":"analytics event","event":"page_load_timing","sessionId":"7ef22187-ac78-4b6d-9549-0465b535ca70"}
{"level":30,"time":1778178201291,"pid":24628,"hostname":"Innocentius","requestId":"21a35ac3-646c-453a-ac09-2c779517046d","url":"http://localhost:3000/api/analytics","method":"POST","msg":"analytics event","event":"page_view","sessionId":"7ef22187-ac78-4b6d-9549-0465b535ca70"}
{"level":30,"time":1778178201291,"pid":24628,"hostname":"Innocentius","requestId":"d7dd1a47-57d1-44c8-b86c-6a52065ae07b","url":"http://localhost:3000/api/analytics","method":"POST","msg":"analytics event","event":"station_detail_viewed","sessionId":"7ef22187-ac78-4b6d-9549-0465b535ca70"}
{"level":30,"time":1778178201292,"pid":24628,"hostname":"Innocentius","requestId":"68f16fd0-452f-481b-8e09-c02ee1f91170","url":"http://localhost:3000/api/analytics","method":"POST","msg":"API success","duration":150,"query":{}}
{"level":30,"time":1778178201293,"pid":24628,"hostname":"Innocentius","requestId":"21a35ac3-646c-453a-ac09-2c779517046d","url":"http://localhost:3000/api/analytics","method":"POST","msg":"API success","duration":150,"query":{}}
{"level":30,"time":1778178201296,"pid":24628,"hostname":"Innocentius","requestId":"d7dd1a47-57d1-44c8-b86c-6a52065ae07b","url":"http://localhost:3000/api/analytics","method":"POST","msg":"API success","duration":250,"query":{}}
{"level":30,"time":1778178205186,"pid":24628,"hostname":"Innocentius","requestId":"f28988a4-eaf3-429e-b8e3-e4f74389fc99","url":"http://localhost:3000/api/analytics","method":"POST","msg":"analytics event","event":"session_end","sessionId":"7ef22187-ac78-4b6d-9549-0465b535ca70"}
{"level":30,"time":1778178205187,"pid":24628,"hostname":"Innocentius","requestId":"f28988a4-eaf3-429e-b8e3-e4f74389fc99","url":"http://localhost:3000/api/analytics","method":"POST","msg":"API success","duration":50,"query":{}}
{"level":30,"time":1778178218145,"pid":24628,"hostname":"Innocentius","requestId":"deaecf05-f0fd-4105-b611-ce89de225dd5","url":"http://localhost:3000/api/stations/1","method":"GET","msg":"API success","duration":50,"query":{}}
{"level":30,"time":1778178218425,"pid":24628,"hostname":"Innocentius","requestId":"c603524b-3191-4b5b-8ff4-ec222847fb73","url":"http://localhost:3000/api/analytics","method":"POST","msg":"analytics event","event":"session_end","sessionId":"7ef22187-ac78-4b6d-9549-0465b535ca70"}
{"level":30,"time":1778178218426,"pid":24628,"hostname":"Innocentius","requestId":"c603524b-3191-4b5b-8ff4-ec222847fb73","url":"http://localhost:3000/api/analytics","method":"POST","msg":"API success","duration":100,"query":{}}
{"level":30,"time":1778178219393,"pid":24628,"hostname":"Innocentius","requestId":"32634a48-962e-4e25-8966-1e8dee34a684","url":"http://localhost:3000/api/measurements?stationId=1","method":"GET","msg":"API success","duration":50,"query":{"stationId":"1"}}
{"level":30,"time":1778178219425,"pid":24628,"hostname":"Innocentius","requestId":"53f865af-10eb-4258-9f60-6dd639efce05","url":"http://localhost:3000/api/analytics","method":"POST","msg":"analytics event","event":"page_load_timing","sessionId":"7ef22187-ac78-4b6d-9549-0465b535ca70"}
{"level":30,"time":1778178219425,"pid":24628,"hostname":"Innocentius","requestId":"645da58e-6b9e-4bbd-a375-03a0cf57b67e","url":"http://localhost:3000/api/analytics","method":"POST","msg":"analytics event","event":"page_view","sessionId":"7ef22187-ac78-4b6d-9549-0465b535ca70"}
{"level":30,"time":1778178219425,"pid":24628,"hostname":"Innocentius","requestId":"5318b94f-9404-407a-8363-e7720ea6e3b3","url":"http://localhost:3000/api/analytics","method":"POST","msg":"analytics event","event":"station_detail_viewed","sessionId":"7ef22187-ac78-4b6d-9549-0465b535ca70"}
{"level":30,"time":1778178219426,"pid":24628,"hostname":"Innocentius","requestId":"53f865af-10eb-4258-9f60-6dd639efce05","url":"http://localhost:3000/api/analytics","method":"POST","msg":"API success","duration":250,"query":{}}
{"level":30,"time":1778178219427,"pid":24628,"hostname":"Innocentius","requestId":"645da58e-6b9e-4bbd-a375-03a0cf57b67e","url":"http://localhost:3000/api/analytics","method":"POST","msg":"API success","duration":250,"query":{}}
{"level":30,"time":1778178219429,"pid":24628,"hostname":"Innocentius","requestId":"5318b94f-9404-407a-8363-e7720ea6e3b3","url":"http://localhost:3000/api/analytics","method":"POST","msg":"API success","duration":250,"query":{}}
{"level":30,"time":1778178223082,"pid":24628,"hostname":"Innocentius","requestId":"5d74a3d5-8bad-4540-a461-d8c83711bf8a","url":"http://localhost:3000/api/analytics","method":"POST","msg":"analytics event","event":"session_end","sessionId":"7ef22187-ac78-4b6d-9549-0465b535ca70"}
{"level":30,"time":1778178223083,"pid":24628,"hostname":"Innocentius","requestId":"5d74a3d5-8bad-4540-a461-d8c83711bf8a","url":"http://localhost:3000/api/analytics","method":"POST","msg":"API success","duration":50,"query":{}}
{"level":30,"time":1778178224376,"pid":24628,"hostname":"Innocentius","requestId":"fc72c5b3-a008-443a-8283-33cb80dd456d","url":"http://localhost:3000/api/stations/1","method":"GET","msg":"API success","duration":50,"query":{}}
{"level":30,"time":1778178226158,"pid":24628,"hostname":"Innocentius","requestId":"1fdac92a-fd26-4812-8b4e-3406b335dfaa","url":"http://localhost:3000/api/analytics","method":"POST","msg":"analytics event","event":"page_load_timing","sessionId":"7ef22187-ac78-4b6d-9549-0465b535ca70"}
{"level":30,"time":1778178226158,"pid":24628,"hostname":"Innocentius","requestId":"83305285-3dde-4e79-8b55-c3f5ce6c573b","url":"http://localhost:3000/api/analytics","method":"POST","msg":"analytics event","event":"page_view","sessionId":"7ef22187-ac78-4b6d-9549-0465b535ca70"}
{"level":30,"time":1778178226160,"pid":24628,"hostname":"Innocentius","requestId":"1fdac92a-fd26-4812-8b4e-3406b335dfaa","url":"http://localhost:3000/api/analytics","method":"POST","msg":"API success","duration":150,"query":{}}
{"level":30,"time":1778178226162,"pid":24628,"hostname":"Innocentius","requestId":"83305285-3dde-4e79-8b55-c3f5ce6c573b","url":"http://localhost:3000/api/analytics","method":"POST","msg":"API success","duration":150,"query":{}}
{"level":30,"time":1778178226189,"pid":24628,"hostname":"Innocentius","requestId":"592465e9-2ed8-408b-b3d8-212f342d744a","url":"http://localhost:3000/api/measurements?stationId=1","method":"GET","msg":"API success","duration":0,"query":{"stationId":"1"}}
{"level":30,"time":1778178226203,"pid":24628,"hostname":"Innocentius","requestId":"f9ccc6b2-d5f4-4a5c-9969-ef67f4de5b27","url":"http://localhost:3000/api/analytics","method":"POST","msg":"analytics event","event":"station_detail_viewed","sessionId":"7ef22187-ac78-4b6d-9549-0465b535ca70"}
{"level":30,"time":1778178226204,"pid":24628,"hostname":"Innocentius","requestId":"f9ccc6b2-d5f4-4a5c-9969-ef67f4de5b27","url":"http://localhost:3000/api/analytics","method":"POST","msg":"API success","duration":100,"query":{}}
{"level":30,"time":1778178235580,"pid":24628,"hostname":"Innocentius","requestId":"7ed36515-d190-4b67-98e4-f70181eb5441","url":"http://localhost:3000/api/analytics","method":"POST","msg":"analytics event","event":"session_end","sessionId":"7ef22187-ac78-4b6d-9549-0465b535ca70"}
{"level":30,"time":1778178235584,"pid":24628,"hostname":"Innocentius","requestId":"7ed36515-d190-4b67-98e4-f70181eb5441","url":"http://localhost:3000/api/analytics","method":"POST","msg":"API success","duration":100,"query":{}}
{"level":30,"time":1778178236035,"pid":24628,"hostname":"Innocentius","requestId":"fc3c2965-036a-4284-9b35-f9626a7e1187","url":"http://localhost:3000/api/stations/1","method":"GET","msg":"API success","duration":250,"query":{}}
{"level":30,"time":1778178238295,"pid":24628,"hostname":"Innocentius","requestId":"3deb6654-2cfe-4702-a518-b7d8b31438ff","url":"http://localhost:3000/api/measurements?stationId=1","method":"GET","msg":"API success","duration":0,"query":{"stationId":"1"}}
{"level":30,"time":1778178238338,"pid":24628,"hostname":"Innocentius","requestId":"20f3d3db-4292-4f97-8df4-f4cf59b69c2c","url":"http://localhost:3000/api/analytics","method":"POST","msg":"analytics event","event":"page_load_timing","sessionId":"7ef22187-ac78-4b6d-9549-0465b535ca70"}
{"level":30,"time":1778178238339,"pid":24628,"hostname":"Innocentius","requestId":"3a1eff0f-934e-41aa-83eb-afcd2496722b","url":"http://localhost:3000/api/analytics","method":"POST","msg":"analytics event","event":"page_view","sessionId":"7ef22187-ac78-4b6d-9549-0465b535ca70"}
{"level":30,"time":1778178238339,"pid":24628,"hostname":"Innocentius","requestId":"453fa77e-3235-47d3-b53c-4d94b59c6f0d","url":"http://localhost:3000/api/analytics","method":"POST","msg":"analytics event","event":"station_detail_viewed","sessionId":"7ef22187-ac78-4b6d-9549-0465b535ca70"}
{"level":30,"time":1778178238340,"pid":24628,"hostname":"Innocentius","requestId":"20f3d3db-4292-4f97-8df4-f4cf59b69c2c","url":"http://localhost:3000/api/analytics","method":"POST","msg":"API success","duration":300,"query":{}}
{"level":30,"time":1778178238342,"pid":24628,"hostname":"Innocentius","requestId":"3a1eff0f-934e-41aa-83eb-afcd2496722b","url":"http://localhost:3000/api/analytics","method":"POST","msg":"API success","duration":250,"query":{}}
{"level":30,"time":1778178238344,"pid":24628,"hostname":"Innocentius","requestId":"453fa77e-3235-47d3-b53c-4d94b59c6f0d","url":"http://localhost:3000/api/analytics","method":"POST","msg":"API success","duration":300,"query":{}}
{"level":30,"time":1778178239181,"pid":24628,"hostname":"Innocentius","requestId":"6961ab01-c307-484f-9f14-70746e866577","url":"http://localhost:3000/api/stations/1","method":"GET","msg":"API success","duration":0,"query":{}}
{"level":30,"time":1778178239372,"pid":24628,"hostname":"Innocentius","requestId":"faa73bee-2a43-4414-9758-98d668fd5d62","url":"http://localhost:3000/api/analytics","method":"POST","msg":"analytics event","event":"session_end","sessionId":"7ef22187-ac78-4b6d-9549-0465b535ca70"}
{"level":30,"time":1778178239375,"pid":24628,"hostname":"Innocentius","requestId":"faa73bee-2a43-4414-9758-98d668fd5d62","url":"http://localhost:3000/api/analytics","method":"POST","msg":"API success","duration":150,"query":{}}
{"level":30,"time":1778178240927,"pid":24628,"hostname":"Innocentius","requestId":"c515c490-4b9a-406f-a827-51c9bd59a724","url":"http://localhost:3000/api/measurements?stationId=1","method":"GET","msg":"API success","duration":0,"query":{"stationId":"1"}}
{"level":30,"time":1778178240976,"pid":24628,"hostname":"Innocentius","requestId":"e424ca83-c84d-4802-a663-2184934c9b59","url":"http://localhost:3000/api/analytics","method":"POST","msg":"analytics event","event":"page_load_timing","sessionId":"7ef22187-ac78-4b6d-9549-0465b535ca70"}
{"level":30,"time":1778178240976,"pid":24628,"hostname":"Innocentius","requestId":"c5211cc3-c193-4ec0-9a53-587bf73efe4b","url":"http://localhost:3000/api/analytics","method":"POST","msg":"analytics event","event":"page_view","sessionId":"7ef22187-ac78-4b6d-9549-0465b535ca70"}
{"level":30,"time":1778178240976,"pid":24628,"hostname":"Innocentius","requestId":"9aa6f6b9-6862-4bfe-b9e8-02c93c5d4230","url":"http://localhost:3000/api/analytics","method":"POST","msg":"analytics event","event":"station_detail_viewed","sessionId":"7ef22187-ac78-4b6d-9549-0465b535ca70"}
{"level":30,"time":1778178240978,"pid":24628,"hostname":"Innocentius","requestId":"e424ca83-c84d-4802-a663-2184934c9b59","url":"http://localhost:3000/api/analytics","method":"POST","msg":"API success","duration":250,"query":{}}
{"level":30,"time":1778178240980,"pid":24628,"hostname":"Innocentius","requestId":"c5211cc3-c193-4ec0-9a53-587bf73efe4b","url":"http://localhost:3000/api/analytics","method":"POST","msg":"API success","duration":300,"query":{}}
{"level":30,"time":1778178240982,"pid":24628,"hostname":"Innocentius","requestId":"9aa6f6b9-6862-4bfe-b9e8-02c93c5d4230","url":"http://localhost:3000/api/analytics","method":"POST","msg":"API success","duration":300,"query":{}}
{"level":30,"time":1778178243493,"pid":24628,"hostname":"Innocentius","requestId":"581bee58-f65e-4f42-b73f-98ba826887e9","url":"http://localhost:3000/api/analytics","method":"POST","msg":"analytics event","event":"session_end","sessionId":"7ef22187-ac78-4b6d-9549-0465b535ca70"}
{"level":30,"time":1778178243494,"pid":24628,"hostname":"Innocentius","requestId":"581bee58-f65e-4f42-b73f-98ba826887e9","url":"http://localhost:3000/api/analytics","method":"POST","msg":"API success","duration":100,"query":{}}
{"level":30,"time":1778178261114,"pid":24628,"hostname":"Innocentius","requestId":"0b1fd7f7-ae3a-40d6-86dc-03917ecd998c","url":"http://localhost:3000/api/analytics","method":"POST","msg":"analytics event","event":"session_end","sessionId":"7ef22187-ac78-4b6d-9549-0465b535ca70"}
{"level":30,"time":1778178261116,"pid":24628,"hostname":"Innocentius","requestId":"0b1fd7f7-ae3a-40d6-86dc-03917ecd998c","url":"http://localhost:3000/api/analytics","method":"POST","msg":"API success","duration":400,"query":{}}
{"level":30,"time":1778178270589,"pid":24628,"hostname":"Innocentius","requestId":"b80d8938-4207-419b-8c1c-640ac41d5a2b","url":"http://localhost:3000/api/analytics","method":"POST","msg":"analytics event","event":"session_end","sessionId":"7ef22187-ac78-4b6d-9549-0465b535ca70"}
{"level":30,"time":1778178270591,"pid":24628,"hostname":"Innocentius","requestId":"b80d8938-4207-419b-8c1c-640ac41d5a2b","url":"http://localhost:3000/api/analytics","method":"POST","msg":"API success","duration":100,"query":{}}
{"level":30,"time":1778178728508,"pid":24628,"hostname":"Innocentius","requestId":"7c8ef158-cb7a-493f-99b5-228b2fe3590b","url":"http://localhost:3000/api/measurements?stationId=2","method":"GET","msg":"API success","duration":0,"query":{"stationId":"2"}}
{"level":30,"time":1778178728574,"pid":24628,"hostname":"Innocentius","requestId":"74825bd3-c0e5-4249-9659-53593afdde14","url":"http://localhost:3000/api/analytics","method":"POST","msg":"analytics event","event":"session_end","sessionId":"7ef22187-ac78-4b6d-9549-0465b535ca70"}
{"level":30,"time":1778178728575,"pid":24628,"hostname":"Innocentius","requestId":"74825bd3-c0e5-4249-9659-53593afdde14","url":"http://localhost:3000/api/analytics","method":"POST","msg":"API success","duration":50,"query":{}}
{"level":30,"time":1778179932403,"pid":24628,"hostname":"Innocentius","requestId":"e4ed2c94-255a-41c2-b1bc-060dff62ed88","url":"http://localhost:3000/api/stations/1","method":"GET","msg":"API success","duration":0,"query":{}}
{"level":30,"time":1778179935725,"pid":24628,"hostname":"Innocentius","requestId":"111c17da-2abe-4712-8d9f-496b30f323ba","url":"http://localhost:3000/api/measurements?stationId=1","method":"GET","msg":"API success","duration":100,"query":{"stationId":"1"}}
{"level":30,"time":1778179937478,"pid":24628,"hostname":"Innocentius","requestId":"4ea0596d-f098-4a32-9530-e6fb4f712b2e","url":"http://localhost:3000/api/stations/all","method":"GET","msg":"API success","duration":50,"query":{}}
{"level":30,"time":1778179938674,"pid":24628,"hostname":"Innocentius","requestId":"e0559ac5-df56-4ff8-83b4-034a58852350","url":"http://localhost:3000/api/measurements/new","method":"GET","msg":"API success","duration":0,"query":{}}
{"level":30,"time":1778179941761,"pid":24628,"hostname":"Innocentius","requestId":"8cdee656-9310-4861-9bcb-9ebb13f2a4e3","url":"http://localhost:3000/api/measurements/new","method":"GET","msg":"API success","duration":200,"query":{}}
{"level":30,"time":1778179941762,"pid":24628,"hostname":"Innocentius","requestId":"d25ce109-4cc6-4467-aa51-98f83e022e23","url":"http://localhost:3000/api/measurements/new","method":"GET","msg":"API success","duration":100,"query":{}}
{"level":30,"time":1778179941776,"pid":24628,"hostname":"Innocentius","requestId":"8bb8c864-cc82-43ee-8586-5f34b3ebea40","url":"http://localhost:3000/api/analytics","method":"POST","msg":"analytics event","event":"page_load_timing","sessionId":"7ef22187-ac78-4b6d-9549-0465b535ca70"}
{"level":30,"time":1778179941776,"pid":24628,"hostname":"Innocentius","requestId":"5c36cc32-35d5-45a4-94b1-97264307e73b","url":"http://localhost:3000/api/analytics","method":"POST","msg":"analytics event","event":"page_view","sessionId":"7ef22187-ac78-4b6d-9549-0465b535ca70"}
{"level":40,"time":1778179941777,"pid":24628,"hostname":"Innocentius","requestId":"8bb8c864-cc82-43ee-8586-5f34b3ebea40","url":"http://localhost:3000/api/analytics","method":"POST","msg":"Slow request","duration":900}
{"level":30,"time":1778179941778,"pid":24628,"hostname":"Innocentius","requestId":"8bb8c864-cc82-43ee-8586-5f34b3ebea40","url":"http://localhost:3000/api/analytics","method":"POST","msg":"API success","duration":900,"query":{}}
{"level":40,"time":1778179941779,"pid":24628,"hostname":"Innocentius","requestId":"5c36cc32-35d5-45a4-94b1-97264307e73b","url":"http://localhost:3000/api/analytics","method":"POST","msg":"Slow request","duration":950}
{"level":30,"time":1778179941779,"pid":24628,"hostname":"Innocentius","requestId":"5c36cc32-35d5-45a4-94b1-97264307e73b","url":"http://localhost:3000/api/analytics","method":"POST","msg":"API success","duration":950,"query":{}}
{"level":30,"time":1778179942947,"pid":24628,"hostname":"Innocentius","requestId":"e01730f2-718d-44d7-b1e1-267d5f9922c3","url":"http://localhost:3000/api/analytics","method":"POST","msg":"analytics event","event":"session_end","sessionId":"7ef22187-ac78-4b6d-9549-0465b535ca70"}
{"level":30,"time":1778179942948,"pid":24628,"hostname":"Innocentius","requestId":"e01730f2-718d-44d7-b1e1-267d5f9922c3","url":"http://localhost:3000/api/analytics","method":"POST","msg":"API success","duration":50,"query":{}}
{"level":30,"time":1778179946678,"pid":24628,"hostname":"Innocentius","requestId":"bee29209-8d25-4fd7-a324-e7f632b9dc2b","url":"http://localhost:3000/api/analytics","method":"POST","msg":"analytics event","event":"map_zoom_changed","sessionId":"7ef22187-ac78-4b6d-9549-0465b535ca70"}
{"level":30,"time":1778179946679,"pid":24628,"hostname":"Innocentius","requestId":"bee29209-8d25-4fd7-a324-e7f632b9dc2b","url":"http://localhost:3000/api/analytics","method":"POST","msg":"API success","duration":50,"query":{}}
{"level":30,"time":1778179948397,"pid":24628,"hostname":"Innocentius","requestId":"27f6b0c4-497e-4ac6-a3eb-e31c7871ac42","url":"http://localhost:3000/api/analytics","method":"POST","msg":"analytics event","event":"map_station_selected","sessionId":"7ef22187-ac78-4b6d-9549-0465b535ca70"}
{"level":30,"time":1778179948399,"pid":24628,"hostname":"Innocentius","requestId":"27f6b0c4-497e-4ac6-a3eb-e31c7871ac42","url":"http://localhost:3000/api/analytics","method":"POST","msg":"API success","duration":50,"query":{}}
{"level":30,"time":1778179948437,"pid":24628,"hostname":"Innocentius","requestId":"db036b03-455f-420b-a494-90f1bed6929a","url":"http://localhost:3000/api/measurements?stationId=3","method":"GET","msg":"API success","duration":0,"query":{"stationId":"3"}}
{"level":30,"time":1778179952016,"pid":24628,"hostname":"Innocentius","requestId":"519163b3-1b46-4404-8678-602cc611a4ac","url":"http://localhost:3000/api/analytics","method":"POST","msg":"analytics event","event":"map_station_selected","sessionId":"7ef22187-ac78-4b6d-9549-0465b535ca70"}
{"level":30,"time":1778179952017,"pid":24628,"hostname":"Innocentius","requestId":"519163b3-1b46-4404-8678-602cc611a4ac","url":"http://localhost:3000/api/analytics","method":"POST","msg":"API success","duration":200,"query":{}}
{"level":30,"time":1778179952044,"pid":24628,"hostname":"Innocentius","requestId":"feba51fe-3a17-47df-aa87-0efe190692a2","url":"http://localhost:3000/api/measurements?stationId=2","method":"GET","msg":"API success","duration":0,"query":{"stationId":"2"}}
{"level":30,"time":1778179954824,"pid":24628,"hostname":"Innocentius","requestId":"4105411c-c5f7-4f7b-9ba9-b69f433d7ecb","url":"http://localhost:3000/api/analytics","method":"POST","msg":"analytics event","event":"map_station_selected","sessionId":"7ef22187-ac78-4b6d-9549-0465b535ca70"}
{"level":30,"time":1778179954825,"pid":24628,"hostname":"Innocentius","requestId":"4105411c-c5f7-4f7b-9ba9-b69f433d7ecb","url":"http://localhost:3000/api/analytics","method":"POST","msg":"API success","duration":50,"query":{}}
{"level":30,"time":1778179954853,"pid":24628,"hostname":"Innocentius","requestId":"dc0234b0-4452-42c3-aa49-4478c8ebfdce","url":"http://localhost:3000/api/measurements?stationId=4","method":"GET","msg":"API success","duration":0,"query":{"stationId":"4"}}
{"level":30,"time":1778179959662,"pid":24628,"hostname":"Innocentius","requestId":"db17f65c-2785-41f2-a1a7-dc04193cc6d6","url":"http://localhost:3000/api/stations/2","method":"GET","msg":"API success","duration":50,"query":{}}
{"level":30,"time":1778179959723,"pid":24628,"hostname":"Innocentius","requestId":"3f350e80-ccd9-494c-af3e-c1726f1bd556","url":"http://localhost:3000/api/measurements?stationId=2","method":"GET","msg":"API success","duration":0,"query":{"stationId":"2"}}
{"level":30,"time":1778179959908,"pid":24628,"hostname":"Innocentius","requestId":"aa5a09aa-6dfd-479a-9ae2-7e6a1a3164ce","url":"http://localhost:3000/api/analytics","method":"POST","msg":"analytics event","event":"page_view","sessionId":"7ef22187-ac78-4b6d-9549-0465b535ca70"}
{"level":30,"time":1778179959908,"pid":24628,"hostname":"Innocentius","requestId":"0f569b89-bfa1-46e6-988b-d4f9328a8900","url":"http://localhost:3000/api/analytics","method":"POST","msg":"analytics event","event":"station_detail_viewed","sessionId":"7ef22187-ac78-4b6d-9549-0465b535ca70"}
{"level":30,"time":1778179959908,"pid":24628,"hostname":"Innocentius","requestId":"e54e9200-c29f-4a3e-8276-d7759a6a4134","url":"http://localhost:3000/api/analytics","method":"POST","msg":"analytics event","event":"station_detail_viewed","sessionId":"7ef22187-ac78-4b6d-9549-0465b535ca70"}
{"level":30,"time":1778179959910,"pid":24628,"hostname":"Innocentius","requestId":"aa5a09aa-6dfd-479a-9ae2-7e6a1a3164ce","url":"http://localhost:3000/api/analytics","method":"POST","msg":"API success","duration":200,"query":{}}
{"level":30,"time":1778179959912,"pid":24628,"hostname":"Innocentius","requestId":"0f569b89-bfa1-46e6-988b-d4f9328a8900","url":"http://localhost:3000/api/analytics","method":"POST","msg":"API success","duration":250,"query":{}}
{"level":30,"time":1778179959913,"pid":24628,"hostname":"Innocentius","requestId":"e54e9200-c29f-4a3e-8276-d7759a6a4134","url":"http://localhost:3000/api/analytics","method":"POST","msg":"API success","duration":300,"query":{}}
{"level":30,"time":1778179965678,"pid":24628,"hostname":"Innocentius","requestId":"0b881496-5a21-4061-aee3-7a1c5cf8f14a","url":"http://localhost:3000/api/analytics","method":"POST","msg":"analytics event","event":"session_end","sessionId":"7ef22187-ac78-4b6d-9549-0465b535ca70"}
{"level":30,"time":1778179965680,"pid":24628,"hostname":"Innocentius","requestId":"0b881496-5a21-4061-aee3-7a1c5cf8f14a","url":"http://localhost:3000/api/analytics","method":"POST","msg":"API success","duration":100,"query":{}}
{"level":30,"time":1778179967108,"pid":24628,"hostname":"Innocentius","requestId":"6b83307d-f2c9-4fe6-99e5-bc1654c3e5c0","url":"http://localhost:3000/api/stations/2","method":"GET","msg":"API success","duration":0,"query":{}}
{"level":30,"time":1778179967167,"pid":24628,"hostname":"Innocentius","requestId":"a17b36f8-4af5-4fd5-93f0-c2d87224e29c","url":"http://localhost:3000/api/measurements?stationId=2","method":"GET","msg":"API success","duration":0,"query":{"stationId":"2"}}
{"level":30,"time":1778179969567,"pid":24628,"hostname":"Innocentius","requestId":"2229701c-427a-4525-8785-c102f94201fb","url":"http://localhost:3000/api/analytics","method":"POST","msg":"analytics event","event":"page_load_timing","sessionId":"7ef22187-ac78-4b6d-9549-0465b535ca70"}
{"level":30,"time":1778179969567,"pid":24628,"hostname":"Innocentius","requestId":"9b034a62-e69a-4c9c-8cec-9d3ba9262fdd","url":"http://localhost:3000/api/analytics","method":"POST","msg":"analytics event","event":"page_view","sessionId":"7ef22187-ac78-4b6d-9549-0465b535ca70"}
{"level":30,"time":1778179969568,"pid":24628,"hostname":"Innocentius","requestId":"2229701c-427a-4525-8785-c102f94201fb","url":"http://localhost:3000/api/analytics","method":"POST","msg":"API success","duration":100,"query":{}}
{"level":30,"time":1778179969569,"pid":24628,"hostname":"Innocentius","requestId":"9b034a62-e69a-4c9c-8cec-9d3ba9262fdd","url":"http://localhost:3000/api/analytics","method":"POST","msg":"API success","duration":100,"query":{}}
{"level":30,"time":1778179969594,"pid":24628,"hostname":"Innocentius","requestId":"af10782d-24b5-4491-89f6-33abd45cb768","url":"http://localhost:3000/api/analytics","method":"POST","msg":"analytics event","event":"station_detail_viewed","sessionId":"7ef22187-ac78-4b6d-9549-0465b535ca70"}
{"level":30,"time":1778179969596,"pid":24628,"hostname":"Innocentius","requestId":"af10782d-24b5-4491-89f6-33abd45cb768","url":"http://localhost:3000/api/analytics","method":"POST","msg":"API success","duration":50,"query":{}}
{"level":30,"time":1778179981186,"pid":24628,"hostname":"Innocentius","requestId":"638a679e-fa42-493f-963f-922166b3d478","url":"http://localhost:3000/api/analytics","method":"POST","msg":"analytics event","event":"session_end","sessionId":"7ef22187-ac78-4b6d-9549-0465b535ca70"}
{"level":30,"time":1778179981191,"pid":24628,"hostname":"Innocentius","requestId":"638a679e-fa42-493f-963f-922166b3d478","url":"http://localhost:3000/api/analytics","method":"POST","msg":"API success","duration":150,"query":{}}
{"level":30,"time":1778179981437,"pid":24628,"hostname":"Innocentius","requestId":"1a6392a0-e9f4-4bac-a1e1-78e007abaa13","url":"http://localhost:3000/api/stations/2","method":"GET","msg":"API success","duration":50,"query":{}}
{"level":30,"time":1778179981523,"pid":24628,"hostname":"Innocentius","requestId":"7e0a933a-e249-4495-bd03-9253fbe84300","url":"http://localhost:3000/api/measurements?stationId=2","method":"GET","msg":"API success","duration":0,"query":{"stationId":"2"}}
{"level":30,"time":1778179983357,"pid":24628,"hostname":"Innocentius","requestId":"7ff1d29d-b9a1-4140-a06f-681ed02b0bbf","url":"http://localhost:3000/api/analytics","method":"POST","msg":"analytics event","event":"page_load_timing","sessionId":"7ef22187-ac78-4b6d-9549-0465b535ca70"}
{"level":30,"time":1778179983357,"pid":24628,"hostname":"Innocentius","requestId":"483c4c99-9dc3-4557-a52f-87f2de0167f3","url":"http://localhost:3000/api/analytics","method":"POST","msg":"analytics event","event":"page_view","sessionId":"7ef22187-ac78-4b6d-9549-0465b535ca70"}
{"level":30,"time":1778179983357,"pid":24628,"hostname":"Innocentius","requestId":"c91eb4ff-ae45-4604-b542-d941e5f844b1","url":"http://localhost:3000/api/analytics","method":"POST","msg":"analytics event","event":"station_detail_viewed","sessionId":"7ef22187-ac78-4b6d-9549-0465b535ca70"}
{"level":30,"time":1778179983359,"pid":24628,"hostname":"Innocentius","requestId":"7ff1d29d-b9a1-4140-a06f-681ed02b0bbf","url":"http://localhost:3000/api/analytics","method":"POST","msg":"API success","duration":250,"query":{}}
{"level":30,"time":1778179983360,"pid":24628,"hostname":"Innocentius","requestId":"483c4c99-9dc3-4557-a52f-87f2de0167f3","url":"http://localhost:3000/api/analytics","method":"POST","msg":"API success","duration":250,"query":{}}
{"level":30,"time":1778179983362,"pid":24628,"hostname":"Innocentius","requestId":"c91eb4ff-ae45-4604-b542-d941e5f844b1","url":"http://localhost:3000/api/analytics","method":"POST","msg":"API success","duration":300,"query":{}}
{"level":30,"time":1778179984847,"pid":24628,"hostname":"Innocentius","requestId":"cb79df82-4544-4d84-b2b3-2109de095418","url":"http://localhost:3000/api/stations/2","method":"GET","msg":"API success","duration":0,"query":{}}
{"level":30,"time":1778179984914,"pid":24628,"hostname":"Innocentius","requestId":"e164efb6-7213-4717-b688-5ea4acdf29ab","url":"http://localhost:3000/api/measurements?stationId=2","method":"GET","msg":"API success","duration":0,"query":{"stationId":"2"}}
{"level":30,"time":1778179985073,"pid":24628,"hostname":"Innocentius","requestId":"a2bfa2fd-33d7-4de8-8cac-0304243dd988","url":"http://localhost:3000/api/analytics","method":"POST","msg":"analytics event","event":"session_end","sessionId":"7ef22187-ac78-4b6d-9549-0465b535ca70"}
{"level":30,"time":1778179985074,"pid":24628,"hostname":"Innocentius","requestId":"a2bfa2fd-33d7-4de8-8cac-0304243dd988","url":"http://localhost:3000/api/analytics","method":"POST","msg":"API success","duration":100,"query":{}}
{"level":30,"time":1778179986515,"pid":24628,"hostname":"Innocentius","requestId":"d19b111a-5d46-4836-96b3-fc4c5f921bcd","url":"http://localhost:3000/api/analytics","method":"POST","msg":"analytics event","event":"page_load_timing","sessionId":"7ef22187-ac78-4b6d-9549-0465b535ca70"}
{"level":30,"time":1778179986515,"pid":24628,"hostname":"Innocentius","requestId":"8655dd67-5a37-4175-96c4-ea4f64e835dd","url":"http://localhost:3000/api/analytics","method":"POST","msg":"analytics event","event":"page_view","sessionId":"7ef22187-ac78-4b6d-9549-0465b535ca70"}
{"level":30,"time":1778179986516,"pid":24628,"hostname":"Innocentius","requestId":"894ad5c4-dc10-49a0-a393-37ace9ab0c98","url":"http://localhost:3000/api/analytics","method":"POST","msg":"analytics event","event":"station_detail_viewed","sessionId":"7ef22187-ac78-4b6d-9549-0465b535ca70"}
{"level":30,"time":1778179986518,"pid":24628,"hostname":"Innocentius","requestId":"d19b111a-5d46-4836-96b3-fc4c5f921bcd","url":"http://localhost:3000/api/analytics","method":"POST","msg":"API success","duration":200,"query":{}}
{"level":30,"time":1778179986519,"pid":24628,"hostname":"Innocentius","requestId":"8655dd67-5a37-4175-96c4-ea4f64e835dd","url":"http://localhost:3000/api/analytics","method":"POST","msg":"API success","duration":250,"query":{}}
{"level":30,"time":1778179986520,"pid":24628,"hostname":"Innocentius","requestId":"894ad5c4-dc10-49a0-a393-37ace9ab0c98","url":"http://localhost:3000/api/analytics","method":"POST","msg":"API success","duration":250,"query":{}}
{"level":30,"time":1778179998772,"pid":24628,"hostname":"Innocentius","requestId":"291bb147-94a2-4e74-bde3-e74ed67d7849","url":"http://localhost:3000/api/analytics","method":"POST","msg":"analytics event","event":"session_end","sessionId":"7ef22187-ac78-4b6d-9549-0465b535ca70"}
{"level":30,"time":1778179998774,"pid":24628,"hostname":"Innocentius","requestId":"291bb147-94a2-4e74-bde3-e74ed67d7849","url":"http://localhost:3000/api/analytics","method":"POST","msg":"API success","duration":50,"query":{}}
{"level":30,"time":1778180039438,"pid":24628,"hostname":"Innocentius","requestId":"2e8d6dde-72c0-40a5-9cf1-09380b8e49a1","url":"http://localhost:3000/api/analytics","method":"POST","msg":"analytics event","event":"session_end","sessionId":"7ef22187-ac78-4b6d-9549-0465b535ca70"}
{"level":30,"time":1778180039439,"pid":24628,"hostname":"Innocentius","requestId":"2e8d6dde-72c0-40a5-9cf1-09380b8e49a1","url":"http://localhost:3000/api/analytics","method":"POST","msg":"API success","duration":50,"query":{}}
{"level":30,"time":1778180080372,"pid":24628,"hostname":"Innocentius","requestId":"4b5f7075-ffb3-46fc-a972-dd2962f4081b","url":"http://localhost:3000/api/stations/all","method":"GET","msg":"API success","duration":0,"query":{}}
{"level":30,"time":1778180080436,"pid":24628,"hostname":"Innocentius","requestId":"ba16af70-19bf-4dca-b37d-32005dc13793","url":"http://localhost:3000/api/measurements/new","method":"GET","msg":"API success","duration":0,"query":{}}
{"level":30,"time":1778180080624,"pid":24628,"hostname":"Innocentius","requestId":"4316145b-3587-4e15-8adb-0ed49bcf69aa","url":"http://localhost:3000/api/analytics","method":"POST","msg":"analytics event","event":"page_view","sessionId":"7ef22187-ac78-4b6d-9549-0465b535ca70"}
{"level":30,"time":1778180080625,"pid":24628,"hostname":"Innocentius","requestId":"4316145b-3587-4e15-8adb-0ed49bcf69aa","url":"http://localhost:3000/api/analytics","method":"POST","msg":"API success","duration":50,"query":{}}
{"level":30,"time":1778180080922,"pid":24628,"hostname":"Innocentius","requestId":"47c25d59-3b8b-41fc-ae7c-998f0d99ddc6","url":"http://localhost:3000/api/measurements/new","method":"GET","msg":"API success","duration":50,"query":{}}
{"level":30,"time":1778180080924,"pid":24628,"hostname":"Innocentius","requestId":"7f18fbe4-69fb-4aca-9b5c-6047dc79039f","url":"http://localhost:3000/api/measurements/new","method":"GET","msg":"API success","duration":50,"query":{}}
{"level":30,"time":1778180085022,"pid":24628,"hostname":"Innocentius","requestId":"fffa0541-9237-48d2-8b1f-ae009c7fa619","url":"http://localhost:3000/api/analytics","method":"POST","msg":"analytics event","event":"session_end","sessionId":"7ef22187-ac78-4b6d-9549-0465b535ca70"}
{"level":30,"time":1778180085023,"pid":24628,"hostname":"Innocentius","requestId":"fffa0541-9237-48d2-8b1f-ae009c7fa619","url":"http://localhost:3000/api/analytics","method":"POST","msg":"API success","duration":150,"query":{}}
{"level":30,"time":1778180086255,"pid":24628,"hostname":"Innocentius","requestId":"4f4e0906-447b-4c52-9516-c2b5c16f912f","url":"http://localhost:3000/api/stations/all","method":"GET","msg":"API success","duration":50,"query":{}}
{"level":30,"time":1778180086316,"pid":24628,"hostname":"Innocentius","requestId":"f4298f22-2799-476f-aace-7cb5b93e3d56","url":"http://localhost:3000/api/measurements/new","method":"GET","msg":"API success","duration":50,"query":{}}
{"level":30,"time":1778180088359,"pid":24628,"hostname":"Innocentius","requestId":"997a6989-418d-458e-bff6-add481fd403c","url":"http://localhost:3000/api/analytics","method":"POST","msg":"analytics event","event":"page_load_timing","sessionId":"7ef22187-ac78-4b6d-9549-0465b535ca70"}
{"level":30,"time":1778180088359,"pid":24628,"hostname":"Innocentius","requestId":"76b2f6ff-4aa5-4773-8ea6-094cbd5cae9d","url":"http://localhost:3000/api/analytics","method":"POST","msg":"analytics event","event":"page_view","sessionId":"7ef22187-ac78-4b6d-9549-0465b535ca70"}
{"level":30,"time":1778180088359,"pid":24628,"hostname":"Innocentius","requestId":"997a6989-418d-458e-bff6-add481fd403c","url":"http://localhost:3000/api/analytics","method":"POST","msg":"API success","duration":150,"query":{}}
{"level":30,"time":1778180088361,"pid":24628,"hostname":"Innocentius","requestId":"76b2f6ff-4aa5-4773-8ea6-094cbd5cae9d","url":"http://localhost:3000/api/analytics","method":"POST","msg":"API success","duration":100,"query":{}}
{"level":30,"time":1778180088662,"pid":24628,"hostname":"Innocentius","requestId":"df14eeb3-1ea2-420b-b2a3-6260920f75d1","url":"http://localhost:3000/api/measurements/new","method":"GET","msg":"API success","duration":0,"query":{}}
{"level":30,"time":1778180088676,"pid":24628,"hostname":"Innocentius","requestId":"c076246d-a2c2-40e9-972b-2f757d5e2734","url":"http://localhost:3000/api/measurements/new","method":"GET","msg":"API success","duration":50,"query":{}}
{"level":30,"time":1778180112181,"pid":24628,"hostname":"Innocentius","requestId":"4c4a50b6-80a9-4b4d-aa63-49cda3bfbb4f","url":"http://localhost:3000/api/analytics","method":"POST","msg":"analytics event","event":"session_end","sessionId":"7ef22187-ac78-4b6d-9549-0465b535ca70"}
{"level":30,"time":1778180112183,"pid":24628,"hostname":"Innocentius","requestId":"4c4a50b6-80a9-4b4d-aa63-49cda3bfbb4f","url":"http://localhost:3000/api/analytics","method":"POST","msg":"API success","duration":50,"query":{}}
{"level":30,"time":1778180112372,"pid":24628,"hostname":"Innocentius","requestId":"fa9ff197-9711-4e01-89d1-5178d429bcca","url":"http://localhost:3000/api/stations/all","method":"GET","msg":"API success","duration":50,"query":{}}
{"level":30,"time":1778180112428,"pid":24628,"hostname":"Innocentius","requestId":"221c3265-7416-4adc-867b-8b3fcf4daab2","url":"http://localhost:3000/api/measurements/new","method":"GET","msg":"API success","duration":0,"query":{}}
{"level":30,"time":1778180114017,"pid":24628,"hostname":"Innocentius","requestId":"3189ddca-fa00-4dfc-8929-408d6f3ef2ed","url":"http://localhost:3000/api/analytics","method":"POST","msg":"analytics event","event":"page_load_timing","sessionId":"7ef22187-ac78-4b6d-9549-0465b535ca70"}
{"level":30,"time":1778180114017,"pid":24628,"hostname":"Innocentius","requestId":"0aeda4b8-e7c7-4e04-8b5a-3b1a9f915dea","url":"http://localhost:3000/api/analytics","method":"POST","msg":"analytics event","event":"page_view","sessionId":"7ef22187-ac78-4b6d-9549-0465b535ca70"}
{"level":30,"time":1778180114019,"pid":24628,"hostname":"Innocentius","requestId":"3189ddca-fa00-4dfc-8929-408d6f3ef2ed","url":"http://localhost:3000/api/analytics","method":"POST","msg":"API success","duration":150,"query":{}}
{"level":30,"time":1778180114021,"pid":24628,"hostname":"Innocentius","requestId":"0aeda4b8-e7c7-4e04-8b5a-3b1a9f915dea","url":"http://localhost:3000/api/analytics","method":"POST","msg":"API success","duration":200,"query":{}}
{"level":30,"time":1778180114731,"pid":24628,"hostname":"Innocentius","requestId":"093c3754-d4c7-42c9-92f6-f3d9e8c61b6c","url":"http://localhost:3000/api/measurements/new","method":"GET","msg":"API success","duration":0,"query":{}}
{"level":30,"time":1778180114732,"pid":24628,"hostname":"Innocentius","requestId":"af53c310-8328-45a6-b178-7372e6098868","url":"http://localhost:3000/api/measurements/new","method":"GET","msg":"API success","duration":50,"query":{}}
{"level":30,"time":1778180114873,"pid":24628,"hostname":"Innocentius","requestId":"a241f87d-ed37-44ab-8a43-65aab3050caa","url":"http://localhost:3000/api/stations/all","method":"GET","msg":"API success","duration":0,"query":{}}
{"level":30,"time":1778180114936,"pid":24628,"hostname":"Innocentius","requestId":"04dd4f80-124e-464c-b5fa-cfa1c8a5f446","url":"http://localhost:3000/api/measurements/new","method":"GET","msg":"API success","duration":0,"query":{}}
{"level":30,"time":1778180115082,"pid":24628,"hostname":"Innocentius","requestId":"696ef98c-f5e1-489f-9761-81899e7bebe1","url":"http://localhost:3000/api/analytics","method":"POST","msg":"analytics event","event":"session_end","sessionId":"7ef22187-ac78-4b6d-9549-0465b535ca70"}
{"level":30,"time":1778180115083,"pid":24628,"hostname":"Innocentius","requestId":"696ef98c-f5e1-489f-9761-81899e7bebe1","url":"http://localhost:3000/api/analytics","method":"POST","msg":"API success","duration":100,"query":{}}
{"level":30,"time":1778180116427,"pid":24628,"hostname":"Innocentius","requestId":"643fac09-2853-4dc9-838b-d585248f0e80","url":"http://localhost:3000/api/analytics","method":"POST","msg":"analytics event","event":"page_load_timing","sessionId":"7ef22187-ac78-4b6d-9549-0465b535ca70"}
{"level":30,"time":1778180116427,"pid":24628,"hostname":"Innocentius","requestId":"89498639-9c9a-4a07-b7d4-c12582a7571b","url":"http://localhost:3000/api/analytics","method":"POST","msg":"analytics event","event":"page_view","sessionId":"7ef22187-ac78-4b6d-9549-0465b535ca70"}
{"level":30,"time":1778180116429,"pid":24628,"hostname":"Innocentius","requestId":"643fac09-2853-4dc9-838b-d585248f0e80","url":"http://localhost:3000/api/analytics","method":"POST","msg":"API success","duration":150,"query":{}}
{"level":30,"time":1778180116430,"pid":24628,"hostname":"Innocentius","requestId":"89498639-9c9a-4a07-b7d4-c12582a7571b","url":"http://localhost:3000/api/analytics","method":"POST","msg":"API success","duration":150,"query":{}}
{"level":30,"time":1778180116650,"pid":24628,"hostname":"Innocentius","requestId":"79b544b2-a16f-4826-b927-4c67d64299f9","url":"http://localhost:3000/api/measurements/new","method":"GET","msg":"API success","duration":50,"query":{}}
{"level":30,"time":1778180116651,"pid":24628,"hostname":"Innocentius","requestId":"fb1662cf-ac76-4bf6-b4af-41788aa8d646","url":"http://localhost:3000/api/measurements/new","method":"GET","msg":"API success","duration":100,"query":{}}
{"level":30,"time":1778180120799,"pid":24628,"hostname":"Innocentius","requestId":"7e080518-d931-4572-9921-a29fb4e71977","url":"http://localhost:3000/api/analytics","method":"POST","msg":"analytics event","event":"session_end","sessionId":"7ef22187-ac78-4b6d-9549-0465b535ca70"}
{"level":30,"time":1778180120800,"pid":24628,"hostname":"Innocentius","requestId":"7e080518-d931-4572-9921-a29fb4e71977","url":"http://localhost:3000/api/analytics","method":"POST","msg":"API success","duration":50,"query":{}}
{"level":30,"time":1778180273241,"pid":24628,"hostname":"Innocentius","requestId":"f340c681-6b70-4ab2-acb3-923c041dece4","url":"http://localhost:3000/api/analytics","method":"POST","msg":"analytics event","event":"session_end","sessionId":"7ef22187-ac78-4b6d-9549-0465b535ca70"}
{"level":30,"time":1778180273242,"pid":24628,"hostname":"Innocentius","requestId":"f340c681-6b70-4ab2-acb3-923c041dece4","url":"http://localhost:3000/api/analytics","method":"POST","msg":"API success","duration":100,"query":{}}
{"level":30,"time":1778180350829,"pid":24628,"hostname":"Innocentius","requestId":"b9bebb48-16d6-456c-ae3f-452b0785e629","url":"http://localhost:3000/api/analytics","method":"POST","msg":"analytics event","event":"session_end","sessionId":"7ef22187-ac78-4b6d-9549-0465b535ca70"}
{"level":30,"time":1778180350833,"pid":24628,"hostname":"Innocentius","requestId":"b9bebb48-16d6-456c-ae3f-452b0785e629","url":"http://localhost:3000/api/analytics","method":"POST","msg":"API success","duration":100,"query":{}}
